neon02071_jpg.rf.9288f7b228ab67d179c9e483b6ae86c0.jpg,0,1,0,0
sova01191_jpg.rf.08e33593da5ff47a8564ab7b825f11ff.jpg,1,0,0,0
dm08901_jpg.rf.6c639c1bbc5cff2a67e70a5ca940ce8b.jpg,1,0,0,0
skye01241_jpg.rf.2a95c1da50e84f8f69b62ab36b2b52e1.jpg,1,0,0,0
raze01301_jpg.rf.d10aca2809419588900a086c034701bc.jpg,1,0,0,0
pheonix00461_jpg.rf.c34fc163ed3342d6f72d3335ec9f13fb.jpg,1,0,0,0
droppedspikerino01181_jpg.rf.6859c2532bc0bb46e094a3dc54eaeaa8.jpg,0,0,0,1
teammate00431_jpg.rf.41dcdb9a041e30b6253d5a36e4886128.jpg,0,1,0,1
dm08636_jpg.rf.11feadf26415ae834f319a1e20643732.jpg,1,0,0,0
sova01201_jpg.rf.fa3965ef37aeff2ecaf76740e1ce4950.jpg,1,0,0,0
dm08726_jpg.rf.28e9ca426e07804af73f1f84d8096450.jpg,1,0,0,0
killjoy00441_jpg.rf.c3fa703171713e230e1a53c223662a08.jpg,1,0,0,0
teammmate02351_jpg.rf.3544d3de13b5e17bd24f1d31bc06341e.jpg,0,1,0,0
enemy300051_jpg.rf.9a804c22c9beb73277d9f601d3c2543e.jpg,1,0,0,0
skye00281_jpg.rf.85c1fc9b1b78d5a22d9a8af49304f653.jpg,1,0,0,0
dm17681_jpg.rf.6ba38010478ae4e4235a498fb6fb7b9a.jpg,1,0,0,0
ennemy200551_jpg.rf.527ba941181d16b630170af42cef12a0.jpg,1,0,0,0
dm17676_jpg.rf.e601e3d24be5636b71727ad6302c11e4.jpg,1,0,0,0
reyna01191_jpg.rf.fb274b95bc66b9e78acc5462c3ee4899.jpg,1,0,0,0
omen01451_jpg.rf.3492dded5e19a427fa7ba55ebc2e0958.jpg,1,0,0,0
defuser100541_jpg.rf.4cd176ea684b0a6a1ebe3de521306fe6.jpg,1,0,1,0
sage00631_jpg.rf.aedeb34eb4970ad781ebac4f7d8cd4fa.jpg,1,0,0,0
neon00681_jpg.rf.0a7e81c8db2df3d27b37c60034fa6107.jpg,1,0,0,0
killjoy00291_jpg.rf.1a4fc5e37162d4e3fa7929e17ddf524c.jpg,1,0,0,0
enemy00571_jpg.rf.b13266d58a74b519b0db3c75f99f31d7.jpg,1,0,0,0
killjoy00301_jpg.rf.5ef7347a29a154cb70d00e5a428faf3a.jpg,1,0,0,0
neon02461_jpg.rf.1cf90e8da1de2df57a14a697d0f8b1e6.jpg,0,1,0,0
dm05271_jpg.rf.c3685bf9b36ec913258752656ff69d7e.jpg,1,0,0,0
enemy300341_jpg.rf.1f67e3a735d6e5c4ffa6673e099a4a1e.jpg,1,0,0,0
teammmate01851_jpg.rf.5be57868e47055952f90e77204fd00d0.jpg,0,1,0,0
neon02441_jpg.rf.d8f8709139b78e2ec026a2d50953b2e0.jpg,0,1,0,0
droppedspikerino01571_jpg.rf.3d113f42381130b8cef638fe89e37795.jpg,0,0,0,1
ennemy01221_jpg.rf.3b6c56a658a8c02e546c372af49a2979.jpg,1,0,0,0
dm08776_jpg.rf.4f8bcf1c7179d1a7d58ec500d0192a9d.jpg,1,0,0,0
enemy300011_jpg.rf.e6dbc70df3a5f82b877075f38058d394.jpg,1,0,0,0
orb01261_jpg.rf.5434baf10a11dc023a7b86daf2bffa08.jpg,0,0,1,0
neon02361_jpg.rf.451895aed49192cc5827c1dd94081fc6.jpg,0,1,0,0
dm16401_jpg.rf.34cb7fe0a0c8b44b229b594a6b2dfe9a.jpg,1,0,0,0
teammate01431_jpg.rf.60ed258648669031a9c31ad854f45899.jpg,0,1,0,1
ennemy200281_jpg.rf.3748a8d982eb68dc358c96a497b9bd89.jpg,1,0,0,0
teammate01561_jpg.rf.e40cb57520374fdcdbc2ec1c0ea1fa58.jpg,0,1,0,0
orb02331_jpg.rf.a5570973ab161b4867ded99799e36e30.jpg,0,0,1,0
enemy300401_jpg.rf.d57ebca2947fbd98469ffe5e53b45b42.jpg,1,0,0,0
defuser101521_jpg.rf.23267914ad1c5ddf9378b01642a85025.jpg,1,0,1,0
enemy300131_jpg.rf.b8da8d3dcaf882b2c9a29333b46e529f.jpg,1,0,0,0
ennemy200571_jpg.rf.0ce7d291224487eca36dcbdad8f5a24b.jpg,1,0,0,0
teammmate2203371_jpg.rf.0104d3a3bd01721bd797c9466ceefa40.jpg,0,1,0,0
teammate101801_jpg.rf.7e387efed9725e745801d2a822c0f206.jpg,0,1,0,0
defuser00491_jpg.rf.5dec498c422399764cc35eb4621ff277.jpg,1,0,0,0
teammate200381_jpg.rf.aaca7f136035a3648f61caa13a073705.jpg,0,1,0,0
enemy300451_jpg.rf.44d1d31d900e53469c03e85b4a9c8a9a.jpg,1,0,0,0
reyna01221_jpg.rf.c82abb1dbae1cb30a27bee1717b80f26.jpg,1,0,0,0
defuser101111_jpg.rf.90b65fd72bc004dad98e52c9a76afa7e.jpg,1,0,1,0
dm12206_jpg.rf.99d77b7fad34a3b7effa60a3f256429a.jpg,1,0,0,0
ennemy00511_jpg.rf.965c4da6d161e41ea5f49dc140579eb9.jpg,1,0,0,0
omen01001_jpg.rf.0e2ceda5bad77108b986567a335934cf.jpg,1,0,0,0
skye00461_jpg.rf.0ebbae4f269ed18b994be575c129cae8.jpg,1,0,0,0
orb02351_jpg.rf.4d86d5df8af6287d7efdd7aa81d74f5f.jpg,0,0,1,0
enemy300651_jpg.rf.f84f40e068c299efdcf3227b1ee005e8.jpg,1,0,0,0
orb01291_jpg.rf.bbc84473e07cda582066f438e078c33c.jpg,0,0,1,0
skye00691_jpg.rf.d9d849901894026ccbd5dbf040284eb0.jpg,1,0,0,0
teammate300431_jpg.rf.de56b60ea8e8986596fa4af5420cbfc5.jpg,0,1,0,0
dm12771_jpg.rf.25531c31922781a1d16ba14c74de9835.jpg,1,0,0,0
droppedspikerino00551_jpg.rf.0e81afad05314510f3a886290c357701.jpg,0,0,0,1
enemy02121_jpg.rf.3b7fdaf9091fa02ff41551f778fdcad0.jpg,1,0,0,0
plantedspike00091_jpg.rf.ea00cb174d1bfdd71503048c40a920f5.jpg,0,0,1,0
enemy301231_jpg.rf.ddac18e812846b1535f8721bf3e5625a.jpg,1,0,0,0
droppedspike00941_jpg.rf.8dd7594400a7e5215984ad3f4354c707.jpg,0,0,0,1
pheonix00181_jpg.rf.3715a1259449d0273fe2766f6513b4a1.jpg,1,0,0,0
droppedspikerino00661_jpg.rf.d26c65de4613e35d334e16cf0a638529.jpg,0,0,0,1
pheonix00011_jpg.rf.c148cfe23ce482b6a7330e17e20075df.jpg,1,0,0,0
dm02686_jpg.rf.a3db476654d39963810addc186e874eb.jpg,1,0,0,0
droppedspike00551_jpg.rf.8c4cc71690773336d008d9203d241f61.jpg,0,0,0,1
teammmate2202871_jpg.rf.1a5fff71f4fb3c84f6a1f86923b8ac57.jpg,0,1,0,0
raze01311_jpg.rf.9a73f79a37441e58a8624ef9faf67148.jpg,1,0,0,0
teammate200081_jpg.rf.75deca2284823118143dae51e85014a2.jpg,0,1,0,0
dm08831_jpg.rf.35b767b1088e106b5beb35e3ef14306a.jpg,1,0,0,0
sage00461_jpg.rf.5ccf0f53d7310e3d24f3985d3e76ef8a.jpg,1,0,0,0
dm01101_jpg.rf.cfc9034d6eb762248dcab8e59faf618e.jpg,1,0,0,0
teammmate02341_jpg.rf.b887fd5e2c7cf22ec3cc4282ee0fbadf.jpg,0,1,0,0
sova02021_jpg.rf.98990529f91377addaf9e43992fda909.jpg,0,1,0,0
sova02711_jpg.rf.8becf18d0009b53deb57007b2bd8d5a9.jpg,0,1,0,0
droppedspike00961_jpg.rf.0a5b50b5daf0265d8f440d19a58c548a.jpg,0,0,0,1
reyna00731_jpg.rf.0c5579e0296041445e5379c14444ebe3.jpg,1,0,0,0
teammate100111_jpg.rf.68d326d710f7b8664ac7cc50140f7fcf.jpg,0,1,0,0
teammate100281_jpg.rf.f54ab44f2b35caa3ad1c2fe6a557efcb.jpg,0,1,0,0
teammmate3300401_jpg.rf.029cb336434d35fa55a088b62d8641ae.jpg,0,1,0,0
teammmate2201901_jpg.rf.1ad14fc09b5a1352f3ae0f1f6b7a50d2.jpg,0,1,0,0
skye01741_jpg.rf.2d01f1150cb05b2bf6454bd61068542c.jpg,0,1,0,0
sage01311_jpg.rf.a9523c1301b2b210fd78cc223729ecee.jpg,1,0,0,0
omen02091_jpg.rf.c17a3a7df4ce4ff8082a20ae90438f67.jpg,0,1,0,0
teammate00021_jpg.rf.3f6e9fc4446f780e2e1ceceafad470e5.jpg,0,1,0,1
teammate100321_jpg.rf.2268ce5ed3305d0c59446c9e3423e883.jpg,0,1,0,0
teammate01421_jpg.rf.bba17ae3f508009fdf195e2294a58cd9.jpg,0,1,0,1
teammate00421_jpg.rf.aae6d99c3defaf8de25c4f8ac94a60fb.jpg,0,1,0,1
dm01266_jpg.rf.f6e0697a4fe86d675bcb9e2cfbb8f562.jpg,1,0,0,0
kayo00271_jpg.rf.8796c0152d7fdaab93ba90709dbb5817.jpg,1,0,0,0
defuser100581_jpg.rf.b5a97005634b370ecc9a9019c8fab1fa.jpg,1,0,1,0
orb01141_jpg.rf.36146aa5b2bcd3e467c7284293597481.jpg,0,0,1,0
dm01281_jpg.rf.623a210fa0919983137ebfea312e0204.jpg,1,0,0,0
droppedspikerino00631_jpg.rf.ce4386fff69135abd871c9357980915f.jpg,0,0,0,1
sova02591_jpg.rf.4f9b412a2a1d035ea0c78deaf28e1a35.jpg,0,1,0,0
pheonix00421_jpg.rf.46864c80391d0f47fa83c4a94a42d958.jpg,1,0,0,0
enemy02001_jpg.rf.ecc2be145f2f7ada9bce977f8c0735ad.jpg,1,0,0,0
teammmate02271_jpg.rf.370aef859dd7b6a451ee081e0d80a838.jpg,0,1,0,0
pheonix00021_jpg.rf.1f75f8ae5d47a948af2c1d6219ecd832.jpg,1,0,0,0
dm01276_jpg.rf.8b2ef7a1f7ad056aa35f8ffd8186d1d5.jpg,1,0,0,0
plantedspike01781_jpg.rf.ecc90e16ba8b8b3a85edb61af707e9e9.jpg,0,0,1,0
dm12211_jpg.rf.358557b38bf275627e1fcc02bbd7ff78.jpg,1,0,0,0
plantedspike00811_jpg.rf.f107e0f2547ada19d75e2ecdcc1cdd42.jpg,0,0,1,0
teammmate02111_jpg.rf.0f89ac4d435ca850f55c5ee3437a24af.jpg,0,1,0,0
enemy01981_jpg.rf.4009f4fd3ca24ec5755946739b96ba12.jpg,1,0,0,0
teammmate02321_jpg.rf.3c6c09a286ff100968ac735d25848490.jpg,0,1,0,0
teammate100271_jpg.rf.94bba68275051329c4c93f498d42e6f0.jpg,0,1,0,0
teammate101671_jpg.rf.c5ed723401078bd4b0046bed87047330.jpg,0,1,0,0
plantedspike00661_jpg.rf.b7edfff4222bfbab420e14d88aff295f.jpg,0,0,1,0
killjoy02041_jpg.rf.1cb7f7d400742c6afbabbdb57c47ae59.jpg,0,1,0,0
enemy02211_jpg.rf.10a32c859b496e39d6121edf834effb6.jpg,1,0,0,0
reyna01201_jpg.rf.ee58835b5eb6d89b8fa675d71b2a723d.jpg,1,0,0,0
droppedspikerino01091_jpg.rf.a13f4e5a91e223246b334c17b11418ef.jpg,0,0,0,1
plantedspike00631_jpg.rf.11f7ec1fd3727274e3b3a90b7b2c3963.jpg,0,0,1,0
droppedspike00891_jpg.rf.dd021d4c72694030783872a650b37b1f.jpg,0,0,0,1
teammate200201_jpg.rf.ffad54aeb12946fd74de4da2e3d95cee.jpg,0,1,0,0
teammate101511_jpg.rf.7eff63153af0aa78821fe89e12da7244.jpg,0,1,0,0
sova02411_jpg.rf.7bfcc123b3160fa49a2908e2b91fc581.jpg,0,1,0,0
ennemy201461_jpg.rf.0c48eec048688bb85920dcb57dc8c972.jpg,1,0,0,0
raze01851_jpg.rf.240fd7da65c9d77f7a5760f35ae20147.jpg,0,1,0,0
killjoy02351_jpg.rf.54c326a81525c500cd798406ae9d9c05.jpg,0,1,0,0
yoru00811_jpg.rf.8fc5d70a87703af1b729de0c68d8e5a0.jpg,1,0,0,0
dm11541_jpg.rf.e456c1a24037e9ba0672ea0719208fba.jpg,1,0,0,0
scena01241_jpg.rf.755dc65d4c96e266e5c4f36b81419b94.jpg,0,0,0,1
teammate100571_jpg.rf.537ae98f0283c80d30888430c4d0ee50.jpg,0,1,0,0
teammate101681_jpg.rf.6ab594bf73006019578c5d822060bb36.jpg,0,1,0,0
skye00311_jpg.rf.8354140f5a7439dd1962bd05a29b3626.jpg,1,0,0,0
enemy200011_jpg.rf.91f4aabbad35df3b9bbc91dbb70d3d0c.jpg,1,0,0,0
droppedspikerino01361_jpg.rf.bc66681789c78c78dd22a93365eaaafc.jpg,0,0,0,1
omen00051_jpg.rf.286d93a18ccda484d0e30381bd0ec1f9.jpg,1,0,0,0
enemy300361_jpg.rf.1f803bf427a8acd1a75f90b18bfc828d.jpg,1,0,0,0
teammate00041_jpg.rf.c84d8edbaf198c97d6e26596a8d9bf6a.jpg,0,1,0,1
skye01651_jpg.rf.b239202aea06444f6e00cb941ad48011.jpg,0,1,0,0
pheonix00501_jpg.rf.67a648502ae6fcfe493dd33d5160adf8.jpg,1,0,0,0
plantedspike00231_jpg.rf.69b951424e317d634a6f1330a2ce5015.jpg,0,0,1,0
teammate101051_jpg.rf.a5cb820965023d1b8942ee07ad641927.jpg,0,1,0,0
raze02351_jpg.rf.24307557878e6805a2882c7da642a396.jpg,0,1,0,0
teammate200131_jpg.rf.dfe7c4e74577e3cfe47e3a28064bd2ef.jpg,0,1,0,0
teammate00291_jpg.rf.a760373085a3fa9c7409f3fbd76e4b27.jpg,0,1,0,1
droppedspike00191_jpg.rf.a6d38b6641f1dc3775ecb7a0f2329e59.jpg,0,0,0,1
fade02681_jpg.rf.b103941c2199eb8624fff54818d5ca07.jpg,0,1,0,0
orb01401_jpg.rf.4a80cbd4329be95973f0a427adf40f3a.jpg,0,0,1,0
neon01101_jpg.rf.1cf5154df42a3a1f0247ddf6e440244a.jpg,1,0,0,0
dm05046_jpg.rf.b43e383a71151e5dd2991d2d7ed1dfe0.jpg,1,0,0,0
reyna00711_jpg.rf.57f1221a110f92392b274ed9225cd6fb.jpg,1,0,0,0
viper02941_jpg.rf.9839a54331afa84f014824f87153bfaa.jpg,0,1,0,0
defuser101531_jpg.rf.fd3b78eb431e58ceed65c7a038fc602d.jpg,1,0,1,0
dm08011_jpg.rf.61016002cfc9c1d6ed18621246cf2078.jpg,1,0,0,0
plantedspike00581_jpg.rf.0a29f6fca66a477592ae86023f7b3889.jpg,0,0,1,0
skye00641_jpg.rf.e90a5d0ef951d8825cd64e51fb7b389a.jpg,1,0,0,0
raze01041_jpg.rf.e7bf6ef4ad95845e7d259cc9fdd1aa1b.jpg,1,0,0,0
reyna01391_jpg.rf.cd30ccc5609efc597d053b20794365f0.jpg,0,1,0,0
neon01581_jpg.rf.1f3a71bd2c99c7342b420be5cdee112a.jpg,0,1,0,0
plantedspike00271_jpg.rf.642fcdd937ea398836500eb71e2c2c0f.jpg,0,0,1,0
neon00511_jpg.rf.5aae55f907814b4daff8432cf8f5beae.jpg,1,0,0,0
neon02191_jpg.rf.79b113f303577302b128ccd7866f234a.jpg,0,1,0,0
dm05041_jpg.rf.80d690946b2e6b315fbf91a99877fc7f.jpg,1,0,0,0
teammmate00541_jpg.rf.8a0ad5ad4b4105f06c09716bc0240123.jpg,0,1,0,0
skye01781_jpg.rf.0e9c56bc686df23069158676e6b428a9.jpg,0,1,0,0
enemy301321_jpg.rf.036150595e6df241841f5fb066aef4d5.jpg,1,0,0,0
enemy02081_jpg.rf.4c458840c72bd8965a0a047e33be48cf.jpg,1,0,0,0
chamberenemy00651_jpg.rf.2e23a18b70fc8995e06eafaed5e5fd0a.jpg,1,0,0,0
orb01121_jpg.rf.2de186fc4438a2ffd7c18527c0ed5804.jpg,0,0,1,0
dm02731_jpg.rf.3af71910772103753a149d0509b0338a.jpg,1,0,0,0
teammate200221_jpg.rf.9c231a9242f7bb8c0e7aa1c48f0ffbb5.jpg,0,1,0,0
pheonix00511_jpg.rf.337f8e587fa0c17145ceaa163bf47666.jpg,1,0,0,0
defuser00571_jpg.rf.bbef0eb03250b8541be146a2439c35dd.jpg,1,0,1,0
neon02391_jpg.rf.e1aea1d0edd36309b4ece8234b1e2b35.jpg,0,1,0,0
teammate200141_jpg.rf.3a0f43e45ed0a3f1ec0f8e85bb8af720.jpg,0,1,0,0
neon02381_jpg.rf.2e7db4dabdfb10b5fc67acbc8f4f7c9c.jpg,0,1,0,0
plantedspike00061_jpg.rf.b157d243564382831356d9a59b8d66a3.jpg,0,0,1,0
killjoy02441_jpg.rf.4c21044aab08d6906106085742803cfc.jpg,0,1,0,0
teammate100121_jpg.rf.db99b11dbca795ac308e8cc57ea20b19.jpg,0,1,0,0
omen01541_jpg.rf.b10eeae2b0e7ab725a0a56bb9872c43c.jpg,1,0,0,0
teammmate2202061_jpg.rf.0241e51f61a2be61115af6c0d7c54b44.jpg,0,1,0,0
enemy01771_jpg.rf.e1bb4e39c90f83fafdfc9735e086e62a.jpg,1,0,0,0
droppedspikerino00581_jpg.rf.622a4d5f9bf17b0a11f905d80082bc46.jpg,0,0,0,1
orb01181_jpg.rf.944e518b9dbd10833027d439d71f7e78.jpg,0,0,1,0
raze01161_jpg.rf.9d9485d3873ee6772388a8660598762c.jpg,1,0,0,0
dm16411_jpg.rf.f079626e05f8729e5ee7c621544d98b4.jpg,1,0,0,0
droppedspikerino01021_jpg.rf.999db26212b9d0e3bd45a4d04e31f35d.jpg,0,0,0,1
droppedspike00721_jpg.rf.b087ec30c2378c2013149a9b8f213855.jpg,0,0,0,1
sage00341_jpg.rf.5d48a952299d8c7bd12383809299fe81.jpg,1,0,0,0
ennemy200741_jpg.rf.e8dcc03443838f6d00d1a0b54cf3f2c2.jpg,1,0,0,0
droppedspikerino00941_jpg.rf.642f6deede82718261897bd3624733e9.jpg,0,0,0,1
enemy02131_jpg.rf.7f4850a3283a5e546aeb91a6c0fc5b0b.jpg,1,0,0,0
kayo00431_jpg.rf.d213bf18e1d52ae21af224b512c480d9.jpg,1,0,0,0
kayo00441_jpg.rf.c0b64b553152a76a4b7ce35bb59852b7.jpg,1,0,0,0
sova00841_jpg.rf.dcbedd71247027ac4bd2133a4e5efa50.jpg,1,0,0,0
chamberteammate00331_jpg.rf.6d5ade70a82186d9cadf5cd7dda5af03.jpg,0,1,0,0
plantedspike01891_jpg.rf.2e6d0b5b03f17c291ba43b2d091cdc28.jpg,0,0,1,0
orb00331_jpg.rf.a113b703383bd9a59ead65d67ea6e604.jpg,0,0,1,0
plantedspike00731_jpg.rf.e34869e5077677784a7807040cfca155.jpg,0,0,1,0
pheonix00491_jpg.rf.f551541308ad09c9e4d9344ee4e3402d.jpg,1,0,0,0
teammmate2201081_jpg.rf.d179b611f112599ac3cfced749ba7060.jpg,0,1,0,0
pheonix01651_jpg.rf.718470ea47824e5c6c9ce6c9f2221d64.jpg,0,1,0,0
defuser00321_jpg.rf.86d6e3ad2e3d65fe442818e4a8e4a7f2.jpg,1,0,1,0
neon02311_jpg.rf.144be1733b860204b14e04dc573ea59f.jpg,0,1,0,0
omen02371_jpg.rf.26a493cb6c60f8a7bc4706024662273d.jpg,0,1,0,0
dm08811_jpg.rf.5d07dc1627dd6404e2e08e4f34c1b71e.jpg,1,0,0,0
sova02311_jpg.rf.055e94987e07d61b6b74a141d02902bc.jpg,0,1,0,0
droppedspike00411_jpg.rf.186b229fa1f17d4b91d75f5ae7756c04.jpg,0,0,0,1
enemy100211_jpg.rf.cd0283a134566270107cf603d6058df9.jpg,1,0,0,0
fade02651_jpg.rf.de151329beb88932e565f0fb10e02aa6.jpg,0,1,0,0
enemy02111_jpg.rf.32ca863345f2de1e85f92fb2df65731c.jpg,1,0,0,0
chamberenemy00701_jpg.rf.a01b9847ce85350e2496d72b4aaa73e3.jpg,1,0,0,0
dm11226_jpg.rf.7c32fba938b553cd58b9865aa7ad2690.jpg,1,0,0,0
dm08566_jpg.rf.35dc14283eb5c72b7f37df4b80fdd7df.jpg,1,0,0,0
plantedspike00681_jpg.rf.16fd16b515bf4cbc3fe0944dde9355f0.jpg,0,0,1,0
teammmate2203251_jpg.rf.385d0c378d0538bc9bb6f530560da7a2.jpg,0,1,0,0
plantedspike01651_jpg.rf.67679c0f62ecc22a808490c2827f37b0.jpg,0,0,1,0
plantedspike02171_jpg.rf.b100759d78e878e17b301075ed5883f7.jpg,0,0,1,0
pheonix01641_jpg.rf.a75dc670b829245ec87232f5d2f66d52.jpg,0,1,0,0
plantedspike00721_jpg.rf.2a45ec2b03a2ca97c9d7aacad978dcb6.jpg,0,0,1,0
dm02711_jpg.rf.50e60f199e3cd0f6f966e8bc52655649.jpg,1,0,0,0
defuser101551_jpg.rf.0a398856bd7473557bc45fe72d6d9627.jpg,1,0,1,0
dm08701_jpg.rf.23cf42532bc38ab6b5d396d7b7e6d73f.jpg,1,0,0,0
pheonix02161_jpg.rf.8d92c06107e7d4d8ee1770838c3757d9.jpg,0,1,0,0
omen00691_jpg.rf.ec8b6eb5b38e16eee7fad1ff53b74427.jpg,1,0,0,0
plantedspike00561_jpg.rf.f1f2b2804c2723fa29ab1601cb0b481b.jpg,0,0,1,0
orb02181_jpg.rf.822713acd33fe2faed3396a6af78d185.jpg,0,0,1,0
teammate101581_jpg.rf.8ac05eeb769e054d1f30dca45044b2f8.jpg,0,1,0,0
omen00711_jpg.rf.3c64e3e70e0a4324a908a6d582915b9a.jpg,1,0,0,0
enemy01581_jpg.rf.5290fb77826292a3974bce378e6667e7.jpg,1,0,0,0
sova02351_jpg.rf.e645d7afe4ccaede5fae431282e01675.jpg,0,1,0,0
plantedspike00491_jpg.rf.e6e5595ecabe88d3b985cbfdd7d18b40.jpg,0,0,1,0
teammate00051_jpg.rf.c0dd0cc448951ee21f70780d592ca672.jpg,0,1,0,1
enemy300781_jpg.rf.5cd17c9064b0843bfd7f7927831c623e.jpg,1,0,0,0
skye00891_jpg.rf.5978631d0eed9d78393c34f13b26945c.jpg,1,0,0,0
droppedspike00921_jpg.rf.bf18c3ded52ee4331140bfa154d9aa1a.jpg,0,0,0,1
kayo00311_jpg.rf.3e8cfdc74beedc83b95e405fa3be6b28.jpg,1,0,0,0
raze01411_jpg.rf.c690955f1dda797e5135442a942b2b36.jpg,0,1,0,0
scena01401_jpg.rf.5236a498a19fbee475895887eec034b9.jpg,0,0,0,1
droppedspikerino01061_jpg.rf.c477756a2d0917e1490c73c16961ebfc.jpg,0,0,0,1
sage01321_jpg.rf.fb79800179ccb9d22f579c0a131fcd37.jpg,1,0,0,0
enemy01491_jpg.rf.1ce25ebd727e7a9018c0210a6a00ccb7.jpg,1,0,0,0
ennemy200861_jpg.rf.ab5da659fcfba3af20d046f1d45942f2.jpg,1,0,0,0
enemy300321_jpg.rf.329e8479845c465f3b218e3b87057d03.jpg,1,0,0,0
killjoy00761_jpg.rf.ec608f847fbc206d6e52958038a9ec65.jpg,1,0,0,0
reyna01071_jpg.rf.e478b8c97d1ffd5afddb016f4f87ea92.jpg,1,0,0,0
cypher01401_jpg.rf.d0be53fb69449e7cf21b905df339a2d4.jpg,0,1,0,0
ennemy01281_jpg.rf.de05da53a1ce111cb5e0c991f9ca8bbb.jpg,1,0,0,0
ennemy00441_jpg.rf.f9c2cb003f7045bae9f74469abdec59e.jpg,1,0,0,0
ennemy00061_jpg.rf.4e6a0153f568dfa7b2fdffea2afa2091.jpg,1,0,0,0
teammmate3302071_jpg.rf.e3ec3875f28487d1a69bd127b2abc683.jpg,0,1,0,0
viper01921_jpg.rf.658ff195a11f96a849978bcf100c5654.jpg,0,1,0,0
yoru00761_jpg.rf.3a1d48a8614ca5e402eb0ca63fb840a4.jpg,1,0,0,0
yoru02101_jpg.rf.5be28e45bed8ce83ccd97f6c21320122.jpg,0,1,0,0
yoru02391_jpg.rf.92911bdd128642ca43131d3e745442e8.jpg,0,1,0,0
defuser100051_jpg.rf.939fe1abf4124cd3e27809b59fea968b.jpg,1,0,0,0
pheonix00031_jpg.rf.ca7a055ac8ec856e3a7f8afe655c7899.jpg,1,0,0,0
plantedspike01711_jpg.rf.87c9c1ffee27eb6689a3b72a7c0d6e81.jpg,0,0,1,0
defuser100241_jpg.rf.276d30e3c16bb88de78e2b69a65fbbd7.jpg,1,0,1,0
dm00466_jpg.rf.f81e07cde990f0fb729a8a31bcb5d469.jpg,1,0,0,0
omen00771_jpg.rf.77867921c7f93f68f72407f30c60032f.jpg,1,0,0,0
defuser00481_jpg.rf.cca7eb6f34bacc82a8bed58aa950a34f.jpg,1,0,0,0
dm18356_jpg.rf.a3c5c69d34eae02a86d5dcaf3b62cb47.jpg,1,0,0,0
dm03811_jpg.rf.355f9ce5d2079ec6cf9256dc07258830.jpg,1,0,0,0
droppedspike00761_jpg.rf.86b3687e958c8c5ea3a9a77cfbc79618.jpg,0,0,0,1
droppedspikerino00311_jpg.rf.041a89d6a57d92bedf35fb243dada2ce.jpg,0,0,0,1
droppedspikerino00301_jpg.rf.b76c679dd857fefcfabeb9b7c495705b.jpg,0,0,0,1
killjoy00341_jpg.rf.10e5f5e6125e732d9b1c3d56b1550a43.jpg,1,0,0,0
sage01151_jpg.rf.491df6e9650f031030c792c2bc14ee58.jpg,1,0,0,0
enemy02341_jpg.rf.7a7828d81fc101e5ab486b7cbc1a1610.jpg,1,0,0,0
omen01551_jpg.rf.6bc78f8e2916f4d155c156177348e5c8.jpg,1,0,0,0
sage00011_jpg.rf.8d7547dc283a3578d6d963bfaf898bf9.jpg,1,0,0,0
teammmate3301971_jpg.rf.b8efecf0c01d44b22c747903ff1023bc.jpg,0,1,0,0
enemy02251_jpg.rf.6f0e21af52d6e95d06a03ab4d4e7949c.jpg,1,0,0,0
teammate300361_jpg.rf.87a42719636d727a7be1760b13d8a94e.jpg,0,1,0,0
defuser100181_jpg.rf.afe7cd98afc3c3f41a05e62fb73602aa.jpg,1,0,0,0
neon02481_jpg.rf.14f100eb1bfa72b5f7e82b390ce0ec09.jpg,0,1,0,0
pheonix00251_jpg.rf.a87d06e1c5ff8b191c8a8b47d6131901.jpg,1,0,0,0
omen00891_jpg.rf.bf39903a368fbe92b49832fa2fc7c7b1.jpg,1,0,0,0
enemy300041_jpg.rf.8cd0718c9106fc3ef80ff03439b2cdef.jpg,1,0,0,0
enemy300311_jpg.rf.9f664f3bc5bb2422c8fe949a166a0c13.jpg,1,0,0,0
sage00701_jpg.rf.cfa51c36d0072f0ab3f4eed942c93cce.jpg,1,0,0,0
defuser100091_jpg.rf.19f456c30a7f40083fe036266d9d00d9.jpg,1,0,0,0
kayo00361_jpg.rf.9a585fd0f35bf91f4d66375d8e73a3c7.jpg,1,0,0,0
droppedspikerino00601_jpg.rf.090b47a58b3923703124bee328a6340e.jpg,0,0,0,1
brimenemy00551_jpg.rf.218672d87936691dcab00f31c5c24ca4.jpg,1,0,0,0
dm04956_jpg.rf.e6586f1a77e465d4ebf36f8194beff49.jpg,1,0,0,0
pheonix01691_jpg.rf.26aa7738211a5e2d7bb943f232527e02.jpg,0,1,0,0
defuser100691_jpg.rf.97d0b9e3cbc6cf7af0de7fb1a954d5d8.jpg,1,0,1,0
dm06541_jpg.rf.78b7ebe9dda318d0aa4d2a46a784943f.jpg,1,0,0,0
dm08731_jpg.rf.5ff3f07843f4399a2d71cb9fc817477f.jpg,1,0,0,0
dm08581_jpg.rf.2a07cdaf5763e253163f642f4ffc9a3f.jpg,1,0,0,0
plantedspike00141_jpg.rf.fedb609954bceb087d965285d371490e.jpg,0,0,1,0
killjoy02471_jpg.rf.15b1cef186eca105dba26bdc1a85988b.jpg,0,1,0,0
enemy200101_jpg.rf.56c8bbf63940ba37a0953a2f5fcde5e9.jpg,1,0,0,0
cypher02301_jpg.rf.10666af433c702ee514b41fb4d4b9cb4.jpg,0,1,0,0
plantedspike01921_jpg.rf.7c2985d669e6009d5cb108e91e1372c5.jpg,0,0,1,0
neon00531_jpg.rf.ddc1fb7e0586555fdffbbf37c956f454.jpg,1,0,0,0
teammmate01811_jpg.rf.44ada88b86255cc8737eb636e44607ae.jpg,0,1,0,0
dm03821_jpg.rf.eba5f86cc67166f316bcfd45d20dc2b4.jpg,1,0,0,0
ennemy200611_jpg.rf.a2cde6c3dea57fa93f14f086eafdacf0.jpg,1,0,0,0
enemy301401_jpg.rf.f1e75062a6774bacd10d6b800faa9062.jpg,1,0,0,0
raze02011_jpg.rf.44d28da812d8227fc88de1e129e9100e.jpg,0,1,0,0
raze01531_jpg.rf.f37d519d8f5cd927a7f2d14130013813.jpg,0,1,0,0
yoru01751_jpg.rf.ab6ec733c712cad9b16aca918be4fd0c.jpg,0,1,0,0
chamberenemy00641_jpg.rf.a325d14808417d68f310d9166a5837f3.jpg,1,0,0,0
dm08746_jpg.rf.5a23072ea0d1868db6df16c4e39fc584.jpg,1,0,0,0
kayo00291_jpg.rf.1d3639840f6d449ecfd3f41d0174b564.jpg,1,0,0,0
sage00091_jpg.rf.a17f1a473a91150bda3abce8c0e18c7a.jpg,1,0,0,0
viper01871_jpg.rf.c586cdb9be441459ea717725f1995eac.jpg,0,1,0,0
dm08261_jpg.rf.9fd4ec7d431e0d96caae63af546f53e9.jpg,1,0,0,0
defuser00561_jpg.rf.bf278e8c3babdd36362b98f0d6b77785.jpg,1,0,1,0
defuser100651_jpg.rf.b85b5a93f1be8c874e0f799614fdec30.jpg,1,0,1,0
droppedspike00051_jpg.rf.46bd68596ce2a8a8e4601d469426824c.jpg,0,0,0,1
enemy00301_jpg.rf.d25d37cb594cf92aa0f3f28e502e3499.jpg,1,0,0,0
ennemy01241_jpg.rf.c1a9488caba9b2d9764d531aecb0066c.jpg,1,0,0,0
killjoy00861_jpg.rf.66f89c6d09643cf2a69487711a0cd8ce.jpg,1,0,0,0
teammmate3301551_jpg.rf.5bdb556aae5fd19bf24beb251282a507.jpg,0,1,0,0
Breachteammate00621_jpg.rf.3ff3458fbd9c4622fc3bd5a0c3a301a7.jpg,0,1,0,0
pheonix02401_jpg.rf.1f440590d3e3251eea657a98c16dc995.jpg,0,1,0,0
defuser100131_jpg.rf.3a929a3be442d814aed7686a7fc0ea73.jpg,1,0,0,0
plantedspike00821_jpg.rf.ed880a754b52bdee03a1c73130501eef.jpg,0,0,1,0
teammate01711_jpg.rf.b3cdf695b81c5c49bc4920b20abcf664.jpg,0,1,0,1
teammmate00151_jpg.rf.deeaf5d6388d81ad970a127f70a04ad4.jpg,0,1,0,0
orb02321_jpg.rf.57f6ea8fd306e98a34b0c58783c4c28e.jpg,0,0,1,0
droppedspike00181_jpg.rf.834804607feafd72ad11d943e22b5984.jpg,0,0,0,1
sage00711_jpg.rf.170cc6e480279244b880ed1d3b2bfb49.jpg,1,0,0,0
droppedspikerino00211_jpg.rf.4e850667677a4a005a1bbb4b9af54a9e.jpg,0,0,0,1
skye00571_jpg.rf.b667e29370ebbdd93056211bf98c7397.jpg,1,0,0,0
sage00491_jpg.rf.c1280382232fe88cbd6dc2b14dea0651.jpg,1,0,0,0
Jett02121_jpg.rf.1c061dcc05170cc936f47ada062a9365.jpg,0,1,0,0
reyna00701_jpg.rf.83a6ba3a5c3fe312e11b65008e16c3c1.jpg,1,0,0,0
dm13216_jpg.rf.7f3821e5ad7eabe4bb36e46719f5b842.jpg,1,0,0,0
reyna02191_jpg.rf.ecfff249c4d1918e21abaedc669f3860.jpg,0,1,0,0
viper02441_jpg.rf.5549def0a6d8da6bf19c25aeaf42b502.jpg,0,1,0,0
viper01841_jpg.rf.b038537e6c24efedc64773307f2e51c2.jpg,0,1,0,0
teammmate3302021_jpg.rf.1257b22cb0dcc606024630d82ede88ff.jpg,0,1,0,0
plantedspike00211_jpg.rf.ebdd7380fbbc83b14faacf91e5e37d14.jpg,0,0,1,0
defuser100281_jpg.rf.7308b045f6978320d3fdaf1643f6be3a.jpg,1,0,1,0
teammmate01381_jpg.rf.1a7c56dba80336569659a7b7ec77b7cf.jpg,0,1,0,0
pheonix02141_jpg.rf.540d5b68d8fd3850a74fa02ee082fa02.jpg,0,1,0,0
omen01471_jpg.rf.5642561ba691c5f617a1dec5b0c69c95.jpg,1,0,0,0
dm01456_jpg.rf.da9fb971c8c5ba1470abd5dfe06d8a24.jpg,1,0,0,0
dm03801_jpg.rf.cdddf8109f9d4031af7b97a508e234ba.jpg,1,0,0,0
droppedspike00771_jpg.rf.a16091750eec9bcad3e13c624e13f079.jpg,0,0,0,1
scena01271_jpg.rf.26626f8fc16c04ecd2a289848cbfaa1b.jpg,0,0,0,1
raze01251_jpg.rf.1c655b8269b03f83a24ba60d07babd43.jpg,1,0,0,0
yoru01771_jpg.rf.b66de54a75f014bae8c26b9358b7b062.jpg,0,1,0,0
orb01331_jpg.rf.deff313446b33e09e601b35141273294.jpg,0,0,1,0
defuser100201_jpg.rf.00134d4167fe0129bd663adafab356a1.jpg,1,0,0,0
omen00791_jpg.rf.be12d65842c4798a899d6af02fadcbe2.jpg,1,0,0,0
droppedspikerino01301_jpg.rf.80ec7831ce969399e70e87cfb765d4f8.jpg,0,0,0,1
teammate200031_jpg.rf.c21d14487eb539e9a6474436f8824f25.jpg,0,1,0,0
skye00651_jpg.rf.95a3151ff805dcc7a545b92dbc53c7a3.jpg,1,0,0,0
droppedspike00791_jpg.rf.c9729b97e71182739a415adeafd6e694.jpg,0,0,0,1
droppedspikerino00751_jpg.rf.ef6e178e59ee9ec3976b798d7d75eb2a.jpg,0,0,0,1
droppedspikerino01081_jpg.rf.51f32e89811a4ea99cb30e69fcd06d93.jpg,0,0,0,1
ennemy00461_jpg.rf.7618e8f8574bb0f6fddd5bf23b6751fc.jpg,1,0,0,0
chamberenemy00691_jpg.rf.6cc1357e18909b60ae7a2557ef2dc214.jpg,1,0,0,0
neon01661_jpg.rf.8a6188bb5b24646a1b35bc0ba5335625.jpg,0,1,0,0
orb02391_jpg.rf.f8f1b5cd6f3f1c122b2f2cb38426f6e2.jpg,0,0,1,0
sage00471_jpg.rf.4bc696ed55c2463068f78057eda2182d.jpg,1,0,0,0
defuser100071_jpg.rf.313caa26ad98ad1738c6178c5c59e4cb.jpg,1,0,0,0
teammmate2202011_jpg.rf.638b4d1318e9465ec8f6f3538aed994e.jpg,0,1,0,0
raze01341_jpg.rf.afdd70ab3e065612ad05deb8ce360f44.jpg,1,0,0,0
killjoy00851_jpg.rf.b8916c248bd6741ab669299e5cc136e9.jpg,1,0,0,0
teammate200361_jpg.rf.80586c178bc4d1995cb498f78373bcde.jpg,0,1,0,0
dm08911_jpg.rf.530a59df5a148aab4a2b571e60581330.jpg,1,0,0,0
ennemy200751_jpg.rf.bc45ff656b873eda54672d783a79c97a.jpg,1,0,0,0
cypher02121_jpg.rf.31b502558c211cc434ddcf99791d6d70.jpg,0,1,0,0
viper02981_jpg.rf.cfccb81865f72d2856efcd02c7a3a13b.jpg,0,1,0,0
dm03786_jpg.rf.46f5a7ab1476005e353e99891d382711.jpg,1,0,0,0
omen00481_jpg.rf.9bb7c950d6e97acdeedb57988b0cf0ac.jpg,1,0,0,0
orb02531_jpg.rf.c255c31bb7ef4f84f252644b1d2c92da.jpg,0,0,1,0
omen01521_jpg.rf.ee12a8d93093379b99cc0a9497832d98.jpg,1,0,0,0
enemy301391_jpg.rf.ad007b98b4a303eadd8100f7216c5f7a.jpg,1,0,0,0
sage00321_jpg.rf.e49e3c11463d119175af243ea23d1a01.jpg,1,0,0,0
sova00891_jpg.rf.cf4584b69def1e65bd60cc54663291a9.jpg,1,0,0,0
reyna02151_jpg.rf.0a67d67a3089ada93ee4a28d5c2acdc7.jpg,0,1,0,0
teammmate3302111_jpg.rf.8faf8ed4b4bbb8c60b96dfbd55632f25.jpg,0,1,0,0
defuser100711_jpg.rf.7b3d0853dcbca7840421d753edc45e15.jpg,1,0,1,0
teammmate2202841_jpg.rf.c833fd4216f4acc0431dd6a6b6ad33ef.jpg,0,1,0,0
killjoy00821_jpg.rf.c12933ec0b7c45b8dc8fa95cc256ed54.jpg,1,0,0,0
droppedspikerino01241_jpg.rf.2bb5dbe8dad27b58c57ba3ca9803215d.jpg,0,0,0,1
Breachteammate00561_jpg.rf.db85fbe0050d84e451de355654137cf3.jpg,0,1,0,0
dm01166_jpg.rf.02abbc1c20f8ba3bf03d0bdc9f40e8b2.jpg,1,0,0,0
defuser101161_jpg.rf.8c42b2ed472b6a8fd90a25c002b24d30.jpg,1,0,1,0
pheonix00041_jpg.rf.46caa3bae0eca6d6e999ca959fd14e68.jpg,1,0,0,0
neon02081_jpg.rf.8b6bc36c574a5a6f08a4e4e7f72dccbc.jpg,0,1,0,0
teammmate01691_jpg.rf.b3dd6d8ff0d7be29e4b298026f99c9a7.jpg,0,1,0,0
pheonix01851_jpg.rf.4f259777ee7ae973c9b7ddf2280a7a65.jpg,0,1,0,0
raze01331_jpg.rf.da21550aceb5108303c61035eedac8ec.jpg,1,0,0,0
ennemy00611_jpg.rf.f92bcc00122c656519a051c1e09b617e.jpg,1,0,0,0
fade02561_jpg.rf.279a3b36aca9b5491c3826b60fe4cd8a.jpg,0,1,0,0
cypher02101_jpg.rf.65bbc96557fb7b51d69d621fcd312124.jpg,0,1,0,0
viper01951_jpg.rf.67925d6049a3bb32389a7bb3581b4e2b.jpg,0,1,0,0
neon02451_jpg.rf.98d5b54d0f81f171eb34e98c843a6ffb.jpg,0,1,0,0
pheonix00481_jpg.rf.dde617aab4567442a32bbb844ca1babe.jpg,1,0,0,0
teammmate00051_jpg.rf.76262dd59904f6294e7346db43530528.jpg,0,1,0,0
raze01931_jpg.rf.5dabcc49a51e019652c5fa3c7c67e343.jpg,0,1,0,0
ennemy200271_jpg.rf.7e8ffc7bcc5126deab147c44bffcd68e.jpg,1,0,0,0
orb01441_jpg.rf.9593e9c01e6d0b1a926004f2db1710a1.jpg,0,0,1,0
defuser101381_jpg.rf.8fa5fdcf726fa42226c2e595eb75c13a.jpg,1,0,1,0
omen02001_jpg.rf.234be93296489305a5251a0af38e83d5.jpg,0,1,0,0
skye00351_jpg.rf.03676abb1998600eea972acc2f6a8642.jpg,1,0,0,0
orb01221_jpg.rf.8e3624bb897e1c3edebf5a833f9d757a.jpg,0,0,1,0
viper02671_jpg.rf.2d222c9167a03f3135b9bdfe299c9863.jpg,0,1,0,0
skye02091_jpg.rf.1cb6d66e7c2d228795d341a75f1c9c08.jpg,0,1,0,0
plantedspike01951_jpg.rf.ec5d14cb5022e7eff95e2ddee1b1f54b.jpg,0,0,1,0
teammmate2200201_jpg.rf.dcf6c1733229cfef79d6d9c1795ee1bf.jpg,0,1,0,0
pheonix01731_jpg.rf.901b96b1e71cda4cf27568aba2ffd0f3.jpg,0,1,0,0
teammmate00091_jpg.rf.39fc8082a6faf9110714b52d20d4f504.jpg,0,1,0,0
neon00701_jpg.rf.f4dca84f8d2cabc5c17b18d0fe3a1235.jpg,1,0,0,0
omen00851_jpg.rf.c38be65f81fc760469920c3790ca8381.jpg,1,0,0,0
neon02021_jpg.rf.c69f808c5cdb0d5a5ca89b1dd3706dae.jpg,0,1,0,0
enemy00311_jpg.rf.8e4fc524db50d3d844463794dbe50cab.jpg,1,0,0,0
kayo00531_jpg.rf.2222890b058df69f43571fa43f8c87d3.jpg,1,0,0,0
yoru00001_jpg.rf.4f2e82662d450dded6f0f79bafffb7ea.jpg,1,0,0,0
defuser101361_jpg.rf.f32496eb2da1ef4787595d49d5403759.jpg,1,0,1,0
plantedspike01931_jpg.rf.379f32d7fc9abbc2af6b856ef15af158.jpg,0,0,1,0
pheonix00471_jpg.rf.fb8f04d7a4aa2ea51f2c228a4f34cda3.jpg,1,0,0,0
neon01651_jpg.rf.606818a2c8b45dafa2c52bd84532cd04.jpg,0,1,0,0
killjoy02201_jpg.rf.02bc0ae34f93e16297e08d9070451c5d.jpg,0,1,0,0
orb01011_jpg.rf.1e617b5bed76c7d469b3c07db662346b.jpg,0,0,1,0
orb02491_jpg.rf.a07c47ae1ed17c14f5d8e3021bb92566.jpg,0,0,1,0
omen02181_jpg.rf.f21c888e47852be71ddf00bd7ad2735b.jpg,0,1,0,0
dm18551_jpg.rf.6965f176bfeeb37e95fc3a6ac6fda39d.jpg,1,0,0,0
pheonix01911_jpg.rf.623ad7431c8d1d48cdcc70eceed8f5a3.jpg,0,1,0,0
orb01251_jpg.rf.21319b92dfc9ba86670e33bd7350e571.jpg,0,0,1,0
sage01741_jpg.rf.9764c07a4b801c4f721aa35945ffff0b.jpg,0,1,0,0
scena01231_jpg.rf.61d6814d8325aac8d5ac8ddf98f54ef2.jpg,0,0,0,1
droppedspikerino01121_jpg.rf.df0559a899bbae4e8a71c738710f8ce8.jpg,0,0,0,1
enemy02201_jpg.rf.f89dd387cae9897f869c97cd6e650988.jpg,1,0,0,0
Jett02181_jpg.rf.f9e15c7aba12439e71b83c9a422df347.jpg,0,1,0,0
sage01611_jpg.rf.80ec385f9a8cc0acae0f23430fbbb3dd.jpg,0,1,0,0
yoru01781_jpg.rf.2c006c1c6bca43c6f03ac832640f1ff4.jpg,0,1,0,0
teammmate3301571_jpg.rf.ed8dca107d4e3b8fe2c9fc945d2cf970.jpg,0,1,0,0
orb00461_jpg.rf.f30b6cca0b6e1e97661d4eae14e4183e.jpg,0,0,1,0
dm09771_jpg.rf.eacf343c3e6df07bb96e589f252a692b.jpg,1,0,0,0
neon00501_jpg.rf.d31a3acda25180e880063b634c627658.jpg,1,0,0,0
neon00521_jpg.rf.21aa5d097e9bbd1d78efd2df3c9d34f5.jpg,1,0,0,0
omen01081_jpg.rf.3f91326e7b4aeff1d8911167bc5e59f2.jpg,1,0,0,0
plantedspike01941_jpg.rf.a75780e1c2b90fe4d31a8142512b59de.jpg,0,0,1,0
omen01981_jpg.rf.0e7b25147c0f8d505fb3726ba51452c4.jpg,0,1,0,0
teammmate2202521_jpg.rf.e41f66c75cdd99d9880e0ae8dd378e4f.jpg,0,1,0,0
pheonix00351_jpg.rf.66b9b460cb453f1cb863b4d9f5f47e00.jpg,1,0,0,0
killjoy02481_jpg.rf.6f2aa94093a3ba77f029c82de3c9d547.jpg,0,1,0,0
dm06561_jpg.rf.26ccde9d628860e7f7d1b6272b3208cf.jpg,1,0,0,0
omen01501_jpg.rf.a42a3cb4f1eba6620c6e1b6549243097.jpg,1,0,0,0
teammmate01781_jpg.rf.a48e5b423eebb58e476351ae18b97e4a.jpg,0,1,0,0
teammate00471_jpg.rf.e40356e86bade3f0ef6aaf39157e95f0.jpg,0,1,0,1
enemy300461_jpg.rf.fae331b5980d9a9acd434b8bd1570386.jpg,1,0,0,0
fade02571_jpg.rf.325f79a1bb620b5e4a41d8d2fc34b01e.jpg,0,1,0,0
ennemy200601_jpg.rf.2ea7409e927c708891f207f89ec710f8.jpg,1,0,0,0
kayo00571_jpg.rf.2b4098b25f368bea0523776fdefd48aa.jpg,1,0,0,0
cypher02141_jpg.rf.c3a3bec5f53dc9106c284b2703144782.jpg,0,1,0,0
killjoy00451_jpg.rf.c6fa27f7a73a95cf0cbcfd436714470f.jpg,1,0,0,0
ennemy200441_jpg.rf.0c925ea5d425cafee334624f93921f26.jpg,1,0,0,0
viper00201_jpg.rf.6d0b512a5a10876e0756b8467c627241.jpg,1,0,0,0
yoru00731_jpg.rf.0e43cf013f75b54a2673edef86adc814.jpg,1,0,0,0
neon02061_jpg.rf.17aa43f69a52979c257f17a8008136f9.jpg,0,1,0,0
teammate01521_jpg.rf.458e4da326155bea1743177e4da658b3.jpg,0,1,0,0
teammate100001_jpg.rf.f033683cff14ee0cf8f8b59ecd2c771f.jpg,0,1,0,0
orb01171_jpg.rf.6a6fb31897bc7d5e203fb4c7326076b4.jpg,0,0,1,0
enemy00461_jpg.rf.abc1e9523fcc45daf6e1a62eae8d4bea.jpg,1,0,0,0
droppedspikerino00291_jpg.rf.1c6b05bdfe79282e270b3a0146854efd.jpg,0,0,0,1
skye00291_jpg.rf.38a301303027ba56de2337ba221f295d.jpg,1,0,0,0
sova00811_jpg.rf.10d0c336a7ad43f426f1e3f2c923d792.jpg,1,0,0,0
teammmate3302601_jpg.rf.d1c0ccd1fd4fb8872e0ad73fa66902cd.jpg,0,1,0,0
defuser100481_jpg.rf.35fe1025eaf956f43dc6eda6de2ba67f.jpg,1,0,1,0
defuser100251_jpg.rf.dcae7df15c601ed58f5373a73bd22c71.jpg,1,0,1,0
omen00981_jpg.rf.328ff0a7c054dabecdd87728435340c9.jpg,1,0,0,0
defuser100591_jpg.rf.af9ff5fae9dcd6a65927c87227f20456.jpg,1,0,1,0
neon00541_jpg.rf.254ae42416439b9f0274bf7933ac8f75.jpg,1,0,0,0
defuser100611_jpg.rf.60bb7850afcdee72647d08c38e416182.jpg,1,0,1,0
dm08321_jpg.rf.c131e574c242b547d26d821be1dbcf02.jpg,1,0,0,0
killjoy02361_jpg.rf.2831c93f6f55b3c7e2ce459f03bd2731.jpg,0,1,0,0
pheonix01981_jpg.rf.2cc88a13a2eda6e0d292f9666878e939.jpg,0,1,0,0
enemy100191_jpg.rf.3b664aac9873ccb14ad38f9a8fbc54a7.jpg,1,0,0,0
droppedspikerino01031_jpg.rf.34f196ed34b7368b61ce2891bf8ebe77.jpg,0,0,0,1
killjoy01481_jpg.rf.29281fe4945a24c294efcbffccc6deaf.jpg,0,1,0,0
viper02411_jpg.rf.dc0314fe6d64a9462800284e8bc8cfbe.jpg,0,1,0,0
teammmate3300271_jpg.rf.f60ddeedc4f55b2f6718846e9a2a63e5.jpg,0,1,0,0
plantedspike01731_jpg.rf.a1f3e6b4d3a80ceeb08081c581ee6b96.jpg,0,0,1,0
teammmate2202481_jpg.rf.17c840f535b96fcf9d4fcff6c0ccc482.jpg,0,1,0,0
dm03856_jpg.rf.9529ab1f5864958a0e091003644e04a0.jpg,1,0,0,0
sova01221_jpg.rf.06b9f596b1d08dfc56779762a82037d3.jpg,1,0,0,0
teammmate01131_jpg.rf.c8734ba1e5760232a5aa7a6719bd86d8.jpg,0,1,0,0
raze01201_jpg.rf.7455a4894748df6bacae1f6267780b2a.jpg,1,0,0,0
raze02031_jpg.rf.58699a66918635b79d38e561d5d43470.jpg,0,1,0,0
ennemy00641_jpg.rf.ec9560da02ebd57e76397dc1000c97ee.jpg,1,0,0,0
dm02641_jpg.rf.16ae759ea0f76e9c2dbe35206d7a7ddd.jpg,1,0,0,0
neon01841_jpg.rf.47541d257914e366cc90e2989d3f2457.jpg,0,1,0,0
orb02451_jpg.rf.f12263d71e005c36cb9e9b8ed483115a.jpg,0,0,1,0
teammate200471_jpg.rf.7012dd95509809d2d1e7cf3ad7be5f3c.jpg,0,1,0,0
killjoy01961_jpg.rf.b1ffd408d82a394369cf9d42e51814b6.jpg,0,1,0,0
teammmate2200831_jpg.rf.7fbee3fd3ea476d81633abd4f6604538.jpg,0,1,0,0
reyna01891_jpg.rf.16842fad5b2228478434b89cbc837a27.jpg,0,1,0,0
yoru00881_jpg.rf.2cca88985b1520599c5e41202d4385ab.jpg,1,0,0,0
pheonix01681_jpg.rf.7437a5c78a28df176177946273264e4e.jpg,0,1,0,0
sova01711_jpg.rf.3ba8e2f68dab57af5e71507e2905c1d9.jpg,0,1,0,0
plantedspike02101_jpg.rf.46a99cd5a6bc06bd2c38ccff4e1981d7.jpg,0,0,1,0
teammate01261_jpg.rf.3611385ee02cfb0c9e5cc2776ae52178.jpg,0,1,0,0
raze01281_jpg.rf.89e2a491c49a179467955cc6fa121060.jpg,1,0,0,0
omen01041_jpg.rf.b6cf21a1c4e3d7bef2ac50dbe0309c06.jpg,1,0,0,0
skye01791_jpg.rf.971771f88c5d2da8be94c95c27905df2.jpg,0,1,0,0
teammmate2202001_jpg.rf.c2bc2d13b9f5657a2ad1a71d63d6b775.jpg,0,1,0,0
plantedspike00831_jpg.rf.833f1ed1b9e6951e9750ae8016eca386.jpg,0,0,1,0
defuser101891_jpg.rf.f8aae74f3082b756d08d2fc6ef5efb50.jpg,1,0,0,0
teammmate2202851_jpg.rf.7d567962390bea684adb93530be74b65.jpg,0,1,0,0
fade02661_jpg.rf.e78a9704b9797d40d7d548d5ce5a1cbc.jpg,0,1,0,0
teammmate3300421_jpg.rf.3c4712f65c126d26bd5c84fbce287213.jpg,0,1,0,0
droppedspikerino01521_jpg.rf.120ccf0f4465602f34ac7ef4ad5a8888.jpg,0,0,0,1
dm16211_jpg.rf.fbae1c876e47169c361c103fbff165bd.jpg,1,0,0,0
yoru01791_jpg.rf.72d95005faecbc02343ff2f071d52098.jpg,0,1,0,0
neon01631_jpg.rf.7fef310c94b8dfc82c3d4d2adf590881.jpg,0,1,0,0
orb01741_jpg.rf.bd4a5db0defccec1bc0d342c023bcd2a.jpg,0,0,1,0
omen00831_jpg.rf.3b4b7cfbe69b5669c6684eef86c5f823.jpg,1,0,0,0
orb01501_jpg.rf.9936007a5c55bed83be9584e1930608d.jpg,0,0,1,0
sage00331_jpg.rf.5a8f3a2486824c786823ab24e1cac615.jpg,1,0,0,0
chamberenemy00141_jpg.rf.1bf7fe2b7c0dda7d12b5466d93e17145.jpg,1,0,0,0
yoru00861_jpg.rf.ce51cd1f1ce97fef156b218e0361f543.jpg,1,0,0,0
enemy200611_jpg.rf.73f0b3f2e710689661e80e59a9f79311.jpg,1,0,0,0
defuser100431_jpg.rf.a2117bc71526eeb3a58327289397cd5d.jpg,1,0,1,0
omen00921_jpg.rf.dc91df02bdf9274f689825a9b340d9ee.jpg,1,0,0,0
neon00051_jpg.rf.9b52a7ab3bd13182111bf37ec4633a58.jpg,1,0,0,0
defuser100761_jpg.rf.5e768be02a03ec933fcc22ab2a719aa1.jpg,1,0,1,0
skye00671_jpg.rf.97afd4e2a7f2a9d1c190d30d169eeede.jpg,1,0,0,0
skye02281_jpg.rf.e0f57d85a00f09e83d1a22ad799e1541.jpg,0,1,0,0
sova00801_jpg.rf.e6bbbc8c8fb4ba8e0300133587df9be6.jpg,1,0,0,0
viper02431_jpg.rf.a3975043e2d220146a7088851787c47f.jpg,0,1,0,0
plantedspike01621_jpg.rf.c5e155fa6cb2639f6bea8d4ef0162c2b.jpg,0,0,1,0
enemy300411_jpg.rf.2723879122b147a6711b6c2c3eedb189.jpg,1,0,0,0
ennemy00431_jpg.rf.b0772791d5175eab133a05353b99b3fd.jpg,1,0,0,0
fade02671_jpg.rf.6c0ea4efc6bef16297c2d5dd541b8a03.jpg,0,1,0,0
pheonix00551_jpg.rf.bd244a3427d5a4dd8aa47e3ed21d57db.jpg,1,0,0,0
omen00521_jpg.rf.71a0d26d4d0a64a68364ea67a15687f3.jpg,1,0,0,0
sova01231_jpg.rf.eb193355bcbc9ec91f4ce990efdbf09f.jpg,1,0,0,0
neon01691_jpg.rf.53b4d5475a60e9f56d13a2a48be7ada8.jpg,0,1,0,0
teammmate00451_jpg.rf.599542a65f2b5c4d763e59c6a71b1984.jpg,0,1,0,0
teammate300211_jpg.rf.713225bfde6d54c4d15a935044368147.jpg,0,1,0,0
skye01181_jpg.rf.4d35feb6a7d173ff6bd22572e0b5b6d9.jpg,1,0,0,0
ennemy200961_jpg.rf.1f746983ea32a34442e650e4af1855c5.jpg,1,0,0,0
ennemy200451_jpg.rf.7901c5f99241592840b02227ac7009d7.jpg,1,0,0,0
neon00241_jpg.rf.c0ccdef23b8e9c7aca3ea680e6e3233a.jpg,1,0,0,0
enemy00911_jpg.rf.90ca9365e2ac6cb1999f483ea492cef0.jpg,1,0,0,0
enemy300151_jpg.rf.aa9698edcd2436525e8090d0a01dbc5e.jpg,1,0,0,0
killjoy00331_jpg.rf.53e7094312d83ca8160c4b066a5e04df.jpg,1,0,0,0
enemy02371_jpg.rf.d51c88af336e7d04f9256c34aa22f9e3.jpg,1,0,0,0
neon01671_jpg.rf.e67f2d9436e38fb73a37ebc5ef0b6db0.jpg,0,1,0,0
teammate101991_jpg.rf.e56dc2610c10ce60ba9d1815a6b827cc.jpg,0,1,0,0
dm12176_jpg.rf.bc6ecb5f660a49b869f7656db75fe038.jpg,1,0,0,0
raze00911_jpg.rf.ed163d5603a514a42cbdc141a08714e0.jpg,1,0,0,0
pheonix01701_jpg.rf.cc7afe3bdf81cf1efc13af0dd91ffa75.jpg,0,1,0,0
neon01911_jpg.rf.7deea133003bd69a8e645d6d41dc054a.jpg,0,1,0,0
neon00611_jpg.rf.75b02a2fb95f153125623b74c23b7108.jpg,1,0,0,0
teammmate2202441_jpg.rf.420e66b46adaedf0644f77d5a15a896c.jpg,0,1,0,0
enemy300511_jpg.rf.4af9e4b542e4dac36e6e0dfe30a7e9c5.jpg,1,0,0,0
enemy100401_jpg.rf.35bbbae355a9bcd5f37cc15a75579050.jpg,1,0,0,0
raze01021_jpg.rf.f8e3dce491222940e44dde4d44e8313f.jpg,1,0,0,0
teammmate3301241_jpg.rf.3d69abf0ed400bc210901be1576e33ac.jpg,0,1,0,0
dm11221_jpg.rf.14b670dddc3efe3d4d4493ee3eefbf32.jpg,1,0,0,0
dm01596_jpg.rf.a8e1eec82966947b0f018734dcb2f3df.jpg,1,0,0,0
teammmate2203101_jpg.rf.446b3cc73f4719a0c8f6b05878fa162b.jpg,0,1,0,0
teammate101851_jpg.rf.46ee32289b69fbbf7dcdf8a621523c40.jpg,0,1,0,0
omen00501_jpg.rf.d5bc9c6d807e66f00057544716567d75.jpg,1,0,0,0
dm03876_jpg.rf.d42a93a3d30275be22209b0c9e9301f3.jpg,1,0,0,0
sova02421_jpg.rf.da639d4aa4e75048cb5524daf6ab34a2.jpg,0,1,0,0
teammmate2201771_jpg.rf.2e78b2f95afdefd174e60c095ab45fc0.jpg,0,1,0,0
pheonix01891_jpg.rf.940d5a43a8ad18ebdb3197f3c08f2488.jpg,0,1,0,0
teammmate2201691_jpg.rf.529654e04512ef68f0ccff992e821967.jpg,0,1,0,0
dm05086_jpg.rf.77a6ecea56661f92a09e6813274c91af.jpg,1,0,0,0
defuser101821_jpg.rf.79e8f28d4bdc8fe3be045823ba1cd984.jpg,1,0,0,0
teammmate2201851_jpg.rf.e5e3e5e5eda6857b8c6c9c959bcb576e.jpg,0,1,0,0
teammate01151_jpg.rf.047033e0d690b136275dec2770cfd07a.jpg,0,1,0,1
orb02221_jpg.rf.bbbc1f0745b7685673e2d470e5a2ed90.jpg,0,0,1,0
sova01781_jpg.rf.c7a1f67eebb83176310227792e9c7d01.jpg,0,1,0,0
teammate100341_jpg.rf.6cd4e9c3ac66d8d46e2a2c2ac40cad60.jpg,0,1,0,0
enemy300501_jpg.rf.15c02ae063566aa4af06586d7e46704a.jpg,1,0,0,0
dm16201_jpg.rf.6d0b9c606968aa34058e217eb7bce1ec.jpg,1,0,0,0
enemy301271_jpg.rf.303cad37745e0145477fb2c0d2b2ff11.jpg,1,0,0,0
sova00681_jpg.rf.32d1d411d01bacb6f95d6b7664f73fd0.jpg,1,0,0,0
skye00451_jpg.rf.e408129485fae18e1dcd1d69804bad0a.jpg,1,0,0,0
cypher02281_jpg.rf.3e86abbda3eff7e5824b18240b1ef285.jpg,0,1,0,0
sage01581_jpg.rf.fa0ada9adf9a5f9f6ab7ad5c8a42487c.jpg,0,1,0,0
killjoy00401_jpg.rf.2bbbe0e251eff025a7d6c7d6c7141346.jpg,1,0,0,0
Jett01831_jpg.rf.3090ab8bceabd6a4521ad592e1e54d1a.jpg,0,1,0,0
viper02681_jpg.rf.798e78fee3fbcd7458b4b9a9c94034dd.jpg,0,1,0,0
viper00191_jpg.rf.7c6a7de093bb35be01626f48b5d36ff5.jpg,1,0,0,0
viper01451_jpg.rf.cc2f5cc26ca06af2aed35f29ea25f311.jpg,1,0,0,0
teammmate3302061_jpg.rf.3b430e3e126493b9d68ff654b634eab7.jpg,0,1,0,0
orb00901_jpg.rf.e35edf3600b344d089a1fd31589e1360.jpg,0,0,1,0
orb00721_jpg.rf.a084ce00f7d43ba2705f17a691b4bdc5.jpg,0,0,1,0
plantedspike01961_jpg.rf.b796b7cbed86bd809d36718f4da615c6.jpg,0,0,1,0
plantedspike00771_jpg.rf.23146d395927b4200cdf8b2968f5b488.jpg,0,0,1,0
defuser100641_jpg.rf.c2ad44748e966427122c8d06efd68754.jpg,1,0,1,0
dm00246_jpg.rf.88ade82f09fa68924bc104f48291cfb2.jpg,1,0,0,0
teammate300151_jpg.rf.2b41da2b904e951d2f39f4703c8915d1.jpg,0,1,0,0
teammmate00531_jpg.rf.35967f586fa0b19d86f8d448ac12d0ef.jpg,0,1,0,0
dm18396_jpg.rf.9241fecbd47c2f478d32b247c9f3f68b.jpg,1,0,0,0
dm09646_jpg.rf.12a59e9a67b50c47832c3aa0c2615700.jpg,1,0,0,0
skye01401_jpg.rf.3773468b08581a436cc06685b72f4b3a.jpg,1,0,0,0
Jett00561_jpg.rf.6d5eba0f00478091653ceacdebc86da9.jpg,1,0,0,0
sova00771_jpg.rf.86b022b8e74d39f6eaa11e3a1f202891.jpg,1,0,0,0
raze01001_jpg.rf.057ea901687aa5657a20a3277b02967d.jpg,1,0,0,0
reyna01351_jpg.rf.abab51c522ac1ab10d88965542f3825e.jpg,0,1,0,0
teammmate3301651_jpg.rf.88930f2cb3b2d1fb9bd90c3e09895245.jpg,0,1,0,0
teammmate3301631_jpg.rf.2445e18ccbf1bc3ad3504a06c96b5ce3.jpg,0,1,0,0
teammate200171_jpg.rf.168f578631541d2f972271090fbbe176.jpg,0,1,0,0
teammmate01351_jpg.rf.335de821ee78e9c648981d47b5986a4d.jpg,0,1,0,0
orb01031_jpg.rf.efd121f77301d41320419685755a7db5.jpg,0,0,1,0
droppedspikerino01531_jpg.rf.69ddf5e5032ff7171d28eda2d11c0977.jpg,0,0,0,1
enemy300261_jpg.rf.9b2d8a0b85aa866df274d6605d72becf.jpg,1,0,0,0
yoru00011_jpg.rf.c55e14ba27ca6c592ffed1b9df23c404.jpg,1,0,0,0
omen01031_jpg.rf.fbe343f679ec2d6193735bae2a3fc903.jpg,1,0,0,0
dm00271_jpg.rf.b4a73f444dc994e550f1058f41fc6bb6.jpg,1,0,0,0
teammmate01821_jpg.rf.f9a4abe4e632f65fb7f335e57cd5cf06.jpg,0,1,0,0
plantedspike00751_jpg.rf.2bdce6affd75d6bd49104baf5d74a7f9.jpg,0,0,1,0
viper02701_jpg.rf.c2240f5d2d79c805b2151b7444fe6943.jpg,0,1,0,0
dm17696_jpg.rf.a4661f534bc18c238b1c3e33c2165d98.jpg,1,0,0,0
enemy01051_jpg.rf.d62a6f85cd06c716a7e3b4589aeecdec.jpg,1,0,0,0
enemy00601_jpg.rf.68d94dde7b37975a6950c6ccf40b7bad.jpg,1,0,0,0
yoru02131_jpg.rf.75382ba635e4b3eb55c4373ccd269306.jpg,0,1,0,0
yoru02361_jpg.rf.f025cee2934fde8b7f1e4e6c4a354ed2.jpg,0,1,0,0
pheonix00521_jpg.rf.1afb63a8da297b3f1a5a0d2e1d2c3875.jpg,1,0,0,0
teammmate2200501_jpg.rf.8202b350e59deffd3deca8c3733c29d0.jpg,0,1,0,0
skye00951_jpg.rf.f27526632d744521f148510c8a207f34.jpg,1,0,0,0
brimenemy00901_jpg.rf.46d43e0a49ea65e889f97720967c89bf.jpg,1,0,0,0
teammmate00331_jpg.rf.038dbc571cac07bf08647dcd0a841e0f.jpg,0,1,0,0
reyna00961_jpg.rf.1a2f757f09e7c6cb0fa7ded0795c9d47.jpg,1,0,0,0
omen02451_jpg.rf.1d8886d7e1751cfffe08cba8b92471da.jpg,0,1,0,0
neon00191_jpg.rf.0369d5f4d1da79dd0af8e449839900e4.jpg,1,0,0,0
defuser00581_jpg.rf.48ae08734cfb7fdf491db5e3ee18d6dc.jpg,1,0,1,0
teammmate2201751_jpg.rf.2d932fd23145de6917bc26454eec16c5.jpg,0,1,0,0
skye02101_jpg.rf.6f49036b8516f534da2c62c000506c2e.jpg,0,1,0,0
raze00141_jpg.rf.57daa8c0526712ce5f69c4b7c0513d11.jpg,1,0,0,0
reyna00671_jpg.rf.fc1c1c1aa01aae21c66bb06b1046093c.jpg,1,0,0,0
orb01881_jpg.rf.389c9dd85dac5d2f58cf6d4b1cad956a.jpg,0,0,1,0
plantedspike02051_jpg.rf.2b341371d46716c03d7dfaf14dd424a2.jpg,0,0,1,0
dm16421_jpg.rf.1cb392e0f786a3c5ff70b36457131b2c.jpg,1,0,0,0
skye02231_jpg.rf.bee4d38d92fbcc809f819df79e7df7af.jpg,0,1,0,0
ennemy201061_jpg.rf.efb6c1148caef7d2f3bad081bf858b23.jpg,1,0,0,0
dm09216_jpg.rf.2dc409ad8a500993eed505ee31231817.jpg,1,0,0,0
enemy300241_jpg.rf.233c907323eb6f81d6edb6d295bb7d57.jpg,1,0,0,0
ennemy00521_jpg.rf.c16e547ea937458f27c634058bbc3da7.jpg,1,0,0,0
killjoy02191_jpg.rf.a4d5efc2dabd8e80580feb416c8572da.jpg,0,1,0,0
plantedspike00861_jpg.rf.5a07b87eb94a51b25e8c367d891dec8c.jpg,0,0,1,0
teammmate02161_jpg.rf.adc83fe96f30b2a14da93f8ce06e034e.jpg,0,1,0,0
reyna02431_jpg.rf.f117bca094f2a49f7122a718cbe83bef.jpg,0,1,0,0
dm08571_jpg.rf.8c2bf1b778aef554b84d9472e03986d3.jpg,1,0,0,0
pheonix00051_jpg.rf.d4ef523bdefa520071b648106f5d1582.jpg,1,0,0,0
droppedspikerino01281_jpg.rf.ccc2f9b33e7c87b7efba57b2988749d3.jpg,0,0,0,1
raze00971_jpg.rf.5cecfb7a9ddc0feb73795b6ae881e4c4.jpg,1,0,0,0
yoru01801_jpg.rf.59b3d1b7459cfaf2e8215e935d9e45a2.jpg,0,1,0,0
teammmate2201461_jpg.rf.ff9c81f501e90edd0fad33772f4063ed.jpg,0,1,0,0
pheonix00061_jpg.rf.8e471c04abc0e2cef088dd9bcdb6634e.jpg,1,0,0,0
droppedspikerino01271_jpg.rf.c831744bce8fc30b2988efdc191c4603.jpg,0,0,0,1
skye01981_jpg.rf.3f8ba4ff4f9d3b6c6429fe0f85e50a23.jpg,0,1,0,0
sage01551_jpg.rf.da0859a1322cd9209d956e88f226c31e.jpg,0,1,0,0
Jett00421_jpg.rf.5b66b33cfa3436e7085b073d4a6cefbb.jpg,1,0,0,0
omen01091_jpg.rf.6e05bb5e4b316ae84a44f2181cdb31f3.jpg,1,0,0,0
enemy01091_jpg.rf.913848358539ef699e1d411c420742ac.jpg,1,0,0,0
plantedspike00671_jpg.rf.8a4df5a67c5c08b29189f2b20c887d1b.jpg,0,0,1,0
sova00611_jpg.rf.5f131eec1433f21936c3fff563658d61.jpg,1,0,0,0
teammmate02091_jpg.rf.8fbf0fd6b51be30baeefda48b1b44cd5.jpg,0,1,0,0
chamberenemy00121_jpg.rf.e013237eb1c8f6e0b69b3ac9b0b3b083.jpg,1,0,0,0
Breachteammate00601_jpg.rf.3d883310d09d90fee4092e32d9c71b74.jpg,0,1,0,0
plantedspike00251_jpg.rf.862d713e34ecbcf75f86a042f9d93744.jpg,0,0,1,0
dm01116_jpg.rf.f8afd3bc9437916ca1da50a9ab39d2a8.jpg,1,0,0,0
dm08896_jpg.rf.ed0e74c83f342acfab6f6355878c460f.jpg,1,0,0,0
enemy100151_jpg.rf.21b642397298da6462ef6fe32485275d.jpg,1,0,0,0
teammmate3300451_jpg.rf.8dc7c675d37978539b2d2ab9315f0da2.jpg,0,1,0,0
pheonix02571_jpg.rf.e148bb265e8b0bc8fa919e69d5475882.jpg,0,1,0,0
teammmate2201271_jpg.rf.2d5b5aeaf0a731c729f4a7276df8a7d0.jpg,0,1,0,0
droppedspike00711_jpg.rf.f712fed858a280be4724952cfc12c94c.jpg,0,0,0,1
scena01441_jpg.rf.a01b088ce5c5fbc9285468f5fbc9f3f4.jpg,0,0,0,1
cypher01031_jpg.rf.8532fb14af27d9aa05e65f85bce365b1.jpg,1,0,0,0
pheonix01671_jpg.rf.254f03765794517795beb9c616decca9.jpg,0,1,0,0
omen02441_jpg.rf.254cb02f99db50368e1402bf8d50cd02.jpg,0,1,0,0
brimenemy00491_jpg.rf.dc5a14a561148d62601d332ed593f631.jpg,1,0,0,0
dm10571_jpg.rf.adb98d257d9c7690ab545d8a7ecd6153.jpg,1,0,0,0
orb01511_jpg.rf.be138395cbb5d3560129bd53525502de.jpg,0,0,1,0
droppedspike00171_jpg.rf.ad5d034a5ffa66ef338ee45dd1122238.jpg,0,0,0,1
droppedspike01001_jpg.rf.aa5415c0ea2d5613259c0050b60c8692.jpg,0,0,0,1
plantedspike01721_jpg.rf.1493acd8d02d8f58b4bbad17ba31f862.jpg,0,0,1,0
yoru02381_jpg.rf.20b7bf50af6cefcfb1be6a1112f32aa1.jpg,0,1,0,0
dm10566_jpg.rf.c7d1b2f21d5e26995b8148c714736ad3.jpg,1,0,0,0
plantedspike00371_jpg.rf.a8ec084db7e80476f09a56c6b7d8f9ba.jpg,0,0,1,0
dm04516_jpg.rf.6a5991b379bd11b798b9acc77d482a60.jpg,1,0,0,0
droppedspikerino00481_jpg.rf.3574700673c525f6caa6a86bc546d15a.jpg,0,0,0,1
skye00361_jpg.rf.0fcf1a719cd1e62cac4fee06815aeb60.jpg,1,0,0,0
dm04916_jpg.rf.f8563abbc6bb29e5161659f91df0db47.jpg,1,0,0,0
plantedspike02011_jpg.rf.fa8afa5397c07543832bd810c4fa7af1.jpg,0,0,1,0
omen00531_jpg.rf.bd927c32c9275f95c4eb8ebc4b094254.jpg,1,0,0,0
neon00041_jpg.rf.f681d581a0464d984b02f13a6ebb0db3.jpg,1,0,0,0
teammate101591_jpg.rf.005c5f2d2dee12cfcb614729e4d38113.jpg,0,1,0,0
reyna01011_jpg.rf.746837d56e8b01cafee29175ac1c94f3.jpg,1,0,0,0
fade02551_jpg.rf.e2bb95d69fcd565cc9a59bd182c5af59.jpg,0,1,0,0
Breachteammate00551_jpg.rf.d8b9bab0632a10f77e292bf72067f5fc.jpg,0,1,0,0
defuser101141_jpg.rf.cb83451aa3e120646cc9b27b60757290.jpg,1,0,1,0
dm08501_jpg.rf.b5b0350b9f390f3dc2d76740f630e192.jpg,1,0,0,0
pheonix01661_jpg.rf.3f5c66885a220c8120ec6e67581fad72.jpg,0,1,0,0
defuser100121_jpg.rf.73fbc664e918d6b28f5d7ae54e7f3bcc.jpg,1,0,0,0
dm08536_jpg.rf.6b84ac558dbc725ad92c710d197628c7.jpg,1,0,0,0
omen00991_jpg.rf.64c78520bd125f39f8dfdf7a51b92d55.jpg,1,0,0,0
neon01871_jpg.rf.1f284fac9dec3303cea2f0be25a15913.jpg,0,1,0,0
dm03861_jpg.rf.fbbaf7f84c10aee84928c300db2c8482.jpg,1,0,0,0
omen02211_jpg.rf.7f4a53af9a5c2b291bc362819be53778.jpg,0,1,0,0
teammate300341_jpg.rf.d5587fe0b6d0076f5484d2e27a3cc731.jpg,0,1,0,0
teammate101211_jpg.rf.56d806c77704497356f94ad8345c2f8c.jpg,0,1,0,0
teammate300691_jpg.rf.104d6e8f7c9cb85f393882c49f81f060.jpg,0,1,0,0
enemy300351_jpg.rf.d27611d9d875f861a7f0b466cba30679.jpg,1,0,0,0
sova01761_jpg.rf.9919484d5bed392fec876627663073d4.jpg,0,1,0,0
skye00321_jpg.rf.998c499f774bc731371ef4a97e263069.jpg,1,0,0,0
kayo00081_jpg.rf.a90f895957af17df5b30d8335e32756e.jpg,1,0,0,0
dm17151_jpg.rf.fb6647e584c80f9e0d25fdfc60b45d93.jpg,1,0,0,0
kayo00511_jpg.rf.888d5e402a9fd55fa35d6c24fa294fd8.jpg,1,0,0,0
viper02421_jpg.rf.0dec05fa555db5c0627118f2a450b736.jpg,0,1,0,0
brimenemy00561_jpg.rf.e8dbcd7e149b1fc828eeb567ca654d78.jpg,1,0,0,0
viper01151_jpg.rf.66202a46ab2db3b1e60e47b02b162ee6.jpg,1,0,0,0
enemy01181_jpg.rf.59a836f86f225aee710c298d348ceb52.jpg,1,0,0,0
dm08216_jpg.rf.9c95d03507fd6b3034439a8702b96f6b.jpg,1,0,0,0
plantedspike00921_jpg.rf.2c72b2ce7bc873ffba07507ec52fef69.jpg,0,0,1,0
teammmate2200531_jpg.rf.64b05f82bae26de7589f0d2c10823300.jpg,0,1,0,0
orb02421_jpg.rf.8c7b3d3825b89f9adab2201763fab2b9.jpg,0,0,1,0
sage01141_jpg.rf.117d64490c529f899219e1a84efe940e.jpg,1,0,0,0
enemy301371_jpg.rf.13aa7ac017769f41d9a28d9bb04ad736.jpg,1,0,0,0
teammate100291_jpg.rf.3e5508ca772c7a5c43e069cf41d8ba11.jpg,0,1,0,0
scena00731_jpg.rf.e3f003032f2274c43f17e78cdb2f53e5.jpg,0,0,0,1
astraenemy00171_jpg.rf.8fed2a2f9352fab8e666ae663fff307d.jpg,1,0,0,0
viper02931_jpg.rf.fc1f1873c7dcd42a4ab00105489d4946.jpg,0,1,0,0
teammmate3302091_jpg.rf.92616af87d9d0652be8ca27bd97337ab.jpg,0,1,0,0
plantedspike00871_jpg.rf.9ffb0fe2df33a925ce6e81d8a93ad733.jpg,0,0,1,0
neon02431_jpg.rf.37524f752cdd864cc7836e12be7ea4d9.jpg,0,1,0,0
plantedspike00261_jpg.rf.5857cf4eb0c38df7ec0a0723fbe6bd30.jpg,0,0,1,0
dm02396_jpg.rf.5a4d5c0dc247e6d8091f07422296e400.jpg,1,0,0,0
teammmate2201611_jpg.rf.8c74c3b5df1acaa887a85a134c9e4009.jpg,0,1,0,0
dm17621_jpg.rf.a41600b54ea38df4ae8f33c1c0b920c5.jpg,1,0,0,0
dm18076_jpg.rf.96c20beea1b3f0ecd6273750026eda94.jpg,1,0,0,0
droppedspikerino01311_jpg.rf.e5cc6f9c131bca8c1274abc801b279af.jpg,0,0,0,1
dm11546_jpg.rf.6b8637b600f1ed3e67f5b764079942c2.jpg,1,0,0,0
dm05066_jpg.rf.3fc760421fffab484ab63ad998e6d26e.jpg,1,0,0,0
dm18361_jpg.rf.59030385b2b77e4151b8e7fc7690f051.jpg,1,0,0,0
killjoy02451_jpg.rf.bc7b8d34e66f4a664ce2b956ae125a22.jpg,0,1,0,0
enemy01631_jpg.rf.b69d19c9faafa4715eaff056020a9ca7.jpg,1,0,0,0
teammate300581_jpg.rf.88efc00d678efc6bd1388e68f3c68409.jpg,0,1,0,0
droppedspikerino00221_jpg.rf.8260873a51d662ae363f23802a8b899b.jpg,0,0,0,1
enemy200031_jpg.rf.ac25a8ba3f53bb1104d18a4d9d3dedf5.jpg,1,0,0,0
skye00761_jpg.rf.efaca00168bdf1cecd2ae268c277f847.jpg,1,0,0,0
enemy300371_jpg.rf.a6abea969d9e34c0d466b6af06db0ec2.jpg,1,0,0,0
enemy300281_jpg.rf.e333665735d2b7e05de433c4ecdee2e3.jpg,1,0,0,0
reyna00761_jpg.rf.8c36539f546e329a2075918d3baa4b29.jpg,1,0,0,0
astrateammate00161_jpg.rf.49b3d464fe9d7926ef2784a4ac17f43a.jpg,0,1,0,0
scena00991_jpg.rf.f1a762ef5f39d54891914a307959d6c5.jpg,0,0,0,1
skye02371_jpg.rf.eaadd223d7498d8cdb32b39ae4c88811.jpg,0,1,0,0
ennemy01391_jpg.rf.bc7482ea777589de73a2a00dfcc74408.jpg,1,0,0,0
killjoy01701_jpg.rf.ca2e189f9bf806e72d02eb366257f6d5.jpg,0,1,0,0
ennemy201071_jpg.rf.6b9a14594937a4b350e8c74da0d3cd58.jpg,1,0,0,0
viper01171_jpg.rf.fe12b36925cd77a1546cde07b5789856.jpg,1,0,0,0
yoru01761_jpg.rf.f8923f879e4b668a4b06004fe039c5ed.jpg,0,1,0,0
teammmate3300391_jpg.rf.b11a6a1b51a678a5e500913790ae9e9a.jpg,0,1,0,0
yoru00891_jpg.rf.bdd682faa3e564df50232cd60d5f268b.jpg,1,0,0,0
yoru02151_jpg.rf.4c4f23f51d7d9fad65c5aa31ddb2f84a.jpg,0,1,0,0
viper00291_jpg.rf.2ca0074b8559ba7ea25f37855127ce27.jpg,1,0,0,0
teammmate3301221_jpg.rf.8485d60f57b77b063692f56dd442386e.jpg,0,1,0,0
viper01231_jpg.rf.8d26d49196d9777e7f90d4d902ab1382.jpg,1,0,0,0
dm10061_jpg.rf.4c25e572e97f42af4cfa0940a7b8099e.jpg,1,0,0,0
enemy01081_jpg.rf.8ef246885a9b52d77244f5c92b5677be.jpg,1,0,0,0
orb00961_jpg.rf.6e3af651d4aa6d95fd6eb1afb6c5da19.jpg,0,0,1,0
plantedspike00421_jpg.rf.f883a80fd6b91b178b14c3d41d12a388.jpg,0,0,1,0
plantedspike01771_jpg.rf.c6a0a90d198a563a819be3f86ae2f37e.jpg,0,0,1,0
sova01371_jpg.rf.400ccacec91130346d9b7663d7f928f6.jpg,1,0,0,0
omen00041_jpg.rf.22fa2178156272a941c893cd7c211047.jpg,1,0,0,0
teammmate2201971_jpg.rf.59293acfce59cf9063ee2c71ea51b6e7.jpg,0,1,0,0
dm06886_jpg.rf.7098f04eb957a843caf75d9da0110c09.jpg,1,0,0,0
pheonix00611_jpg.rf.33fe575836fde19d6a5ee03c4baffc7d.jpg,1,0,0,0
teammate00741_jpg.rf.3ca7f129dc0c40ef79199ad471e3de48.jpg,0,1,0,1
dm02076_jpg.rf.947ba7069dad1f4a44d0f15385e7428b.jpg,1,0,0,0
orb02171_jpg.rf.d500b7a8d64faf3920da3eb4fdb4543a.jpg,0,0,1,0
neon01851_jpg.rf.01312211dc60940e75c26d45e6aeec44.jpg,0,1,0,0
orb02211_jpg.rf.84b809f5d967c8492036def84f44760f.jpg,0,0,1,0
dm02346_jpg.rf.2aa6dd46c21909899bc5c61b57763871.jpg,1,0,0,0
sova01971_jpg.rf.142180d8f0ec9a216dd3787c8e7fcbe3.jpg,0,1,0,0
sova01941_jpg.rf.45247178208e738510c5823be95bb991.jpg,0,1,0,0
teammate01661_jpg.rf.eed80b4759dedd26ecdf244aa5ca2ecc.jpg,0,1,0,0
teammmate2201181_jpg.rf.8ca8d7a6d57293509d0e1b8eafac9b5c.jpg,0,1,0,0
enemy00851_jpg.rf.3641ee79262611c89abf4c69bc280b53.jpg,1,0,0,0
teammmate00491_jpg.rf.bd901b519f0952c121e26c5542c986a2.jpg,0,1,0,0
ennemy00161_jpg.rf.d85814fafb4b878f52311d78ed12bdab.jpg,1,0,0,0
enemy100341_jpg.rf.0e3da48f31a3b7823197b06393585f58.jpg,1,0,0,0
teammmate2200661_jpg.rf.fd53b5c8f11effb4c584221cd2e3e8d0.jpg,0,1,0,0
raze02181_jpg.rf.8604544ab32d1a662659b7bdb99e6463.jpg,0,1,0,0
sage00511_jpg.rf.687f0e64dad0a9108f93d1cfb438f45f.jpg,1,0,0,0
ennemy200331_jpg.rf.9b2e1a2de426bd5244310e35725fd09c.jpg,1,0,0,0
skye00911_jpg.rf.1ec5b2e83105f0c90f6fa04789519353.jpg,1,0,0,0
reyna00721_jpg.rf.37ea2a35ca06ed2ccaa7d91c8fb7e14f.jpg,1,0,0,0
ennemy00471_jpg.rf.49fee6226417d0c6e83d2a832e777dd5.jpg,1,0,0,0
reyna01421_jpg.rf.5099cb021dbff7d82c5a10404ff6932c.jpg,0,1,0,0
raze02421_jpg.rf.e361168d58a45502d8f6d475f0d6a330.jpg,0,1,0,0
enemy00641_jpg.rf.08df734d02ec66a163afecd626bd9cb3.jpg,1,0,0,0
reyna01401_jpg.rf.c962e2b6bf592a0d540f4369f921f450.jpg,0,1,0,0
viper02961_jpg.rf.1eef2b1cdaa00898d1d64ccfe8ae5a75.jpg,0,1,0,0
viper01481_jpg.rf.4a27cc9e13ce6d4432d086bb83e11418.jpg,1,0,0,0
viper00301_jpg.rf.ad540f0d4dd6f20862d33b5fe0b1c795.jpg,1,0,0,0
yoru00901_jpg.rf.a4218a75b75a59b6a7e4218e6e748001.jpg,1,0,0,0
teammmate3301251_jpg.rf.00b1bceaa626f2c1a8dc38a077252c96.jpg,0,1,0,0
teammmate3302351_jpg.rf.359b4900545c6437108571bbfb3e8f8a.jpg,0,1,0,0
Breachteammate00691_jpg.rf.f3c77b68964067b53b68bd10a3edf12f.jpg,0,1,0,0
defuser101061_jpg.rf.791ec87717be02b7aea047a3636f15e0.jpg,1,0,1,0
plantedspike00981_jpg.rf.0ae82d6a4683b1731ebb7dd747a6ed9f.jpg,0,0,1,0
plantedspike00311_jpg.rf.7453d5d6e71d6d1319583c380edd72fc.jpg,0,0,1,0
teammate200161_jpg.rf.abe9838d1cb3553a3cf8f027bfa234ab.jpg,0,1,0,0
sova01921_jpg.rf.9ea6f74db12c3ea78fd78c367e3d0c2e.jpg,0,1,0,0
dm18061_jpg.rf.911e8f8aab7f9882661d26079d1ede5e.jpg,1,0,0,0
pheonix02501_jpg.rf.d74f21109ac4609adff85f9f33b4174c.jpg,0,1,0,0
ennemy00251_jpg.rf.b3a4a21d46c1b865aea5a47f6b596509.jpg,1,0,0,0
enemy00881_jpg.rf.2de5bbf08b4af12643c3034334e3b9c3.jpg,1,0,0,0
droppedspike00391_jpg.rf.ca641be5f3e2a1baa9d12291e35e3b07.jpg,0,0,0,1
ennemy00211_jpg.rf.b9323c2a24bda85faceb5cdabb420b43.jpg,1,0,0,0
sage00681_jpg.rf.8a8433f7aa201c110a60ee41277fc106.jpg,1,0,0,0
raze01211_jpg.rf.c8232a2737a1024970b3c757f1c82244.jpg,1,0,0,0
neon00031_jpg.rf.efdfe38db5acb19bd1ebf452b16e5ef0.jpg,1,0,0,0
enemy01721_jpg.rf.0c9ce6e49c18a293fd1ecf9540754e78.jpg,1,0,0,0
ennemy200631_jpg.rf.84069d765fe7cb1aebea92ce9ed93173.jpg,1,0,0,0
enemy300121_jpg.rf.aba07b97a91ad9e5e64ff05ae9e269ff.jpg,1,0,0,0
kayo02171_jpg.rf.7a36ba9ad56d4edc9d7cf461fc5c0458.jpg,0,1,0,0
omen01331_jpg.rf.934724dfc9cca683cd69acb07dfd1492.jpg,1,0,0,0
neon00451_jpg.rf.f6b53a5c8d59f67a3d3f2024b009f34e.jpg,1,0,0,0
teammmate02221_jpg.rf.5ac2d911a84d929bc4743e5938d3d86c.jpg,0,1,0,0
Breachteammate00681_jpg.rf.8b577284e7de0699181cab43716a6964.jpg,0,1,0,0
viper01791_jpg.rf.6bebb1d006c3392bb8b51de6f7ef3c67.jpg,0,1,0,0
scena01311_jpg.rf.13e69f8296590997d8f0bfa3f35f7a34.jpg,0,0,0,1
plantedspike02141_jpg.rf.3754a75aa9b9333323bb2aeff4bb91d9.jpg,0,0,1,0
teammate00821_jpg.rf.a274e59045c349fe5609309b806ee06e.jpg,0,1,0,1
omen00561_jpg.rf.63130e17a12114df97f233924e55ba51.jpg,1,0,0,0
dm06961_jpg.rf.bdcd9237c9afe53a4a3a972f7f3a78dd.jpg,1,0,0,0
enemy301331_jpg.rf.ae4f736c22b8fe7baba36339c4a66c0b.jpg,1,0,0,0
reyna01561_jpg.rf.87284dee0214e4321a00b8f0a7d41b39.jpg,0,1,0,0
teammmate3302101_jpg.rf.3dc0e29eebe579fd3620f21ce815003b.jpg,0,1,0,0
dm04921_jpg.rf.38a1f468f67e1eeb4716f63d68968e0e.jpg,1,0,0,0
pheonix01751_jpg.rf.b2a8232ccd31ff6afe86c6ef30335a22.jpg,0,1,0,0
defuser00291_jpg.rf.5c30d63855fccf43d96e9f89fdebe9fb.jpg,1,0,1,0
defuser100661_jpg.rf.037dd06da57e14a07c411ed03674f205.jpg,1,0,1,0
teammate100981_jpg.rf.42433930e2ed25fddf3042634aff935b.jpg,0,1,0,0
ennemy00181_jpg.rf.ff70c282d36bde4871e34de25f83a845.jpg,1,0,0,0
plantedspike00621_jpg.rf.b9575950cfe0de92a242f4b2cfea4b8f.jpg,0,0,1,0
omen01581_jpg.rf.53e0de4b8923c8932b3a3b3511290ed6.jpg,1,0,0,0
omen02301_jpg.rf.c89d185e90cfa9159bdf02ccbdae3711.jpg,0,1,0,0
teammate100081_jpg.rf.49af0c0e7b20db89350255398e49850a.jpg,0,1,0,0
enemy300291_jpg.rf.d0a02acce795faff94ef0becebc65e4f.jpg,1,0,0,0
raze01941_jpg.rf.d47a6d5b89807743b10915a2ae069c85.jpg,0,1,0,0
skye01951_jpg.rf.f194953f8de6bd6daaab68562f0dff4c.jpg,0,1,0,0
teammate100311_jpg.rf.32db136c8db11bd2523c35e59da73313.jpg,0,1,0,0
sage01331_jpg.rf.ccdecb8b4eb92bdf1b0895df19b78113.jpg,1,0,0,0
enemy02381_jpg.rf.8981ff2d73925bc00e9929b8ac2ba83f.jpg,1,0,0,0
viper00211_jpg.rf.de5354bfe220f544ad681e1aad3909e5.jpg,1,0,0,0
teammmate3301261_jpg.rf.24cb079aecff5c2d3d029adb76aaad0c.jpg,0,1,0,0
omen02461_jpg.rf.64df65c20edcce56e0b155f4b6728067.jpg,0,1,0,0
omen02551_jpg.rf.886338a5ea882d2d5059bd96abbc49c6.jpg,0,1,0,0
teammmate00771_jpg.rf.e892fbf25329c6376875f58f40cd5aa0.jpg,0,1,0,0
neon01791_jpg.rf.9fee00cfc07940cb51ba5c06b375cb00.jpg,0,1,0,0
dm13661_jpg.rf.ef587729bd0494efb869a80fbb309231.jpg,1,0,0,0
dm06266_jpg.rf.87ef86da72a0fd6ce0251ff8a132e75b.jpg,1,0,0,0
ennemy00131_jpg.rf.b246a9cdad96eb8bbbf4a957a9883269.jpg,1,0,0,0
dm05266_jpg.rf.fb4827f5fc4a86eaf8fd17ab55441c16.jpg,1,0,0,0
sage01441_jpg.rf.67335c23a54ce623dbadd1b7c203dc86.jpg,0,1,0,0
killjoy00431_jpg.rf.547b4028bb0a367260c095a28a2a437f.jpg,1,0,0,0
teammmate3300481_jpg.rf.7b983c742109204133a09478d30460a8.jpg,0,1,0,0
Breachteammate00611_jpg.rf.73c0f2ba36b3d9a296472ae8f3f26cf4.jpg,0,1,0,0
chamberenemy00731_jpg.rf.229cdb3c6611189a9569ad140f655141.jpg,1,0,0,0
defuser101321_jpg.rf.3209138de6d82248feca432100e3996d.jpg,1,0,1,0
dm09776_jpg.rf.c8b37d763a8fd420f620f678a31e5217.jpg,1,0,0,0
omen02101_jpg.rf.aceef4afbbe00f026116f009aefd187a.jpg,0,1,0,0
pheonix02241_jpg.rf.31693971a078976f746fe002cf0e976e.jpg,0,1,0,0
dm08761_jpg.rf.481e605ccec6fd7ba8ca3f0cc6f58502.jpg,1,0,0,0
teammmate2200481_jpg.rf.28f031d4379ae835e5289550e04d2938.jpg,0,1,0,0
dm08906_jpg.rf.1870b4b616046a0912511eccc1857731.jpg,1,0,0,0
sage00391_jpg.rf.29fcd115249687c304de8ff4c6192d13.jpg,1,0,0,0
dm16506_jpg.rf.ad49f97962fdcf1f061ab8f3fc009975.jpg,1,0,0,0
ennemy00341_jpg.rf.169187dffcb4efee008f4eab2cf7b1d9.jpg,1,0,0,0
skye01831_jpg.rf.212c807abb2d5a9540410697b1e2f170.jpg,0,1,0,0
kayo00631_jpg.rf.b0150f9c056b455c25da8ed8d3cf9e9d.jpg,1,0,0,0
killjoy01551_jpg.rf.fc9d7219cebf9534402de0870b573dd8.jpg,0,1,0,0
dm09631_jpg.rf.85bd02ab616153497530eedbeccb213d.jpg,1,0,0,0
killjoy01031_jpg.rf.1d3efdff2288caded35f9167017aea68.jpg,1,0,0,0
orb02251_jpg.rf.f9b4469518fed1ca631411eb0f714611.jpg,0,0,1,0
skye01771_jpg.rf.29599a6dcfdea980e12965968bd436a6.jpg,0,1,0,0
kayo02161_jpg.rf.e9e8d5970f473c4124c6dcd4fee36bd1.jpg,0,1,0,0
viper02361_jpg.rf.af485500be12d534f8f358400c2c7989.jpg,0,1,0,0
dm13251_jpg.rf.def4d3102a092352bc66daf82c0f7d00.jpg,1,0,0,0
orb02141_jpg.rf.55fcb959b5b4cf2f8cc0c6be1eb7dd3e.jpg,0,0,1,0
skye00331_jpg.rf.5bc7709caa109a6fd8238258775bb76c.jpg,1,0,0,0
teammmate3300461_jpg.rf.01a43cf9fa676159d0e4e6f708cb3718.jpg,0,1,0,0
ennemy00231_jpg.rf.a2e51f12c1abb199ac1ef8aa36e1d092.jpg,1,0,0,0
teammmate01151_jpg.rf.e70e7990cf72e29db0ba531d8a927681.jpg,0,1,0,0
viper01501_jpg.rf.9927b4c85a30e1ea5f8098a48541ece8.jpg,1,0,0,0
droppedspikerino01431_jpg.rf.c6aeb32a7200274da0c8cfcfca3228bb.jpg,0,0,0,1
dm18536_jpg.rf.23dd1146f6cde0b79cef12b6f77197de.jpg,1,0,0,0
sage00021_jpg.rf.cefcbd6a683b51693d165c3cfa657f5b.jpg,1,0,0,0
enemy00411_jpg.rf.85636418d78b932d7e6a01135e511527.jpg,1,0,0,0
enemy00811_jpg.rf.4fcabcda23f8a66e83c95e4dd1f65d78.jpg,1,0,0,0
reyna02211_jpg.rf.0e3b42c79040f16f39be12a94d1be194.jpg,0,1,0,0
pheonix01181_jpg.rf.89a489329a31fb971e576a1807cc4e82.jpg,1,0,0,0
teammate00271_jpg.rf.7335f9bad8703ea6bb6b16391b3b3efb.jpg,0,1,0,1
dm17201_jpg.rf.7c8f1f5affb117c68bb0d80ad144fc83.jpg,1,0,0,0
teammate00031_jpg.rf.c9ccd537b48499ff561ed6034059fec3.jpg,0,1,0,1
defuser00441_jpg.rf.8cf46b313ee1176ebe9e7861afcc5cae.jpg,1,0,1,0
sage01771_jpg.rf.a5471c0fcf672a4128bfebe93597c910.jpg,0,1,0,0
viper00231_jpg.rf.9538d8f814109c51006b8ce039798013.jpg,1,0,0,0
dm09991_jpg.rf.d3fef65c8dcf6aad1fef159e03390c33.jpg,1,0,0,0
neon01741_jpg.rf.ee1880913a374437975b270213dbfaee.jpg,0,1,0,0
pheonix00071_jpg.rf.22eb215d9c5b24c744fc7bd60251929b.jpg,1,0,0,0
teammmate00131_jpg.rf.80ae4261c3492f15a65c6355bb37e020.jpg,0,1,0,0
pheonix00311_jpg.rf.98a3144b7abf409075ed946564b4cc33.jpg,1,0,0,0
teammmate2201171_jpg.rf.07897d66e1bdc36bc6a2fd7e855b8b40.jpg,0,1,0,0
teammmate2200671_jpg.rf.d65a65be3a970e5d92d79148e4f212f9.jpg,0,1,0,0
sova00691_jpg.rf.de610045e335bc1e03f09308a9cbdf7c.jpg,1,0,0,0
yoru00931_jpg.rf.c18f5e731b2025a75e43c61b8f8976bd.jpg,1,0,0,0
chamberenemy00741_jpg.rf.86afb19a8e952d87de674ff59f3c414a.jpg,1,0,0,0
viper00241_jpg.rf.22dc1a3c4e9635da76cceaed6281749e.jpg,1,0,0,0
viper01461_jpg.rf.2ce9b28d8d5ded8631111c70bda3817b.jpg,1,0,0,0
dm09411_jpg.rf.9a3e5aca9a8ac4630447dc72f9116f2d.jpg,1,0,0,0
pheonix01961_jpg.rf.186b0154ff0d687a7b8fd2cb0fdf3e45.jpg,0,1,0,0
droppedspike00151_jpg.rf.5e358e2dca0e4319bbf23ad16d6dffcd.jpg,0,0,0,1
skye02251_jpg.rf.4cb72662e477f954ecf5cc52201f413e.jpg,0,1,0,0
dm16186_jpg.rf.aff5e4c4eed1746f36b272d9ced35812.jpg,1,0,0,0
skye00031_jpg.rf.3e71ea84d79859844796fbac9c8d87f6.jpg,1,0,0,0
ennemy00501_jpg.rf.b097c75b8f2e63f504f4fe60bc875cea.jpg,1,0,0,0
yoru01841_jpg.rf.8179f415ea26c792be920867de38f15d.jpg,0,1,0,0
viper01201_jpg.rf.c9fb9eb82db458c96458969038c1052f.jpg,1,0,0,0
yoru00941_jpg.rf.cd1c00753fc0325602b531ea56a16614.jpg,1,0,0,0
orb00581_jpg.rf.b904a36f5879139caba4922e9986983e.jpg,0,0,1,0
plantedspike01701_jpg.rf.3439756804b7fa465161de068cd1cadd.jpg,0,0,1,0
dm02501_jpg.rf.d272e6b0b53ec5199d4b0bb69310102c.jpg,1,0,0,0
neon01941_jpg.rf.d842a434fe95ba84551ab6080c089949.jpg,0,1,0,0
neon00021_jpg.rf.f058b02ff85bc1aa77ca3dd3b61ec7f3.jpg,1,0,0,0
teammate01691_jpg.rf.40d348c7761cda4977a6b70491384390.jpg,0,1,0,0
dm00256_jpg.rf.ccf00340b9e5a86c57a8268b7077ec4d.jpg,1,0,0,0
pheonix02201_jpg.rf.0dc63d87902915868ac18ac31212d128.jpg,0,1,0,0
killjoy02511_jpg.rf.836c09b4718aa2a20c2e9c553d042f05.jpg,0,1,0,0
dm17691_jpg.rf.212834af70e0e4401e2145da968d2783.jpg,1,0,0,0
dm08816_jpg.rf.e17347316e3d3f8f829a0de02b7c7203.jpg,1,0,0,0
teammmate2202961_jpg.rf.492d33a96e256361de130a95f0f04ac2.jpg,0,1,0,0
dm18366_jpg.rf.49c1d23b6b28e427cf7f15139a82801c.jpg,1,0,0,0
sage01041_jpg.rf.95137e04c4a2622092f127dbfe8ec393.jpg,1,0,0,0
teammate100301_jpg.rf.56e9bd06b3aadb3eced6325519367782.jpg,0,1,0,0
skye02241_jpg.rf.9afc80a7a93801a158ffbe35a652476d.jpg,0,1,0,0
Jett02221_jpg.rf.cb81f187038ce22682d1526789aae13f.jpg,0,1,0,0
reyna02441_jpg.rf.c2f4671320232d6ae07e3edff0f83a6d.jpg,0,1,0,0
ennemy00081_jpg.rf.3b04c9cc75023955fe8e88e39662f58d.jpg,1,0,0,0
teammmate3301521_jpg.rf.af410954f445122e3f3e1e2abe226ac1.jpg,0,1,0,0
yoru00951_jpg.rf.1651e931d9364d9b5024916e51b93918.jpg,1,0,0,0
yoru00921_jpg.rf.bf78738681063d08ac801f252567f46f.jpg,1,0,0,0
yoru02171_jpg.rf.53ed9b4377b7f9c6fff0d6d3a92db61a.jpg,0,1,0,0
brimenemy00531_jpg.rf.64dda76c7f6d0306bd32c0ec27d194d6.jpg,1,0,0,0
dm11216_jpg.rf.301819e4de92075a8bb6ffa68d41cd4e.jpg,1,0,0,0
dm08921_jpg.rf.604e6a1bad4c4c379086b1f688bcd59e.jpg,1,0,0,0
dm09211_jpg.rf.0df6ff3b0c20a9c24db7e561dde23cc2.jpg,1,0,0,0
teammate300461_jpg.rf.59512c69cc395176ef6af1e1258e4947.jpg,0,1,0,0
teammmate2202491_jpg.rf.88c1616080d4dd312d16ce02fef3983a.jpg,0,1,0,0
teammmate2201661_jpg.rf.184d521cc59620e33f4f8103e409b840.jpg,0,1,0,0
teammmate2201631_jpg.rf.c55a475b9d2d2213f04412abc965cfed.jpg,0,1,0,0
dm17181_jpg.rf.672a31a86ba4dd14508defd0a233d394.jpg,1,0,0,0
neon02261_jpg.rf.8afc6291fdc025874212b5b136b594b7.jpg,0,1,0,0
defuser00281_jpg.rf.ccabc89a8138773d2c1c6f1baa768b59.jpg,1,0,1,0
dm00851_jpg.rf.d9fb3f729b4cb7f6fff99b901fdca6f0.jpg,1,0,0,0
teammate01641_jpg.rf.3822be3c31939ebcaf32bb8df2596001.jpg,0,1,0,0
plantedspike02071_jpg.rf.eaed31147e4dfa5fdf7e0d31a7edb675.jpg,0,0,1,0
enemy01231_jpg.rf.1328c83dfe46a7a2c595da99feacc1e6.jpg,1,0,0,0
enemy01991_jpg.rf.13eb4af2545662df1988b48b5796ec7f.jpg,1,0,0,0
dm01306_jpg.rf.43f7011c2d47df73ffee2cb91bf6f0bb.jpg,1,0,0,0
enemy01791_jpg.rf.34d28ac423159c5c11bebc6051ef239b.jpg,1,0,0,0
dm11551_jpg.rf.fb178ac7bd272c1eceec3b42af605bcf.jpg,1,0,0,0
teammmate00551_jpg.rf.0a8066606392a6c522348c4ee268beb6.jpg,0,1,0,0
teammmate01721_jpg.rf.f62dd8a7ea79f7c7b0ec7e1bbb91f445.jpg,0,1,0,0
skye01531_jpg.rf.475d191bef33674c7f919f34875671da.jpg,1,0,0,0
enemy00071_jpg.rf.e303a148b2cfe1e86a751b9ed60f3596.jpg,1,0,0,0
skye01811_jpg.rf.0f8eb7936f1736e4173b3140617b0a3a.jpg,0,1,0,0
scena01301_jpg.rf.b66f637de7d76b9a6e6dede8b93dc182.jpg,0,0,0,1
sage01461_jpg.rf.c87cb8facf6b6509badb6bf86c679048.jpg,0,1,0,0
skye00791_jpg.rf.b6b655346a0878e995e7f06202662176.jpg,1,0,0,0
droppedspike00781_jpg.rf.1a8c42b549cb19605ba40f71b9ff5155.jpg,0,0,0,1
sova00601_jpg.rf.087451a96d63326e98602bdf11272304.jpg,1,0,0,0
sage01631_jpg.rf.575855f2aa8e42b4e9f216721eca3b31.jpg,0,1,0,0
fade02691_jpg.rf.968ef393c9d2bc86cdaf6de702fee456.jpg,0,1,0,0
raze01821_jpg.rf.0b5925f3eddd2a3b7fc5c3122a904b4d.jpg,0,1,0,0
dm16496_jpg.rf.39fccbfb727df34b44381355dda1d81c.jpg,1,0,0,0
sage01231_jpg.rf.92d3d923eb8fc939905c61e2a488476f.jpg,1,0,0,0
killjoy02091_jpg.rf.c807ba2f9ab97ddc19e5844e493d62e7.jpg,0,1,0,0
ennemy00311_jpg.rf.b18e914e24599b7b32f8e1fa6e451bdf.jpg,1,0,0,0
raze00081_jpg.rf.7b03353bb77a5263f655483fd792e4d7.jpg,1,0,0,0
dm13201_jpg.rf.e021aa34696973d2bbbf17e20821d4f3.jpg,1,0,0,0
enemy02401_jpg.rf.817349debba1ce75a191af9b084c76ce.jpg,1,0,0,0
dm06616_jpg.rf.0537b44676389fee99136028c7882628.jpg,1,0,0,0
astraenemy00111_jpg.rf.37c08c3712a93ab13851dedf3efd8143.jpg,1,0,0,0
cypher01421_jpg.rf.a8756f16745432571cb8969dd9068a35.jpg,0,1,0,0
Jett01841_jpg.rf.bba5d25878cc0e7c610e672a3a91f5fd.jpg,0,1,0,0
raze02381_jpg.rf.25f8751f2f948f284ac86915dcf43157.jpg,0,1,0,0
Breachteammate00631_jpg.rf.625919acb3a2e26732f9841895bd2c68.jpg,0,1,0,0
teammmate3301591_jpg.rf.a6c6925124f21964f9e9bc87cab9b8f2.jpg,0,1,0,0
yoru01821_jpg.rf.c6919d27676c52938b94625d96238952.jpg,0,1,0,0
viper02731_jpg.rf.cf3d694d09576e8049aed0b045a52006.jpg,0,1,0,0
viper02691_jpg.rf.d0ac3763b9027140ca14ba9baadf67d9.jpg,0,1,0,0
viper00281_jpg.rf.d8b090cfa40905bbd5feabd09be37147.jpg,1,0,0,0
chamberteammate00031_jpg.rf.e0552f2e8388033fbd3a347595f023cf.jpg,0,1,0,0
teammmate3300471_jpg.rf.e5a1c3ca00a464f5c6ca24f4367a4ccc.jpg,0,1,0,0
teammmate3302131_jpg.rf.22b0de4b83b438200553d4484f81641b.jpg,0,1,0,0
chamberenemy00811_jpg.rf.9d59c7521361d1da0fbc590b899488f7.jpg,1,0,0,0
Breachteammate00661_jpg.rf.6ae19cefa3566221332886de9799e0ce.jpg,0,1,0,0
viper00251_jpg.rf.f8083f5a437c3dc36f5946cc8e93e76d.jpg,1,0,0,0
pheonix00861_jpg.rf.95fd62bac8a7095f1126acb45532771b.jpg,1,0,0,0
neon00291_jpg.rf.c11488f28469fe46c07d60096b5de8ea.jpg,1,0,0,0
killjoy02171_jpg.rf.72580b16ed81669a89e4ed1215e16a93.jpg,0,1,0,0
orb00401_jpg.rf.4225bc04820859766f39ad1277ebbefe.jpg,0,0,1,0
orb00191_jpg.rf.9689d9e8c4b7283fd718b1c792ea8028.jpg,0,0,1,0
omen00251_jpg.rf.9d608781c0b8c1c2997c3d693bfa0fd3.jpg,1,0,0,0
teammate101391_jpg.rf.2a653eb3f0ce1232a9463c9f73859a38.jpg,0,1,0,0
omen01071_jpg.rf.731b3bc603ce799de982a982a4bd8f5d.jpg,1,0,0,0
neon01701_jpg.rf.2134df11a8d6708a7e7e772403de3af2.jpg,0,1,0,0
omen00031_jpg.rf.a195adc3907ffeaf4c57ed3d35fdc1f1.jpg,1,0,0,0
defuser100341_jpg.rf.4a23ab497e4c230280f077e85170fb94.jpg,1,0,1,0
defuser00411_jpg.rf.f577dc2ca11ba9d9dddb888f27a6f6e0.jpg,1,0,1,0
neon00001_jpg.rf.df97a12c6977aa00d4369ae23b8d9e70.jpg,1,0,0,0
pheonix02651_jpg.rf.2099dddb893b9e2ffad2c1a438f73537.jpg,0,1,0,0
neon02301_jpg.rf.131661109a553405316a4a8f7df45ddb.jpg,0,1,0,0
pheonix00331_jpg.rf.6a9c233dc92f44b85b9a1137daf7a01c.jpg,1,0,0,0
pheonix02181_jpg.rf.979f9bb6d02e5a256bbbb26829b370fc.jpg,0,1,0,0
enemy01541_jpg.rf.a550d7e3dec6823ea4bf682929c64f4b.jpg,1,0,0,0
omen02061_jpg.rf.2f6c931535246ec5e313c7e5af8c8d1c.jpg,0,1,0,0
enemy01281_jpg.rf.d2fb07ac4b99c501ead55b8d14214c66.jpg,1,0,0,0
pheonix00371_jpg.rf.1378e80d5e22a922d4e067cb97baa8ac.jpg,1,0,0,0
pheonix02021_jpg.rf.7d3282241eab8abb4cd7bf99d83ad015.jpg,0,1,0,0
omen01571_jpg.rf.5968cd2f4a70e2d520d9014ab5a2c744.jpg,1,0,0,0
dm14686_jpg.rf.2de03a7d509018fd17cac7e6d41b9a3b.jpg,1,0,0,0
dm01346_jpg.rf.01c845256f8f3b29b500aee010fd3d17.jpg,1,0,0,0
teammate300441_jpg.rf.c95d82b8cb617666894e925e9140d98a.jpg,0,1,0,0
dm07996_jpg.rf.a8df370a4c33d99137b988155525a2aa.jpg,1,0,0,0
droppedspikerino01551_jpg.rf.324bc9ac7b6615bf0006e0e554cd0895.jpg,0,0,0,1
droppedspikerino01581_jpg.rf.4568e0d5c9d03049114e0e79fef945a4.jpg,0,0,0,1
dm01316_jpg.rf.033efd4444ed0da22f99d183455df9ff.jpg,1,0,0,0
droppedspikerino01541_jpg.rf.83a23ac07ce7dc6ce46c05104578f088.jpg,0,0,0,1
droppedspikerino01611_jpg.rf.a2398201ec3e09998331ad9d16119fa5.jpg,0,0,0,1
dm01271_jpg.rf.e9556ad2a3ee41d964ee5fca250b314c.jpg,1,0,0,0
pheonix01951_jpg.rf.55ce80ce30791f29e5ecd82138cbb31b.jpg,0,1,0,0
dm12441_jpg.rf.5cf9ed690157aa10087404d6c0f479c0.jpg,1,0,0,0
teammmate2200611_jpg.rf.64a052ab93e6fec23bec4a553a9e28ee.jpg,0,1,0,0
dm12411_jpg.rf.8787f26d1939a79d4bdec66371e2687e.jpg,1,0,0,0
skye00381_jpg.rf.0ad43a6196f1b7e50a34737c337bdf42.jpg,1,0,0,0
skye00711_jpg.rf.6548ebe468f759a6aefc938aa8e88986.jpg,1,0,0,0
raze02071_jpg.rf.c5f5f6d7880d56a7f0558f8d7946c457.jpg,0,1,0,0
droppedspikerino00181_jpg.rf.eee271fa50d01aa2d0502971fc6896ec.jpg,0,0,0,1
raze01751_jpg.rf.ae38508c34a3d9e55dc0f452ceab7e53.jpg,0,1,0,0
ennemy200581_jpg.rf.a0f7af5650db3be43d9f260d30a89eae.jpg,1,0,0,0
enemy00451_jpg.rf.f50fb906c731886aaff931bab5d8d41c.jpg,1,0,0,0
raze01741_jpg.rf.bc6fb46d84c001c5046606e3ced9372b.jpg,0,1,0,0
sage00481_jpg.rf.c076796f149c67a0f136c584197fe08c.jpg,1,0,0,0
raze01501_jpg.rf.a4795cd1d5d8412e44d8732244c3e363.jpg,0,1,0,0
skye02071_jpg.rf.ef376594e4b3bf5ec2a2f6d0474b3e61.jpg,0,1,0,0
sage01691_jpg.rf.40a0a92f9470a0a04e1d6d4d4936c386.jpg,0,1,0,0
sage01671_jpg.rf.d1ac2a96a4a20b0ade5db3ce8f84c64b.jpg,0,1,0,0
skye02001_jpg.rf.8c88f52a00f03eea0fa84f626307bd02.jpg,0,1,0,0
dm16571_jpg.rf.09ceb156d6fe3b0a8df14c73cc52a82c.jpg,1,0,0,0
reyna01091_jpg.rf.7425a2176bdc3bcd03d3e1f04d62fe3b.jpg,1,0,0,0
sage00521_jpg.rf.49d216a33ff63c8b00f0c6e583f3ee9b.jpg,1,0,0,0
enemy200141_jpg.rf.d9444fb58ad86dbd679d4ea6cf37820b.jpg,1,0,0,0
astrateammate00171_jpg.rf.16e094170efd53131ea25be12ef6d04f.jpg,0,1,0,0
brimenemy00851_jpg.rf.3ac61970b2bca8534b71775220461491.jpg,1,0,0,0
reyna00461_jpg.rf.ebe56becef0b4ed7053b21d5420f61bb.jpg,1,0,0,0
cypher02161_jpg.rf.aa79d3fdfdcd5ea7dd66728d726ca09f.jpg,0,1,0,0
raze01521_jpg.rf.dd3fca8bdd935f9fb3ae8194d3ae4e71.jpg,0,1,0,0
chamberenemy00101_jpg.rf.e4e8aea6d9df9bd9eedc26ac167019d5.jpg,1,0,0,0
raze00271_jpg.rf.2e75c3085dc0f95b8028a9a3c14076c5.jpg,1,0,0,0
enemy02041_jpg.rf.0c3b2d49d7422b665e481964e2821482.jpg,1,0,0,0
reyna02301_jpg.rf.b7695171923fdcdf34ea6c4282316781.jpg,0,1,0,0
brimenemy00921_jpg.rf.3b333b9fcc28f4f03626364775c5e573.jpg,1,0,0,0
raze00261_jpg.rf.9b8c5b18b2743379c337f848327adf82.jpg,1,0,0,0
kayo01061_jpg.rf.33eadaf64c713a94294b51afa7b54633.jpg,1,0,0,0
brimenemy00961_jpg.rf.a63a7935acb84bf3b8989082f9808b2e.jpg,1,0,0,0
cypher00821_jpg.rf.73fe35a90d3f2884a5bbfcc391ac762d.jpg,1,0,0,0
chamberenemy00601_jpg.rf.4bd0738a5954add27ffbc4479aefadba.jpg,1,0,0,0
chamberenemy00681_jpg.rf.c4fe0d73fe1bbd827c7093b1de05cb11.jpg,1,0,0,0
viper01911_jpg.rf.8f71a711448ebe776d5328b88d5c8a13.jpg,0,1,0,0
teammmate3301611_jpg.rf.c10cc5e90956f20bebaa704b18e112c2.jpg,0,1,0,0
chamberenemy00761_jpg.rf.32fee924de4e96257bc4032c29d7fee0.jpg,1,0,0,0
viper01591_jpg.rf.2a56e4d5cf2163bab23bcf1bb0da4a44.jpg,1,0,0,0
Breachteammate00701_jpg.rf.59c8d518168fc78ce702d93b5556d742.jpg,0,1,0,0
viper01971_jpg.rf.b30d978ce478bcdeb1fc75cd57c47ea1.jpg,0,1,0,0
viper00221_jpg.rf.f19cc176439b123f5fbc7c338d82f7cd.jpg,1,0,0,0
viper02721_jpg.rf.1bd94b6281f6175d5026393df1f623a4.jpg,0,1,0,0
pheonix01061_jpg.rf.e7eb3c5b8fd08bc1590aa05574f34b4e.jpg,1,0,0,0
dm02036_jpg.rf.5ed0cef94486863c28084d6ac9b97e52.jpg,1,0,0,0
orb00491_jpg.rf.fff205559638bfc51b1350f3c1cfbc4e.jpg,0,0,1,0
orb00291_jpg.rf.f6a2b33d5c19af1355915155634a22b8.jpg,0,0,1,0
plantedspike01001_jpg.rf.47298db053e2a3cef94e8a7d366beb1f.jpg,0,0,1,0
orb00791_jpg.rf.85818f77390c61dd06cc11d8d48a2270.jpg,0,0,1,0
neon00881_jpg.rf.a222023ef99c53c5af65991a12677d75.jpg,1,0,0,0
dm04961_jpg.rf.b8906103debbf024f06b0a4c9207445b.jpg,1,0,0,0
teammmate2201441_jpg.rf.a99905fa165c7bac43e13996df5fd21b.jpg,0,1,0,0
omen01061_jpg.rf.8ade34a45fdffabec512caa65d96ac9f.jpg,1,0,0,0
teammmate2202451_jpg.rf.8bbef015a524aa51578f434d4988f1c6.jpg,0,1,0,0
dm08561_jpg.rf.7e6015e9426d18ad26a767c6c6bf4acd.jpg,1,0,0,0
enemy01161_jpg.rf.3c63e6c7478de04a512cccd6eb7ef745.jpg,1,0,0,0
teammmate01201_jpg.rf.330354acd96d88e7d786cb0ddd4fe317.jpg,0,1,0,0
killjoy02731_jpg.rf.35f7415d6bae0db45ebb0eb75455b363.jpg,0,1,0,0
teammate101761_jpg.rf.0638ee9e569e3b697dbf04cf6aa58f18.jpg,0,1,0,0
teammate100611_jpg.rf.6e70501da435ace9da2a634c77229b11.jpg,0,1,0,0
defuser100081_jpg.rf.ba8b7d2923efd02ea68616ca8becfd39.jpg,1,0,0,0
dm00326_jpg.rf.0e532a7c3a39ba059b6ddcb4f481f9cf.jpg,1,0,0,0
dm08221_jpg.rf.297613350f7b8c7371bd71be6dc70703.jpg,1,0,0,0
teammate00811_jpg.rf.bb9d7e34ff341c11737257b33d894cd7.jpg,0,1,0,1
defuser100491_jpg.rf.6a121a252312bf47270654b2478497a6.jpg,1,0,1,0
teammmate00741_jpg.rf.5443cbfebe328e62176a68533914171f.jpg,0,1,0,0
plantedspike01811_jpg.rf.d32499f935cfb1f0ed9058fd8753bf6c.jpg,0,0,1,0
pheonix00451_jpg.rf.67844a187d7c0b0905140b6daa44f62e.jpg,1,0,0,0
pheonix00081_jpg.rf.0e2eceae77cd275738167a5ab9cbaa16.jpg,1,0,0,0
enemy01191_jpg.rf.9bcbcf1f73525655fac9034655e63374.jpg,1,0,0,0
dm02366_jpg.rf.4359930cd07186aec8ce1e66502a6c42.jpg,1,0,0,0
dm02371_jpg.rf.5c6c9200979b673205a8be23bbd98d92.jpg,1,0,0,0
defuser100821_jpg.rf.f0b86a623e620536301ef5e355fd2c29.jpg,1,0,1,0
pheonix02601_jpg.rf.6fb6b445afdcb1c6aa4f1165bf4cbd38.jpg,0,1,0,0
defuser00401_jpg.rf.51d06d6fda55094ae79bb54d48dae0ce.jpg,1,0,1,0
defuser100741_jpg.rf.fe63c63fd6025323528de7e177338f46.jpg,1,0,1,0
omen02051_jpg.rf.2f02e81613fbec7794c4509964d137dc.jpg,0,1,0,0
dm17666_jpg.rf.4efbe9148dbfe154c79c6d88f925517b.jpg,1,0,0,0
defuser00351_jpg.rf.522412e72ab37465a9f13bb200ddc1d4.jpg,1,0,1,0
enemy01261_jpg.rf.795c1563f5676842e3002c11f3745ebb.jpg,1,0,0,0
teammmate2202621_jpg.rf.b1135dcb242038c3ffb76e0fa18d7639.jpg,0,1,0,0
dm17651_jpg.rf.bdb810bf7aafd415fa82baf36ed9cd77.jpg,1,0,0,0
dm18056_jpg.rf.c9b04b6a4196fcfd78d5c786b8873ca2.jpg,1,0,0,0
dm08756_jpg.rf.f470a1599b9127497a9c6b2d44119b36.jpg,1,0,0,0
orb01081_jpg.rf.a7a60d5646ed45ac0e116223387cc23e.jpg,0,0,1,0
enemy01551_jpg.rf.f28e45ec77fd71aab8ae808890df538f.jpg,1,0,0,0
enemy200701_jpg.rf.f5d6a7233f83e0b72e737d4ae5a7097a.jpg,1,0,0,0
omen02081_jpg.rf.3bc89f5e24ece0e2309851317d6b9d31.jpg,0,1,0,0
neon01761_jpg.rf.53108bdfc8843471f05b74a3f8932eb4.jpg,0,1,0,0
orb01041_jpg.rf.704c04f30f3cdbd32895e0fbe6056c9f.jpg,0,0,1,0
pheonix00191_jpg.rf.1d79b787beaab01dcc7f984a4817f801.jpg,1,0,0,0
orb01071_jpg.rf.37c70582814b1ef014d1404b89d87252.jpg,0,0,1,0
enemy01531_jpg.rf.45d93fbd6319fcf8f4cbdeb6561145bb.jpg,1,0,0,0
neon01881_jpg.rf.46ed7e209e9edcdcecbbcbb1ffbbf597.jpg,0,1,0,0
defuser00451_jpg.rf.4acdb32f86bcc65ebf5c0d5f246d243a.jpg,1,0,1,0
teammmate2201281_jpg.rf.1b2756bf44a141c03503c9cc0926a1d2.jpg,0,1,0,0
enemy300101_jpg.rf.2be6087f3751b766f798a7a2df752d55.jpg,1,0,0,0
teammmate02141_jpg.rf.ed6c05f589e2796800c07a5fa34f0fcf.jpg,0,1,0,0
teammmate01841_jpg.rf.24d384e3021ec15d684cd6a9976c3485.jpg,0,1,0,0
dm15276_jpg.rf.bfd3f5358b0d1f78e7ee3b5a5e4d36c1.jpg,1,0,0,0
teammate01801_jpg.rf.cc19b5e1cd70bfe3506a4da6988e787e.jpg,0,1,0,1
enemy00971_jpg.rf.10b0aa99925f811fef8114f424745c45.jpg,1,0,0,0
droppedspikerino00641_jpg.rf.a7798f06dc9042f2d001ffef7b6fbc8f.jpg,0,0,0,1
teammmate02411_jpg.rf.4e4e8daabe4c507bb1306b9b9c8a5607.jpg,0,1,0,0
dm05136_jpg.rf.5cbaddb3bb2b1aa7bd875c8f180bf598.jpg,1,0,0,0
teammate100091_jpg.rf.ac96e43921a4472ed6bb0eecfb2debca.jpg,0,1,0,0
enemy01781_jpg.rf.b15b79f92e39b6938fc4ce92f1bbaaa5.jpg,1,0,0,0
dm11526_jpg.rf.2a4ea376875721cb7665e9786f7f9f39.jpg,1,0,0,0
teammmate2200541_jpg.rf.5d26d5514ce0cffca1f0df7ab548ad91.jpg,0,1,0,0
teammmate2202941_jpg.rf.b1d9f408b801069315e48c94609d94b5.jpg,0,1,0,0
teammmate2202911_jpg.rf.cef6d44a77666223fdd999e4504bfa26.jpg,0,1,0,0
dm05106_jpg.rf.73f21f84633e001c8032cbf04f60b26d.jpg,1,0,0,0
teammmate02151_jpg.rf.cb1539855f603ef7febf202d6e65846a.jpg,0,1,0,0
dm14721_jpg.rf.401d903ae2c9fbf34ae8c9a02420663c.jpg,1,0,0,0
sage00431_jpg.rf.06f7d6924e2bb3c3e7a8e2a9af9a12a0.jpg,1,0,0,0
dm05131_jpg.rf.71365e1e75fa1eef2bf895769fabed6f.jpg,1,0,0,0
dm05111_jpg.rf.be4ad35a2a77caba7887586d5134f4cf.jpg,1,0,0,0
teammate101231_jpg.rf.81af2cb84a8a61eced9b44c58815a609.jpg,0,1,0,0
teammate101641_jpg.rf.428326e5ef153562130e52b12d5528f1.jpg,0,1,0,0
teammate101631_jpg.rf.239215457c90a8b1face3efbaf8d1ddf.jpg,0,1,0,0
skye01101_jpg.rf.add3106a6a03485f6eb0d1da4736c069.jpg,1,0,0,0
teammmate00981_jpg.rf.4922acf251e80c0235f36eb7588f4e8a.jpg,0,1,0,0
dm12421_jpg.rf.214b9ed4f25b5f1932be1876ac9997bc.jpg,1,0,0,0
kayo01031_jpg.rf.e5145651ef232f3f6643fad9f7efff76.jpg,1,0,0,0
sage00851_jpg.rf.661c8d8f7e211cb522a8c94dedeb4794.jpg,1,0,0,0
teammmate01061_jpg.rf.0c32b1e9bff1aa292c5efb6b41dd3a99.jpg,0,1,0,0
enemy300211_jpg.rf.e4eb068c27ecbbf0b7da444f396a2b7f.jpg,1,0,0,0
sage00371_jpg.rf.9f0ee06e78593229d242d289807f41f9.jpg,1,0,0,0
teammate00191_jpg.rf.73a944414664381033d57b6f5fe5bad4.jpg,0,1,0,1
enemy100461_jpg.rf.955ea18aae1a0265b05daa33fc385fff.jpg,1,0,0,0
dm12391_jpg.rf.5edd8968c45909bddb7de7ab425f9dbf.jpg,1,0,0,0
enemy100371_jpg.rf.34b2c43c3ee96fc7470f3085c4f7ed4a.jpg,1,0,0,0
teammmate2200751_jpg.rf.fe5ccd85c180296cae129823d74590aa.jpg,0,1,0,0
enemy00501_jpg.rf.3257b8942f64196f6d2fdebefa06556c.jpg,1,0,0,0
droppedspikerino00011_jpg.rf.9405479f9897f9a6f8ba68969542fe61.jpg,0,0,0,1
sage01401_jpg.rf.683debd3fc6ed870be9f26d87be16923.jpg,0,1,0,0
skye01221_jpg.rf.772e8506ad6de5dc79885ed725a08bdd.jpg,1,0,0,0
enemy200231_jpg.rf.c4742a3b75c71b0649ffb769bd0d9451.jpg,1,0,0,0
skye01991_jpg.rf.b3393e74ddcae0d201a6d216d79b598f.jpg,0,1,0,0
skye00631_jpg.rf.7c020de9b78f25cac43bbb70553b69c0.jpg,1,0,0,0
scena01481_jpg.rf.540dacd4fb0baa4ced9cc87f05e97f0a.jpg,0,0,0,1
droppedspike00801_jpg.rf.b3d732c7196e36ab09fd54bfc3876d3c.jpg,0,0,0,1
raze01181_jpg.rf.8151cfcfccf79d2b37db5d2fcdb0edbe.jpg,1,0,0,0
sage01381_jpg.rf.09adc6921f615cc1fca2b108f1ea251c.jpg,0,1,0,0
ennemy200171_jpg.rf.70cbe6cc5fc16cf0c9d0d495ee7259ff.jpg,1,0,0,0
skye02021_jpg.rf.7eb196147d7c7cae2e94a1b8deee4ab6.jpg,0,1,0,0
droppedspikerino01051_jpg.rf.d688707ac782c54935a76749beb5ce0f.jpg,0,0,0,1
sova00711_jpg.rf.a304a3b4c508812cf869ebed99f6349a.jpg,1,0,0,0
droppedspikerino01131_jpg.rf.37f35be32c59d35d3e0bf32fd05520f7.jpg,0,0,0,1
killjoy02081_jpg.rf.f8538a02d8a5759bf525ab4de9d61516.jpg,0,1,0,0
enemy200151_jpg.rf.b52d662c10c8650d46ea4bf396ab1ba7.jpg,1,0,0,0
droppedspike00811_jpg.rf.431b40080bdbc006312fc20c4f7ee3f0.jpg,0,0,0,1
skye01931_jpg.rf.fc0b785124ed83f660fcd3f98cab2246.jpg,0,1,0,0
scena01471_jpg.rf.ba721927f4e11b385248bbde3f5529e4.jpg,0,0,0,1
skye02041_jpg.rf.7be3a435a760b93219377cf811122106.jpg,0,1,0,0
enemy00271_jpg.rf.cabf788913aec2f43c67b9c31d1c1c67.jpg,1,0,0,0
fade02621_jpg.rf.39fd16ff17668069c7b4ef7af989366d.jpg,0,1,0,0
enemy300481_jpg.rf.548ecddb73663e89eb978bfe977d652b.jpg,1,0,0,0
enemy100201_jpg.rf.a77e38370a443d92eb8c5f076363f61a.jpg,1,0,0,0
plantedspike02271_jpg.rf.df975a9114d9506e543b37bc16967b9f.jpg,0,0,1,0
raze02111_jpg.rf.91b4bd280e070458e3fe348a00309ebd.jpg,0,1,0,0
enemy00491_jpg.rf.4b0cd86572f6f0082375cb65ba4d61a2.jpg,1,0,0,0
skye02261_jpg.rf.a7c1eb33ded3bb68481f61ab0f745c9a.jpg,0,1,0,0
droppedspikerino00381_jpg.rf.0b991c56bbb4edf8a4cf6ccaf327d2c8.jpg,0,0,0,1
enemy300551_jpg.rf.1a75cb99270a54ab69f67d4df794e1cd.jpg,1,0,0,0
teammate100261_jpg.rf.36a835e909591180a075c134d4ddc5e5.jpg,0,1,0,0
sage01761_jpg.rf.9dcc7a9e82a49ff7d796da3d09f1b968.jpg,0,1,0,0
ennemy00531_jpg.rf.706fa4dda200764e662f649d55718859.jpg,1,0,0,0
droppedspikerino01221_jpg.rf.4f0825d93ae1c1f5fbec753668e9582d.jpg,0,0,0,1
dm16416_jpg.rf.b3d6a74b9ce45ff6a1d8ef256f098c8c.jpg,1,0,0,0
enemy00691_jpg.rf.8daaa487116ca0ef6cc2a11d272b4861.jpg,1,0,0,0
skye00301_jpg.rf.d9e10977244f1f7862c9cdec63c78921.jpg,1,0,0,0
raze02141_jpg.rf.33b9d67e1db5964b0bca361f26c67efc.jpg,0,1,0,0
droppedspikerino01211_jpg.rf.16aeb21bd87b7ee9f90ea98dc8859c7b.jpg,0,0,0,1
sage01471_jpg.rf.284a3d3b0d825aeb22535799c8a6595c.jpg,0,1,0,0
ennemy200241_jpg.rf.ace0ff74f03a37de08fc19224f13e100.jpg,1,0,0,0
enemy02031_jpg.rf.b47d85ac91bf7fb095839440cf996bee.jpg,1,0,0,0
raze01471_jpg.rf.8ef4a3bf502cce40103a630a56e666bf.jpg,0,1,0,0
ennemy00351_jpg.rf.242e2afa350f3bba0e192f85d3c87372.jpg,1,0,0,0
plantedspike02211_jpg.rf.29fbf08de09dd5a4bb44ebec052403c9.jpg,0,0,1,0
ennemy00571_jpg.rf.83dcd88463318a46e04b337f15c7acd2.jpg,1,0,0,0
skye00941_jpg.rf.ab743b42eb5aafa0d3236393fb191c29.jpg,1,0,0,0
ennemy00331_jpg.rf.c7c8c73cc3470479b6096b07a2b1258e.jpg,1,0,0,0
reyna00991_jpg.rf.425797309470e9021f88126e6f720929.jpg,1,0,0,0
scena01431_jpg.rf.4be4606496e6e133a3bec5b55507f1de.jpg,0,0,0,1
fade02711_jpg.rf.33f4515b38c0a1504406eda0126fac2f.jpg,0,1,0,0
enemy300331_jpg.rf.688c8452a4d8f34f9e0fd28fe4f6962a.jpg,1,0,0,0
droppedspikerino00031_jpg.rf.cffd8dd4a55d21fba8ab30b17cf5175c.jpg,0,0,0,1
sage00001_jpg.rf.98b1112ade37558c4c345262bfa12be4.jpg,1,0,0,0
kayo00281_jpg.rf.bec3ac5648b162e4628c1938f3bd0210.jpg,1,0,0,0
reyna00471_jpg.rf.d0e12ff0c64ce161e77eee70ff9efb2c.jpg,1,0,0,0
killjoy01851_jpg.rf.de0907e2ab3898b96ea37957c7997e9d.jpg,0,1,0,0
reyna01161_jpg.rf.54db7efa3f2458cb75379deadf4fa04c.jpg,1,0,0,0
cypher02151_jpg.rf.074eed502abec7b9533c2682cdedd310.jpg,0,1,0,0
killjoy00911_jpg.rf.21a8229d325affaa9393dfe8737e4e59.jpg,1,0,0,0
kayo01051_jpg.rf.1512cb5cd494d60033e966c58015e5f2.jpg,1,0,0,0
Jett02201_jpg.rf.63fb875da7a07200ce2df115e7c96c3a.jpg,0,1,0,0
ennemy201051_jpg.rf.63d982f3df4e574d93ad88f4cc595d19.jpg,1,0,0,0
killjoy00811_jpg.rf.6eb26994a26d61e8b7c6ad8ff2858a76.jpg,1,0,0,0
raze00241_jpg.rf.ee3256ddca1f7ddbc76144353b066545.jpg,1,0,0,0
enemy02171_jpg.rf.7fbf6367bf602afed0519f8f68e7d731.jpg,1,0,0,0
kayo00601_jpg.rf.e84a7af9f6feef79ffd61e87b2202f6f.jpg,1,0,0,0
dm17156_jpg.rf.76d523fa7a946067d8c0e35e05cc351f.jpg,1,0,0,0
cypher02081_jpg.rf.3d9376317a5f882c08a39ae230225ec4.jpg,0,1,0,0
ennemy01181_jpg.rf.9b756f4530b92fdb86a1e605c96e18dd.jpg,1,0,0,0
sova00821_jpg.rf.0062812d6e5bcf9c4fd4358d3d30304b.jpg,1,0,0,0
enemy02151_jpg.rf.71d3e618458afdf825171760438a9570.jpg,1,0,0,0
kayo00541_jpg.rf.0a1d5022c3a478ea1ec30538e39ce94e.jpg,1,0,0,0
dm12921_jpg.rf.2a6344ba072ae9ef3003e39fbc0c3660.jpg,1,0,0,0
ennemy01131_jpg.rf.c22a7677f8cf6472c620e95df5621c5e.jpg,1,0,0,0
raze00201_jpg.rf.9293b4bfa01450cdca5d3cfe80b99849.jpg,1,0,0,0
enemy02141_jpg.rf.2368aecebc570e76d09ee2ead48f778c.jpg,1,0,0,0
Jett01851_jpg.rf.7d8b5e908de001cbcdc21e0956758c5c.jpg,0,1,0,0
Jett02141_jpg.rf.bd93574856a22b13157a58eda1f8eb49.jpg,0,1,0,0
ennemy01291_jpg.rf.e562779815c65b8f388ecd963de7cf6b.jpg,1,0,0,0
ennemy01341_jpg.rf.994ce1f807ec3fc61975457f7493529f.jpg,1,0,0,0
brimenemy00871_jpg.rf.5421221d9c0b602a210874e7329c8a99.jpg,1,0,0,0
raze00231_jpg.rf.96e617d77b884e428ea6766aafc943d5.jpg,1,0,0,0
skye00261_jpg.rf.5602d32e28560b58a990d1e8c360851c.jpg,1,0,0,0
killjoy00951_jpg.rf.f2c16667b348a0cd4af15e284e73640e.jpg,1,0,0,0
ennemy201091_jpg.rf.fbbfd41a8cc8f54fa5970308b4629eb8.jpg,1,0,0,0
raze00881_jpg.rf.cd24d265c409d1ce8c55483c16ce4124.jpg,1,0,0,0
cypher02291_jpg.rf.34dba8ce77bdaf2e18e1794b12d20203.jpg,0,1,0,0
killjoy00801_jpg.rf.85fabda2c6dd55b223ff9ae337d6cabe.jpg,1,0,0,0
skye02351_jpg.rf.2f88bdffa487e97d09169d07805a6982.jpg,0,1,0,0
raze00101_jpg.rf.094f2da7188b0ecdf5eaab7ba4a2e0ed.jpg,1,0,0,0
ennemy01611_jpg.rf.7347c226b732367674aaf90d0f1d2af0.jpg,1,0,0,0
chamberenemy00111_jpg.rf.4fd82fab734311e803d0891916342e0a.jpg,1,0,0,0
raze01131_jpg.rf.e78d3038ab1fb26ec75afd7d37b9225f.jpg,1,0,0,0
killjoy00041_jpg.rf.735983e16134e28542b64fbd917569a5.jpg,1,0,0,0
scena01011_jpg.rf.3e46437120df8ddb63157de2982a5d61.jpg,0,0,0,1
kayo00721_jpg.rf.8c9cd835b7f5ce7e15847a3f48da4a7e.jpg,1,0,0,0
Jett02211_jpg.rf.8683b126a1eba4638f22ce037308033f.jpg,0,1,0,0
Jett01911_jpg.rf.8728bf4b1acc9e3f414be421405adbdf.jpg,0,1,0,0
reyna00321_jpg.rf.6027dad9b14df631c14d5eb207e08d6d.jpg,1,0,0,0
killjoy00071_jpg.rf.784faf24796b60f86cd50b557754d251.jpg,1,0,0,0
ennemy00711_jpg.rf.e0a89f1eff9e9b626d53473874b3f2e4.jpg,1,0,0,0
killjoy00051_jpg.rf.09f155175f507c1e83e37682c9b9c210.jpg,1,0,0,0
reyna01921_jpg.rf.9e1f93010b64a5a96610e6041a32690f.jpg,0,1,0,0
ennemy200781_jpg.rf.4672f88b03e5279162025918fc4e905b.jpg,1,0,0,0
ennemy200071_jpg.rf.742547240b566b385ecff7dcd7332d7e.jpg,1,0,0,0
kayo01351_jpg.rf.76b1cd81b047b1242297e3ce8b7db315.jpg,0,1,0,0
killjoy00111_jpg.rf.e93032901ab13ffcad596e011fc595c3.jpg,1,0,0,0
reyna00371_jpg.rf.454587883180d172525ab8eeda248cfa.jpg,1,0,0,0
sage00151_jpg.rf.d9e0d07ca28c833ca51ef7757c8ab73c.jpg,1,0,0,0
reyna00491_jpg.rf.37a960cdc5a4405149cb9b216d28c53f.jpg,1,0,0,0
fade02421_jpg.rf.8993a45a7302ed189da1b6aa3df346e2.jpg,0,1,0,0
Jett00881_jpg.rf.ec8dc49dc6cafcab047bbcc3bfdf8082.jpg,1,0,0,0
brimenemy00631_jpg.rf.076362e468da96b0d799c6c55410bb5a.jpg,1,0,0,0
reyna00031_jpg.rf.d11ea75ac3bd1781c07bdb40d40cb758.jpg,1,0,0,0
reyna00111_jpg.rf.11211dbd2660fd1ba3166cb840568ebb.jpg,1,0,0,0
brimenemy00071_jpg.rf.2cb295d8ac6f491ae3e60675471d76f2.jpg,1,0,0,0
fade00781_jpg.rf.6042111bac5f91afc5c7ddfdc434d41e.jpg,1,0,0,0
astraenemy00071_jpg.rf.a2721b8ca57ccb6063c0b7ac60fa8f4e.jpg,1,0,0,0
viper01991_jpg.rf.2a665f6bde294c8486425684afd3964c.jpg,0,1,0,0
astrateammate00461_jpg.rf.a0c0012ddecad8bb38c8ceb2e98e72ce.jpg,0,1,0,0
Jett01421_jpg.rf.5583753eeaec51b94ed2f7a460d64d36.jpg,0,1,0,0
astrateammate00601_jpg.rf.32ca05d4c4a9b8cd64c16c982846110d.jpg,0,1,0,0
fade02341_jpg.rf.69d588d1136f4a1554e9bfc80aeac50d.jpg,0,1,0,0
yoru02581_jpg.rf.0f449647a6727708cdb0c83a9b4648cb.jpg,0,1,0,0
sage02081_jpg.rf.2b2f67273d1c32b621f217592cd65b3c.jpg,0,1,0,0
chamberenemy00251_jpg.rf.49f057f44355559cfe6688135515b33b.jpg,1,0,0,0
viper02101_jpg.rf.2ebe174ad2f58ad3e63f9353219e6393.jpg,0,1,0,0
sova00281_jpg.rf.0ee32bbcbb00b896bf42f0911a220a0f.jpg,1,0,0,0
astraenemy00901_jpg.rf.8be977d31c47db66274e06d95b01178d.jpg,1,0,0,0
chamberenemy00511_jpg.rf.7c034c0c0b7893868510e71e9c1eb069.jpg,1,0,0,0
chamberenemy00771_jpg.rf.40fec9309f9a7d2fb660f1687ca492ce.jpg,1,0,0,0
teammmate3301681_jpg.rf.5accc59f8a7a8be48e0dd48110f55a9c.jpg,0,1,0,0
viper02461_jpg.rf.7f4aa6530fcfcbf34363c56481a058ea.jpg,0,1,0,0
chamberteammate00081_jpg.rf.738a9fe40ee273f4ac024e02b0135b38.jpg,0,1,0,0
yoru01851_jpg.rf.d84e220e376c49d96354dbb0b44513d9.jpg,0,1,0,0
chamberteammate00051_jpg.rf.2ed6a212abe4149ecdfee4ab1a2fddf4.jpg,0,1,0,0
teammmate3300441_jpg.rf.cf029a794f9e8693075ee50c9c6e6f40.jpg,0,1,0,0
viper01961_jpg.rf.757fc266cd0650992b20d5ae5fa43f1e.jpg,0,1,0,0
Breachteammate00731_jpg.rf.0a5b42ec0b0793b27fa0095f3aedf2d1.jpg,0,1,0,0
viper01491_jpg.rf.d533fa7b3295072e6428aa1a8239bbee.jpg,1,0,0,0
viper01541_jpg.rf.af5640acaf6cfcb25270f4e7cbef39a3.jpg,1,0,0,0
viper01651_jpg.rf.78949d8283c8d8fff3ef38d1879ed6b8.jpg,0,1,0,0
chamberenemy00781_jpg.rf.7d488b1dc086f0324394ea01c3d026a8.jpg,1,0,0,0
viper00361_jpg.rf.35cf95681451575f4d8c82a89731ef98.jpg,1,0,0,0
viper02711_jpg.rf.bc94edc10ee689114a50a090049a8377.jpg,0,1,0,0
teammmate3301701_jpg.rf.733fa86f0057adb50b83ad99c170f0cc.jpg,0,1,0,0
Breachteammate00881_jpg.rf.c4f7ab9ead4a689760e867e94ee5f049.jpg,0,1,0,0
chamberenemy00831_jpg.rf.6987db2a3b90321464684feaaa945ca4.jpg,1,0,0,0
Breachteammate00581_jpg.rf.5ec5d834b8442390cb32a8b3ad23c871.jpg,0,1,0,0
Breachteammate00711_jpg.rf.4635b74685766e4c65c04dc4a07d6e9a.jpg,0,1,0,0
viper00371_jpg.rf.0ac9e6789f8a8e335bc279db267b9b5a.jpg,1,0,0,0
viper00341_jpg.rf.0f5d4e9431a64c01ab5babb7562a5628.jpg,1,0,0,0
Breachteammate00741_jpg.rf.7687aada590df39cda27f31fb7f44d42.jpg,0,1,0,0
viper00321_jpg.rf.7be300403f4a23943bf4e1d7eb868443.jpg,1,0,0,0
viper01241_jpg.rf.ef96b9ab8a8c019f295bc45573d29e78.jpg,1,0,0,0
viper02741_jpg.rf.766d89076be914488c6c52fea029325b.jpg,0,1,0,0
yoru01811_jpg.rf.b5fedd1efc6c36a6962a071dcb9d8c65.jpg,0,1,0,0
Breachteammate00721_jpg.rf.d73106c73da93cb6da1a729d19e5683b.jpg,0,1,0,0
yoru01901_jpg.rf.74bca8488ab8bbc973dd31f5b90f978b.jpg,0,1,0,0
yoru01381_jpg.rf.6497bcd82e3dae563de37e62f1edb46d.jpg,0,1,0,0
teammmate3301621_jpg.rf.990b3ba99f7bbbe353dee8b5d4fde4d5.jpg,0,1,0,0
viper01611_jpg.rf.fd005d87e5f686ca53d0f9506d0e5802.jpg,1,0,0,0
yoru01351_jpg.rf.49a270cb30d2d7881186486a438a6c3e.jpg,1,0,0,0
yoru01331_jpg.rf.2041d0db706bc32a102787ffd07ea54a.jpg,1,0,0,0
yoru01861_jpg.rf.d7cfb324448aa0a84e619b60db94eaf3.jpg,0,1,0,0
viper01221_jpg.rf.a32f2cd4b688623b497fbad901a7afb8.jpg,1,0,0,0
viper01531_jpg.rf.522be60dfe451c92c88e23989333ffeb.jpg,1,0,0,0
yoru02041_jpg.rf.1822f5c046c77d0051c8de36742cb110.jpg,0,1,0,0
chamberteammate00121_jpg.rf.450f7e6c8183a3396b0a60478fa03a24.jpg,0,1,0,0
yoru01871_jpg.rf.c6053f2ac3faedf927df3ef004a506d4.jpg,0,1,0,0
viper02761_jpg.rf.ca01ad249daf7e99f0aef2819f5bbafe.jpg,0,1,0,0
yoru01361_jpg.rf.8f46f27596b142b98b60bb42d889f085.jpg,1,0,0,0
chamberteammate00061_jpg.rf.6679e31ee78cabeeb95c4dc78f9682e1.jpg,0,1,0,0
viper01601_jpg.rf.f6154ec8ab56b388f0a2b25a202d0b23.jpg,1,0,0,0
teammmate3301511_jpg.rf.e3c07d23f66d90690ba1601d903e7a15.jpg,0,1,0,0
viper02781_jpg.rf.c970f20b786acc4569e0c1b9a5448ce7.jpg,0,1,0,0
yoru02431_jpg.rf.47efc0db9a75c5968b2f6ca42d2ef9b0.jpg,0,1,0,0
chamberteammate00201_jpg.rf.6feb97da8b9831ff1ef61b245f099ea9.jpg,0,1,0,0
chamberteammate00041_jpg.rf.7fffae83b1b99d95b8564d981a863913.jpg,0,1,0,0
orb01981_jpg.rf.12f7ced9da2b1f33a0eb494b5c7abc93.jpg,0,0,1,0
omen00411_jpg.rf.2c1c04cfa36c4e2494f004e5d3851129.jpg,1,0,0,0
plantedspike01051_jpg.rf.349633802d3a06cdbe999d492addd60e.jpg,0,0,1,0
orb01841_jpg.rf.66b8c8d29215c53be82f10d7a95a4054.jpg,0,0,1,0
dm02021_jpg.rf.4a32c63d89a8f03bce1d5cd0097c7227.jpg,1,0,0,0
orb01911_jpg.rf.e2ac22c98143300b61dfe99f938cf024.jpg,0,0,1,0
dm10171_jpg.rf.0b8fb8a100bf33252a101dfe6dbb4dd8.jpg,1,0,0,0
omen01721_jpg.rf.7c2ef43031b7c387299b94df94db6bdc.jpg,0,1,0,0
orb01721_jpg.rf.9bc4e062dfecae8f050196a531327c5c.jpg,0,0,1,0
omen00421_jpg.rf.07bf1218ff4d2d24b81d9141ecbfbc72.jpg,1,0,0,0
orb01931_jpg.rf.cc4be5cc4d5ab383ed06defafa699473.jpg,0,0,1,0
omen00341_jpg.rf.0cebd23981ea05ba380b7e286596ef67.jpg,1,0,0,0
plantedspike00971_jpg.rf.663be72239340488881a71dc721b94a1.jpg,0,0,1,0
defuser100461_jpg.rf.4563de187596c6c810c43a71fb86c2c3.jpg,1,0,1,0
pheonix01341_jpg.rf.a735a6bd806b3c3a4e56a1d92a0db782.jpg,1,0,0,0
neon00171_jpg.rf.cd476b51d2ac8157c91d63d9ba443805.jpg,1,0,0,0
orb00411_jpg.rf.766c57dfcdb70b462a3909d9ac887da0.jpg,0,0,1,0
orb01991_jpg.rf.0f557a0e2d496aaec05b450cc75206a9.jpg,0,0,1,0
defuser100421_jpg.rf.fc8293b04f843c62a3ddf1268c951b0b.jpg,1,0,1,0
defuser100451_jpg.rf.f689172103f7685d1d768c8e5c385147.jpg,1,0,1,0
dm10191_jpg.rf.022a649432942443cd5db9f229b1f1dd.jpg,1,0,0,0
omen01661_jpg.rf.0c1c7ea97fa87fe9557083180c12d429.jpg,0,1,0,0
omen00371_jpg.rf.33b43a750184d469a8c69e97b521a6c9.jpg,1,0,0,0
killjoy02261_jpg.rf.bb716d5afa44d16d1a2d0b100badb947.jpg,0,1,0,0
dm09351_jpg.rf.ea8202c4fbcc5fa957e3062bc75e80b6.jpg,1,0,0,0
dm04876_jpg.rf.5ed56110ba4588b3127d3d565f050479.jpg,1,0,0,0
dm04906_jpg.rf.a5a183d91d21a2a6484e52604473f17f.jpg,1,0,0,0
omen00331_jpg.rf.e9c34cbf7f05be0e266fbbb6fc0b9442.jpg,1,0,0,0
orb00391_jpg.rf.f5b08abb8a219c4100afb05c86b8f8c9.jpg,0,0,1,0
neon00231_jpg.rf.2b1f99c251571715acf359cf7a127de6.jpg,1,0,0,0
pheonix01171_jpg.rf.26c0731621fb9a9c46df72ea21aa5665.jpg,1,0,0,0
dm10031_jpg.rf.fec54cd4f42722b2300a19c05b3c08b2.jpg,1,0,0,0
orb00241_jpg.rf.333231a69bb86b58df7f90c95539a8dd.jpg,0,0,1,0
killjoy02231_jpg.rf.50b67a90b984e350310f6dd0dc371714.jpg,0,1,0,0
neon01311_jpg.rf.67a27516bbc87917995c671057100a74.jpg,0,1,0,0
dm02656_jpg.rf.1fc1796f1b198538976c9cb3777b72d0.jpg,1,0,0,0
plantedspike01141_jpg.rf.0c59fe4eadde007e1aaa49e8c8d6abe7.jpg,0,0,1,0
pheonix00101_jpg.rf.9f487c9980452508b3e99cbbad5e5794.jpg,1,0,0,0
dm04896_jpg.rf.df3790346c7295c53499db4bbf95bd7d.jpg,1,0,0,0
neon01401_jpg.rf.01b7994f8b4465781657eed17d52deeb.jpg,0,1,0,0
dm10186_jpg.rf.25981eae5215039a376423bd49d870c4.jpg,1,0,0,0
omen01761_jpg.rf.1cda0375c2bd9cd17d9504717aec9947.jpg,0,1,0,0
dm09356_jpg.rf.790b7ccc164dcb014d3155e686a13d49.jpg,1,0,0,0
dm10206_jpg.rf.f082be6978f1447b6cb15b1522e047a2.jpg,1,0,0,0
dm02026_jpg.rf.b811024fd81b6e3b36bc6ae11d883f3b.jpg,1,0,0,0
defuser101071_jpg.rf.e2005240af038e84c9cf273ae274ccf3.jpg,1,0,1,0
neon00971_jpg.rf.1b8cce0ba27326f53d64629f47e023d4.jpg,1,0,0,0
plantedspike01081_jpg.rf.c9a5469639a6bf15aabae64b01f55cde.jpg,0,0,1,0
plantedspike01581_jpg.rf.6568324c316c7e7bcf3f7532bac26e55.jpg,0,0,1,0
pheonix00111_jpg.rf.83544c1ec7a9a528b98cd1405c9b2897.jpg,1,0,0,0
omen02391_jpg.rf.58caf686e0a161c1ce2f9ae72fcf86ed.jpg,0,1,0,0
neon01051_jpg.rf.a69c7251f2a4de7fe4e9f45c6567f74f.jpg,1,0,0,0
neon02371_jpg.rf.c3159c123627fc8c8e1373b624679a3b.jpg,0,1,0,0
orb00691_jpg.rf.2df817b97adc3536325a9b853fb50103.jpg,0,0,1,0
omen02421_jpg.rf.3638e59edee4942603e5edc9eaf0bbd0.jpg,0,1,0,0
neon01541_jpg.rf.583569cef267ea4df680f27f204e52e5.jpg,0,1,0,0
neon00471_jpg.rf.84962431848acc1f0d58b3914bfa66fb.jpg,1,0,0,0
pheonix00001_jpg.rf.97ee6e2232116a13a781e8402542ef65.jpg,1,0,0,0
plantedspike00411_jpg.rf.d7a7dad57ed652e757ece612347634bc.jpg,0,0,1,0
dm00886_jpg.rf.6eeefa0acb1bdcbeb324d5cadbd32c3f.jpg,1,0,0,0
teammmate01301_jpg.rf.00ab931ea9e108d18d5ea462015979b4.jpg,0,1,0,0
teammmate2203391_jpg.rf.a4787e91c35472d14431b391b995adc8.jpg,0,1,0,0
defuser100371_jpg.rf.416113d740fe4c3f170788245e427fb6.jpg,1,0,1,0
dm01136_jpg.rf.7561ad307b01248a08cc77bd652f63ff.jpg,1,0,0,0
pheonix00581_jpg.rf.fb6379936d90eec1c5c59576b0e860fc.jpg,1,0,0,0
plantedspike01791_jpg.rf.df2ecf20557d1b9ee94e5248ad4d1c43.jpg,0,0,1,0
dm08621_jpg.rf.ea0bc5c010595c9801f29db88b2b6f6f.jpg,1,0,0,0
teammate101771_jpg.rf.feb7ada504f3b40a85766fb2702ead06.jpg,0,1,0,0
teammate300471_jpg.rf.0c6c9bad3e4d43247c43eb078a97ab72.jpg,0,1,0,0
dm08606_jpg.rf.34aedae5366f93f35671c53fc48a10c0.jpg,1,0,0,0
teammate101901_jpg.rf.b4e1994a24e380e693cc43c12b098057.jpg,0,1,0,0
teammate200121_jpg.rf.85beb5b50b29220d804667f0f5e19ed5.jpg,0,1,0,0
dm08716_jpg.rf.55070e2230024054f07090d353c84921.jpg,1,0,0,0
teammmate2201471_jpg.rf.58a1a85218590a9d0ee7c14d4df2f946.jpg,0,1,0,0
plantedspike02181_jpg.rf.188f57766c6f1e10dd7cafd957c39460.jpg,0,0,1,0
pheonix01761_jpg.rf.517f298e58578d303e15258ce6b90053.jpg,0,1,0,0
sova01021_jpg.rf.5c9afdd51d87cbdab4aec68a1dabe1d7.jpg,1,0,0,0
plantedspike01851_jpg.rf.a65e154995030b54d6b1d2aefd12af37.jpg,0,0,1,0
dm08251_jpg.rf.ae92d4d3a15968328643e7eb28a6c253.jpg,1,0,0,0
teammmate01211_jpg.rf.c3477f86fdcdffb9a3d2f6c08e6aecaa.jpg,0,1,0,0
dm08741_jpg.rf.961567802a77ddc7d0c5998e3377ec15.jpg,1,0,0,0
teammate300501_jpg.rf.2b6b7bb90cbaf6daa1a9fe3dd2dfa2c3.jpg,0,1,0,0
omen01971_jpg.rf.b7fa7e9afb88a2491180f77edcae0fa5.jpg,0,1,0,0
pheonix01711_jpg.rf.006d69297db2d627fa138ee0773d02ee.jpg,0,1,0,0
sova01441_jpg.rf.4a26d00ff80be83740bf39af26f7f57a.jpg,1,0,0,0
dm06911_jpg.rf.86c713883eff513a6d19b1e10275773b.jpg,1,0,0,0
pheonix02471_jpg.rf.195c6820479af36c6e4a567593cffd90.jpg,0,1,0,0
orb01481_jpg.rf.5e73f31ca0ad88b2266cea70a86d7a20.jpg,0,0,1,0
teammmate2201481_jpg.rf.473edf17b53caf15ad8948676e7dbd2b.jpg,0,1,0,0
dm08681_jpg.rf.94cd04724d4ec8cbc02288de4ade6629.jpg,1,0,0,0
defuser100301_jpg.rf.9bd71133415cbc48394797d6f05d69b5.jpg,1,0,1,0
teammmate2202531_jpg.rf.e2b3bca38698f8932d7723cf81732023.jpg,0,1,0,0
teammmate2202511_jpg.rf.6441f508fcfac4fc0b0090b10120efa8.jpg,0,1,0,0
plantedspike00281_jpg.rf.8190eb5d17c6c473511ebe2940f94ca8.jpg,0,0,1,0
teammmate00301_jpg.rf.b3a1cad12ddb8b0a9acab435a51c545c.jpg,0,1,0,0
pheonix02011_jpg.rf.52ebe40a83e73a9d6b36d9fe7b0b96aa.jpg,0,1,0,0
sova01821_jpg.rf.b6f0ae2763d3d238d0ce6fe9e092ce35.jpg,0,1,0,0
teammmate2200271_jpg.rf.fdb3cf532612602b21ff4016ef8f833a.jpg,0,1,0,0
dm09371_jpg.rf.a12588f9fe4fe8021cf25d3dd5fd95b0.jpg,1,0,0,0
teammate00901_jpg.rf.cd197bf0e7e56d881c274b0d2fdd900e.jpg,0,1,0,1
teammmate01451_jpg.rf.f3f0e57fc3513f471c5fec5e15d6f2da.jpg,0,1,0,0
teammmate2202581_jpg.rf.6b235abf42d94a43df100fbae39d0ba7.jpg,0,1,0,0
defuser101641_jpg.rf.fe6d78654706711f979d24a65b0e8ff9.jpg,1,0,1,0
teammmate2202221_jpg.rf.cc20fccd40da411d92ec0e670ae37d50.jpg,0,1,0,0
sova01411_jpg.rf.043f487ea99863357ad5c4bab28309a9.jpg,1,0,0,0
orb02071_jpg.rf.57bffbefc7e66cc40e8267cb0457dc87.jpg,0,0,1,0
teammmate01511_jpg.rf.aeae40e7ec4d99d5900983b219bdc53d.jpg,0,1,0,0
teammate300531_jpg.rf.e4794305574dbc3893684e8067c79eaf.jpg,0,1,0,0
sova01341_jpg.rf.632dc425c496d0def95bfa246636ca68.jpg,1,0,0,0
teammmate01461_jpg.rf.a1e25a1b94239af40b733e4cf4befc8f.jpg,0,1,0,0
teammmate2201491_jpg.rf.5503cd97fc711294f65240d3ec5be1d0.jpg,0,1,0,0
defuser100291_jpg.rf.47dcf908ea5f69e2afe7defd5b02d638.jpg,1,0,1,0
dm01111_jpg.rf.c35c9396401937849563397d35be0f64.jpg,1,0,0,0
killjoy02741_jpg.rf.4f93eda426d6eb2317b42b00d49beb3a.jpg,0,1,0,0
teammate101371_jpg.rf.6f455d458c04e28030c359c46284d117.jpg,0,1,0,0
enemy300681_jpg.rf.9c870fa1fa9050accaa3537b2ac3bd59.jpg,1,0,0,0
orb01311_jpg.rf.83269ad94ede71ba92ccfe88591066e8.jpg,0,0,1,0
enemy01211_jpg.rf.8a182c12bbb7d1a39f248d27716f6e66.jpg,1,0,0,0
teammate200261_jpg.rf.96b9ec35a7fee7b8c251bf6c56872237.jpg,0,1,0,0
teammate101711_jpg.rf.9aa7052b6af1fed6fc2bfa7330417c1b.jpg,0,1,0,0
sova02011_jpg.rf.9f49c912c1416c61b7234d86b2d1c4c2.jpg,0,1,0,0
plantedspike02031_jpg.rf.af8d873e9f20591ad570f7724b6251c7.jpg,0,0,1,0
defuser100771_jpg.rf.8d6c8dd1ce409aac9f1ed72dfd209d49.jpg,1,0,1,0
neon02291_jpg.rf.02b862ff926a3effb0c0ec167e161164.jpg,0,1,0,0
neon01891_jpg.rf.2aef2bf790a314505800884f9b1f99e3.jpg,0,1,0,0
pheonix02621_jpg.rf.6c4c9a2b7c6cbb6dad66df273bcc6c96.jpg,0,1,0,0
defuser00331_jpg.rf.d8cfdce7d691853863b35c5f693b894b.jpg,1,0,1,0
neon00061_jpg.rf.48984ffde86a96e4f7ab041f8bb3fd90.jpg,1,0,0,0
dm18081_jpg.rf.f65a545fcdeb4b21747e9ba3bbe9c19a.jpg,1,0,0,0
dm17166_jpg.rf.005c4515a0019411827874b438bbed82.jpg,1,0,0,0
pheonix02081_jpg.rf.2933ae00b50203637e795bc6e2e2339f.jpg,0,1,0,0
enemy01251_jpg.rf.fe4b3f57c2cb82671501dc7b620aa55c.jpg,1,0,0,0
omen02031_jpg.rf.f8f20bf81aa8c362d303f8748116e716.jpg,0,1,0,0
plantedspike00041_jpg.rf.ae0f55d5f2450c6ff7119384e972548b.jpg,0,0,1,0
neon01931_jpg.rf.2a79c17260fff3d351d1bdea0791d12b.jpg,0,1,0,0
neon00141_jpg.rf.659b6ff6fa8db7856cfefb191acc7c85.jpg,1,0,0,0
orb01061_jpg.rf.bb80fd91d50059904e4368bbe36c2fdf.jpg,0,0,1,0
dm00266_jpg.rf.5c0e3354dc80755fb1796510df3204f5.jpg,1,0,0,0
teammate102001_jpg.rf.124e8f65456447249bbeb1ff43e8b9bd.jpg,0,1,0,0
teammmate2202311_jpg.rf.bb46fdea3fb321f2746abaa5835ffe6f.jpg,0,1,0,0
teammate200111_jpg.rf.7d3b3d0f6cc08fb65c1f5b87563e9710.jpg,0,1,0,0
teammate00261_jpg.rf.41012216107c2bedd7461a8e9a11ca61.jpg,0,1,0,1
omen00621_jpg.rf.3e778de11ce623d697e4d6fe420abdd3.jpg,1,0,0,0
omen02011_jpg.rf.39dd46d69dea4181bb497a6fd6246064.jpg,0,1,0,0
enemy200721_jpg.rf.8275b639a86557dcfe112ebfce75c1e8.jpg,1,0,0,0
orb02191_jpg.rf.294579cc7c5e227021d099a76a0fc98f.jpg,0,0,1,0
pheonix00301_jpg.rf.ae004fa5a99b6c310213c199264d6c29.jpg,1,0,0,0
neon01861_jpg.rf.d74e8688d3ef33fc41039f0a54f5775c.jpg,0,1,0,0
teammmate2202341_jpg.rf.228e6e0b0703fba1ec56b89fc4f84da6.jpg,0,1,0,0
plantedspike00451_jpg.rf.5b8d2644677f6a53a22239ce1cf93653.jpg,0,0,1,0
teammmate2201591_jpg.rf.ab6c8b39c546674c202d76d4a9d23af5.jpg,0,1,0,0
dm05981_jpg.rf.fb1b63a079ee91e8f9f8079c85353fb5.jpg,1,0,0,0
dm06936_jpg.rf.45db2ba92cb7844ac0c15a7cb8cbfd68.jpg,1,0,0,0
teammmate2202251_jpg.rf.bb01e8c3ccfc8f3fff8b42cafa7e8290.jpg,0,1,0,0
sova01451_jpg.rf.ca0d71fb5a6987c97ce5ad988cf7d2e3.jpg,1,0,0,0
dm18116_jpg.rf.1933cd48c9157351c54dcc5a9821e288.jpg,1,0,0,0
teammmate01561_jpg.rf.7e364e9e89a62c3ac263451e108d1e33.jpg,0,1,0,0
omen00701_jpg.rf.158f8f2e020e2f78e64303b65bc007b1.jpg,1,0,0,0
teammate101831_jpg.rf.bf1d4b012683bd966d66f237bd610a38.jpg,0,1,0,0
enemy01591_jpg.rf.da9799cb72581079f75b9608190da6e3.jpg,1,0,0,0
teammate300571_jpg.rf.6098c38839e28fae6ef212046f5de579.jpg,0,1,0,0
dm06931_jpg.rf.0f8d1c07ca0fd069eca09534f5a395ed.jpg,1,0,0,0
dm00281_jpg.rf.b16f6df4ae6302ad39d302b42249260e.jpg,1,0,0,0
sova02031_jpg.rf.7c2423b4e2ba0388ec61de98f1ac56f8.jpg,0,1,0,0
dm08766_jpg.rf.b12ee0f855a016cccf16fe85c58771a2.jpg,1,0,0,0
enemy200771_jpg.rf.286d2d1db9fc130d2dc1802d913d3dd8.jpg,1,0,0,0
teammate00251_jpg.rf.0e38b671429566f8587ecea6af1a9d4c.jpg,0,1,0,1
dm02071_jpg.rf.34965089cdfdd2a127d0884e7d0617b2.jpg,1,0,0,0
droppedspike00021_jpg.rf.53b1ca7da7aa4986d4d501eadfade26e.jpg,0,0,0,1
orb01201_jpg.rf.5170a38a3240b75ccc2841daf24817bf.jpg,0,0,1,0
sova02401_jpg.rf.b881dddb816c6e6d21a6db3324d3a842.jpg,0,1,0,0
teammmate2201221_jpg.rf.f75319cbff8bb74dc1183b098156e15d.jpg,0,1,0,0
plantedspike02081_jpg.rf.01abcb3c905c7b6c88fb465b384421b6.jpg,0,0,1,0
droppedspike00011_jpg.rf.613ecb695fdd731a7fd8bb7042d0d8fe.jpg,0,0,0,1
droppedspikerino00681_jpg.rf.7e0d0b6ef628487ffc25b7efe7ba774d.jpg,0,0,0,1
teammate01111_jpg.rf.ddd1096fe6bd116d3d9f9e31d82dacb1.jpg,0,1,0,1
enemy00951_jpg.rf.5b514697797610a9e49a88f7273ab2b0.jpg,1,0,0,0
dm00866_jpg.rf.5b50cfd47b8efcc33e57ecf0bcf45ff2.jpg,1,0,0,0
teammate00461_jpg.rf.331626b923b9d03c3e7eba0a33699ece.jpg,0,1,0,1
teammate100101_jpg.rf.c9c3b2d8e0e077e6d35f2440228d1371.jpg,0,1,0,0
plantedspike00611_jpg.rf.1c4a202f4bfd29cbbe99fc3bbb143da7.jpg,0,0,1,0
teammmate00561_jpg.rf.39fd38a77ef35814c43198e5c910b0bd.jpg,0,1,0,0
teammmate2202051_jpg.rf.10abb934bc2a9aaf1b7c6c87530eb5f1.jpg,0,1,0,0
omen02361_jpg.rf.7b0d65d2745b57fe5663917f7383f716.jpg,0,1,0,0
pheonix01991_jpg.rf.affc19932b4b99133c56c26263bebeee.jpg,0,1,0,0
orb02431_jpg.rf.15b87b3af1f01def5a14f923138afe01.jpg,0,0,1,0
teammmate2200491_jpg.rf.edb4c938c2d8c835b5bc7eb5bedd0d3f.jpg,0,1,0,0
killjoy02411_jpg.rf.1254ff79f11d72993354c5c323934bf6.jpg,0,1,0,0
teammmate00601_jpg.rf.2efbd054d00fb274413f8ca11d73d8d9.jpg,0,1,0,0
droppedspikerino00671_jpg.rf.95981f571fca9ae7317a3b945dc6c601.jpg,0,0,0,1
sova02381_jpg.rf.c34c3f6d2103b5b39556631ffd3d7a0e.jpg,0,1,0,0
dm05296_jpg.rf.278c39e9159b27d18ef62c86ccbbe1f3.jpg,1,0,0,0
sova01241_jpg.rf.6f97f706c11dcf1f60bb0d655106bbe8.jpg,1,0,0,0
dm09661_jpg.rf.cd7add04cc2c6a733b59b0bf91b15337.jpg,1,0,0,0
teammate300141_jpg.rf.122f7dd5ba7c6e06541fbab2a35cf8d2.jpg,0,1,0,0
defuser101911_jpg.rf.9015ec5d8a98dbd7949f0c88ff65faf6.jpg,1,0,0,0
dm18556_jpg.rf.e7aaca8ff3f2e3cf739b484246a8c80b.jpg,1,0,0,0
enemy300111_jpg.rf.17e89a2f3978c1cceec95f0f4f095bd9.jpg,1,0,0,0
enemy01801_jpg.rf.4014ed3f4b02d64a3d85734336f25ce2.jpg,1,0,0,0
defuser101851_jpg.rf.6cd5140969ee9bc72a76e89053a75e09.jpg,1,0,0,0
teammate300671_jpg.rf.1d200f4ada30a3d7e899d41c6ed78aa4.jpg,0,1,0,0
teammate101241_jpg.rf.7d2bdf327be1a424a3453619a2b50da9.jpg,0,1,0,0
orb02471_jpg.rf.17b6d5a02d0ce293402542d3f90ffc72.jpg,0,0,1,0
teammate00081_jpg.rf.768ed9e353420792b164baf2988e36e6.jpg,0,1,0,1
droppedspikerino00691_jpg.rf.372b868acb9b1da637cd2ba03a93cf60.jpg,0,0,0,1
teammmate2202091_jpg.rf.8fec779e8cd6d99b4f4b073e6f83b275.jpg,0,1,0,0
droppedspike00131_jpg.rf.6e0faddc1dcd14c32ad0ef4ebbc37720.jpg,0,0,0,1
teammate101151_jpg.rf.c5a577fbe8c122056eb42a1bd4624787.jpg,0,1,0,0
droppedspike00141_jpg.rf.29d7ace07ca65af8f9e59092f8ffc939.jpg,0,0,0,1
teammate300191_jpg.rf.a6e384cab23fc00f808a8ed1b429c5dc.jpg,0,1,0,0
teammate01161_jpg.rf.4f5300378385847ac7420811c9947ccf.jpg,0,1,0,1
dm12226_jpg.rf.ca16eef176f4c0abcee3624c1e099fc2.jpg,1,0,0,0
teammmate2202921_jpg.rf.adf2c619e72a1c6c251d483072cb7a06.jpg,0,1,0,0
teammate00061_jpg.rf.2cb9628a01161ef5344c5a3f31ed7d91.jpg,0,1,0,1
teammate300681_jpg.rf.f905638a630f4a34cd27fa2af86619c0.jpg,0,1,0,0
dm03846_jpg.rf.34975e03c598658bc3b0c354a5da9957.jpg,1,0,0,0
teammate300701_jpg.rf.5f5e3d0a0f93ef826c9fb2ef31a90f2f.jpg,0,1,0,0
teammate101601_jpg.rf.7762ec749f23980a6dea423a46aa541a.jpg,0,1,0,0
enemy00611_jpg.rf.7db74ad603e37c47db2b8be7c6964832.jpg,1,0,0,0
teammate300451_jpg.rf.41949074e2545cb58d165bfa4ba5c8d9.jpg,0,1,0,0
droppedspike00211_jpg.rf.5a6f25cc395285bbef71e0c021a95236.jpg,0,0,0,1
droppedspike00271_jpg.rf.d89a64158296f7c3efe5fcb2eca74459.jpg,0,0,0,1
dm12406_jpg.rf.8948ec73856ec25e4724c494d6b2c414.jpg,1,0,0,0
teammate200491_jpg.rf.aee933e0a64aa14788f04a94113f06e2.jpg,0,1,0,0
teammmate2201311_jpg.rf.d0a9e6d1c5d1eef04f865b40b13a8715.jpg,0,1,0,0
dm12216_jpg.rf.e06ab04785480ad6a9ca0b9e672bb5fc.jpg,1,0,0,0
teammate300201_jpg.rf.624927d954c00e97ba6ce6954092b59c.jpg,0,1,0,0
dm15286_jpg.rf.cd8b6352afc62dc084db4eadac0a5f8f.jpg,1,0,0,0
dm05281_jpg.rf.ea1849c80a7225d01a4f5a0ff2016647.jpg,1,0,0,0
orb02381_jpg.rf.5b460aec76432b2a30df4148da70060f.jpg,0,0,1,0
dm14696_jpg.rf.f15329b8002cb257d9e8bb6ddbc6be11.jpg,1,0,0,0
ennemy200541_jpg.rf.9a0ce4bafcd273ba5b56854af4945e22.jpg,1,0,0,0
skye01471_jpg.rf.35df424d4b68557b127945bb0186acdb.jpg,1,0,0,0
teammate00071_jpg.rf.4845ea5597cda48bca99508ceb9d0d1d.jpg,0,1,0,1
droppedspike00231_jpg.rf.e790e15f934fa883fb0088a6698def39.jpg,0,0,0,1
droppedspike00261_jpg.rf.a0e6b687081818e147b05bcd4e094877.jpg,0,0,0,1
teammmate02381_jpg.rf.ab79f86ef5ade76a122854ea7099f3b4.jpg,0,1,0,0
dm18351_jpg.rf.3b4090a7401dfec1ff6e1b19b1d0982a.jpg,1,0,0,0
droppedspikerino00721_jpg.rf.5d09cdd528833033bc54eb96a859e857.jpg,0,0,0,1
droppedspikerino01591_jpg.rf.f8bb83e2f91d581ecf0dfa74684098bd.jpg,0,0,0,1
teammmate2201161_jpg.rf.1cbd720beba4bfbe483e75c74fea5627.jpg,0,1,0,0
teammate300771_jpg.rf.7f9b8be00126d7f6675b4fb2fb2c76b7.jpg,0,1,0,0
teammmate02471_jpg.rf.85a6480918a5a9feff88bd2d9d684e7c.jpg,0,1,0,0
omen00911_jpg.rf.ade2292b1b2ff74430cced454386ba5a.jpg,1,0,0,0
omen02351_jpg.rf.35b5539228346209e6835df130e7f3d6.jpg,0,1,0,0
ennemy200531_jpg.rf.f80c7a1111a61a213a4458d4403c5828.jpg,1,0,0,0
omen01601_jpg.rf.3d84c8bfe4b073cc1a65893376dda2fb.jpg,1,0,0,0
teammate00171_jpg.rf.7dc61baa3749ccd3f6565d3acc7a0d3a.jpg,0,1,0,1
teammmate2202041_jpg.rf.62425f6c62fee5f288c0b7bda9c85327.jpg,0,1,0,0
skye01441_jpg.rf.18a86e0861bd1b280bf6845d75fbeceb.jpg,1,0,0,0
teammmate02391_jpg.rf.95f12620ffec4f518fa23b3b581a5f91.jpg,0,1,0,0
skye00471_jpg.rf.b6e18044cb73b952ef7c6e8d5d87e9e5.jpg,1,0,0,0
sage00801_jpg.rf.0a34f692a13c28fa584cfccbe4c3f54a.jpg,1,0,0,0
teammmate2202901_jpg.rf.a56215774865a407d50261ffcc724a67.jpg,0,1,0,0
orb01211_jpg.rf.67cd875c10b6d0c24fd68ca9b1826b94.jpg,0,0,1,0
dm03836_jpg.rf.2cae0330c56733982209449a8a0da42a.jpg,1,0,0,0
teammmate02171_jpg.rf.5cbe64bdb8754621d0438fb7cf81826c.jpg,0,1,0,0
teammmate2202111_jpg.rf.ea373811a3a7a592a7a537801a6d0563.jpg,0,1,0,0
dm14986_jpg.rf.7bde2c2c7532bfda6d98d457a160adea.jpg,1,0,0,0
dm03826_jpg.rf.033b8822019d1797ed9c3a1adafb20c9.jpg,1,0,0,0
teammmate2202101_jpg.rf.e848818134283d79d6fa05fdd1c8e692.jpg,0,1,0,0
ennemy00271_jpg.rf.c8b59c01229f1ecdb3d3e30e27df96e5.jpg,1,0,0,0
teammmate2201291_jpg.rf.a2e8cf4ebb64313329736e374b211b49.jpg,0,1,0,0
droppedspikerino01461_jpg.rf.4b346304a0feede47224540065d49c1a.jpg,0,0,0,1
skye00501_jpg.rf.6aa82dc8c02eeeca85bfe63030d1af33.jpg,1,0,0,0
omen00861_jpg.rf.557754add64b3cfd5d6fd74fb8e677a8.jpg,1,0,0,0
sage00971_jpg.rf.3036fc278172fc7b2489797dce919098.jpg,1,0,0,0
dm15281_jpg.rf.9a088c95d27360ee07a62bbadfb7794c.jpg,1,0,0,0
teammmate02281_jpg.rf.f4dbca36ac5380edf3a3dd77ceb93838.jpg,0,1,0,0
teammate00151_jpg.rf.fe03f12ea701809e8898bff73422f244.jpg,0,1,0,1
enemy01371_jpg.rf.a6c891b109d47db03d63d0c6226a3a35.jpg,1,0,0,0
enemy01351_jpg.rf.dc9f919e8facf2e6294943984103d540.jpg,1,0,0,0
dm12741_jpg.rf.1e077f2c2db8d9bfce84b9cd69873e20.jpg,1,0,0,0
teammmate2200641_jpg.rf.2a1c93053ea8bb86d719d76a454040fa.jpg,0,1,0,0
teammate00201_jpg.rf.474d4d398469aef91a6ed12b460436ab.jpg,0,1,0,1
teammmate01001_jpg.rf.db86f7372652b8e7d797614eff4ebc91.jpg,0,1,0,0
dm12231_jpg.rf.9952943b1ed403ee0b15b0910f11edb2.jpg,1,0,0,0
teammmate01111_jpg.rf.5006629dd689f057f33b9c75abe058aa.jpg,0,1,0,0
teammmate2200071_jpg.rf.779b8b9fefef390e8ca682bf31158dd2.jpg,0,1,0,0
teammate100831_jpg.rf.598aaf77191d8af7d7bb0664d1ba52ce.jpg,0,1,0,0
teammate00561_jpg.rf.cb9dee912b0a93e823c8559afde339a0.jpg,0,1,0,1
teammate00221_jpg.rf.4da289081dd3a50ec4980d61f35ebff3.jpg,0,1,0,1
teammate00491_jpg.rf.87960229b957c7ea17946399dfbc8d98.jpg,0,1,0,1
enemy300861_jpg.rf.bdc2696396fa19771ec17293bc41829c.jpg,1,0,0,0
teammate00481_jpg.rf.bc116e60c4438b1c2cfd24c20031322d.jpg,0,1,0,1
sova02561_jpg.rf.b3e6e317a3f3de8b3dfc2bf75b1668de.jpg,0,1,0,0
enemy100381_jpg.rf.b4265bd79c86c8211511fcc9e029d604.jpg,1,0,0,0
enemy200501_jpg.rf.fe3e8d3fb346a701f1f135a73f995ae9.jpg,1,0,0,0
enemy300811_jpg.rf.6d196053219ed2dffcab4b81e875c5c4.jpg,1,0,0,0
skye01031_jpg.rf.d44f5c252e6696aef7e59dccdbe200ac.jpg,1,0,0,0
sova02521_jpg.rf.800488aa7316f4bac23f8d3a4eea5469.jpg,0,1,0,0
kayo00111_jpg.rf.de0400263a46d3f72592d4d52acded27.jpg,1,0,0,0
teammmate2203021_jpg.rf.9c653787d87f84fae582fc33f76a74c5.jpg,0,1,0,0
ennemy201321_jpg.rf.8060d2d13c8e93f9f40d17ca0db8204e.jpg,1,0,0,0
enemy200871_jpg.rf.d3d39718120572a02047466ed841b20f.jpg,1,0,0,0
droppedspikerino00391_jpg.rf.e89510286606f2b4ded6a40200da932f.jpg,0,0,0,1
teammate100821_jpg.rf.06927a972794e7eaf70318f9fd8c9e9b.jpg,0,1,0,0
kayo00971_jpg.rf.58900b293ca63feca363d4e2adf80166.jpg,1,0,0,0
teammmate2202711_jpg.rf.6607c02fc08b9317850a7a370714b44c.jpg,0,1,0,0
enemy200971_jpg.rf.a509a91d3241bf35d77b793bf4126b7f.jpg,1,0,0,0
kayo01021_jpg.rf.29c17dc2b3b76948a65243c7d1e52fae.jpg,1,0,0,0
sage00991_jpg.rf.71253df1237a6b7df47e94c2dd5ec98c.jpg,1,0,0,0
enemy100541_jpg.rf.a55a8f1146c33a5f4fc81272c93a9747.jpg,1,0,0,0
teammmate2200601_jpg.rf.eaf0a4cc78e7ba92b451c702e88161da.jpg,0,1,0,0
enemy200831_jpg.rf.7bd859b7061c90d83cea0e4aa737b87d.jpg,1,0,0,0
teammmate2201341_jpg.rf.ea5a0205768cf96a5cb00d5dc58c138f.jpg,0,1,0,0
skye01071_jpg.rf.da7848c18774f446f10ab57d6522b5ca.jpg,1,0,0,0
enemy01941_jpg.rf.02418a5d4c809b6571202e09348c4411.jpg,1,0,0,0
droppedspikerino00441_jpg.rf.6b657ccc6cb749f5b3f0d8a4a70d0e65.jpg,0,0,0,1
skye01571_jpg.rf.e76eb19365456cf0b8fe1e2298180fae.jpg,0,1,0,0
teammate300111_jpg.rf.9956c665b8ebbb28bde835ffaefde125.jpg,0,1,0,0
enemy200591_jpg.rf.dae369a052107b1d4d6a1314f7b9c2f4.jpg,1,0,0,0
enemy200861_jpg.rf.27da9620d1dd3d6f73a657e9352955b5.jpg,1,0,0,0
teammmate2201381_jpg.rf.0d99684d35ff0d00697dd0ebc032cd5c.jpg,0,1,0,0
sova02571_jpg.rf.b73d20ba10a4cccfaa5c520a404661d3.jpg,0,1,0,0
sova01541_jpg.rf.05652432dce7af3c57a5e78e809cf376.jpg,1,0,0,0
enemy200441_jpg.rf.48d9251ca5df84a7473cb473402ed728.jpg,1,0,0,0
skye01711_jpg.rf.e7d37f232e7a740730550d16aa969a17.jpg,0,1,0,0
teammmate2201391_jpg.rf.12a0e1c53b1182464230e824428601c4.jpg,0,1,0,0
enemy00121_jpg.rf.8fa949ec9bcc89d4caca5682e4d12c8d.jpg,1,0,0,0
enemy00091_jpg.rf.efbc9048764d33a80441c4f1240b2e65.jpg,1,0,0,0
droppedspike00501_jpg.rf.f286b71c8db7df6c9e4b65ce8b4cf7db.jpg,0,0,0,1
droppedspike00591_jpg.rf.a359724ad7375c0e04c7a53134d73754.jpg,0,0,0,1
teammmate2202761_jpg.rf.f68eff0acb08851211dea460dd53ffca.jpg,0,1,0,0
teammmate02301_jpg.rf.8f2ffcb5d9a91151529e3127c16cf758.jpg,0,1,0,0
enemy200321_jpg.rf.dbd827d6d3166555bb79fc0507bfde58.jpg,1,0,0,0
enemy00251_jpg.rf.243c58e94b7660e3f6a8637ec7e27587.jpg,1,0,0,0
teammmate02311_jpg.rf.a82b1e9579b42e486452e0978ce4989b.jpg,0,1,0,0
skye01501_jpg.rf.f5e4ae419be9fa910e752515f5a5238d.jpg,1,0,0,0
teammmate02421_jpg.rf.90a72733ee07070e41028dd494a4ee90.jpg,0,1,0,0
teammmate2202721_jpg.rf.db674c7a5eed0ea7f5a3040c5375d057.jpg,0,1,0,0
teammate100741_jpg.rf.797d5e537e64cec46e5451b47f8a7ea1.jpg,0,1,0,0
enemy01971_jpg.rf.cdd6810afbbf6e34feb44c5fe0cbf066.jpg,1,0,0,0
sage00351_jpg.rf.93566984f9269e980910a033844411fd.jpg,1,0,0,0
droppedspike00311_jpg.rf.29b4c4c6ccf381ae0d428c0d8da3c3df.jpg,0,0,0,1
teammmate2202991_jpg.rf.0beb9b46a741007e6c5514eb22906c85.jpg,0,1,0,0
dm12456_jpg.rf.f2b426b9f7a9b3a68378ac06b90762e5.jpg,1,0,0,0
enemy200921_jpg.rf.60e409dc0d259ff03c454104ca116f46.jpg,1,0,0,0
teammmate2203061_jpg.rf.802e06e513852708be48c15621737e80.jpg,0,1,0,0
enemy00171_jpg.rf.f9ef7c57237417d65d606943add816a4.jpg,1,0,0,0
droppedspike00881_jpg.rf.8f85385e2e040410d464bc81942a587d.jpg,0,0,0,1
sage01221_jpg.rf.d97a010a9913fffd9d427d8a5c840e47.jpg,1,0,0,0
droppedspikerino00321_jpg.rf.db09dc2dc92f6cbef4cc9ed595453497.jpg,0,0,0,1
enemy00381_jpg.rf.c9f4a7d212f7521af6fe02c4198b2639.jpg,1,0,0,0
enemy00731_jpg.rf.3f6dfc28f89981ea8722761652103024.jpg,1,0,0,0
enemy300581_jpg.rf.6fc819945b2c08136f16d41320bf54c4.jpg,1,0,0,0
ennemy200701_jpg.rf.9214471ed9f7a417a33d153666c54ea4.jpg,1,0,0,0
sage01811_jpg.rf.abb3d45228c263a4f159c7fdb752a085.jpg,0,1,0,0
enemy00661_jpg.rf.473516429e16fba4f51b905f1d19f15c.jpg,1,0,0,0
dm12896_jpg.rf.9ebae45dbf31e59857144c275bdb6ba3.jpg,1,0,0,0
ennemy200711_jpg.rf.11c0b08dd4e7556e9d15f8b2ca2d98b6.jpg,1,0,0,0
dm16156_jpg.rf.226b74179345c2f29ac0fb61b75717f9.jpg,1,0,0,0
enemy00481_jpg.rf.92ef9efa13365966b75995b91ba25c5a.jpg,1,0,0,0
skye00751_jpg.rf.27d34e7c3ad673c2d088515746de5c99.jpg,1,0,0,0
sage01861_jpg.rf.e1c3a7677e0a42dd629ebcf8e46edaaf.jpg,0,1,0,0
raze01991_jpg.rf.0316da4308d716fb22bfa1faea3d0a18.jpg,0,1,0,0
raze02121_jpg.rf.2cdbbb6d3353a5107eacda9c86a2adb7.jpg,0,1,0,0
sage00291_jpg.rf.a26106f0bf4240b7f193565d605f8d14.jpg,1,0,0,0
Jett02091_jpg.rf.350bce9f3ad80450821d4f71de2af55c.jpg,0,1,0,0
ennemy200381_jpg.rf.8d7ba35c80207f4df57b4f5575f72326.jpg,1,0,0,0
sage01451_jpg.rf.bc528f358bda2cd50794c602b1722e0f.jpg,0,1,0,0
sage01201_jpg.rf.8af34a43a1c3cdc0bccb12021d34e130.jpg,1,0,0,0
enemy200191_jpg.rf.1a7f4c90a92864ed686959b8ef56fef9.jpg,1,0,0,0
enemy00651_jpg.rf.80a0974d9a638ce2c5d51abe336b2613.jpg,1,0,0,0
scena01371_jpg.rf.bc011a351035ddeea9252ad2eda6e465.jpg,0,0,0,1
droppedspike00991_jpg.rf.3115f00c62208374496290aa07f5aa0a.jpg,0,0,0,1
scena01391_jpg.rf.578b498bd21f2527b317c4ba201bda8d.jpg,0,0,0,1
enemy200171_jpg.rf.b60cb327f8c289d7cba89d7b4a28b5bf.jpg,1,0,0,0
enemy00471_jpg.rf.29ce0c49cfee16c710001e617679dbe4.jpg,1,0,0,0
sage01681_jpg.rf.8ef5119f0c18c7cc039c62a831aa8ea5.jpg,0,1,0,0
raze01491_jpg.rf.a17fdb103ec758c5a687f3a9662e9ed2.jpg,0,1,0,0
enemy200021_jpg.rf.501b4e67e4541961e4424800b7623f99.jpg,1,0,0,0
droppedspikerino00021_jpg.rf.5b0234b0a0db9bcb4861b914071426e5.jpg,0,0,0,1
enemy100161_jpg.rf.8dc6572da607471d74e3cf6bf2667ebe.jpg,1,0,0,0
ennemy200411_jpg.rf.903f27fe62f16000d00076034951a13d.jpg,1,0,0,0
enemy300621_jpg.rf.fcc79db35033cc1d13266813209bddc1.jpg,1,0,0,0
ennemy00281_jpg.rf.ab6237f98e20724f977f1f5d1ff34142.jpg,1,0,0,0
enemy300521_jpg.rf.5f571c3614c1bfc49df003a6b067279e.jpg,1,0,0,0
ennemy200391_jpg.rf.03c3200b4cdba6664ce2c0915575f12d.jpg,1,0,0,0
enemy100221_jpg.rf.9ae587ff8bd88fd1c4e5c8acb9dca770.jpg,1,0,0,0
enemy301381_jpg.rf.a8d503c8ebf4ee665507c56514b03377.jpg,1,0,0,0
sage01281_jpg.rf.84a366d3d11d0a03af9a917504c33a61.jpg,1,0,0,0
plantedspike02221_jpg.rf.b51d10c6b8258e356100b443f35408fc.jpg,0,0,1,0
kayo00331_jpg.rf.a3cca87ca0d3baffe9c83dcb2665cea0.jpg,1,0,0,0
fade02461_jpg.rf.ba2b20863e75eac594b32d23ea0497d3.jpg,0,1,0,0
raze01811_jpg.rf.c29a54e035046e6f639110afc577ecb4.jpg,0,1,0,0
sage01711_jpg.rf.c4353c79a0b0eaae919eae4df92c3d04.jpg,0,1,0,0
sage01721_jpg.rf.395381e8b0487ac95b040ae02ef99a48.jpg,0,1,0,0
enemy00551_jpg.rf.5ec814b1e19df77a16b05fe17411c741.jpg,1,0,0,0
reyna01031_jpg.rf.1fe05ce0f69fd51d99aa5b08093dc8ca.jpg,1,0,0,0
Jett00451_jpg.rf.21f306334b18c55bb2e4d79f96e0506d.jpg,1,0,0,0
skye02171_jpg.rf.8f9f5b57efd3b10f587bef6c8e530b00.jpg,0,1,0,0
sage01421_jpg.rf.b7ae142d8d9876b115849cb29e3bf53a.jpg,0,1,0,0
killjoy02071_jpg.rf.aff1c90d38f0b2d43738ca4bf2119ad8.jpg,0,1,0,0
skye02271_jpg.rf.dae2720285316dcf9bdad3c125bf7c74.jpg,0,1,0,0
skye00371_jpg.rf.4a4c2c906c441d4312dceddd4c657d13.jpg,1,0,0,0
fade02701_jpg.rf.50e0a6c7275b42bb44482356856834dd.jpg,0,1,0,0
droppedspike00821_jpg.rf.569990cc74b50e48e1b121ef23bafef7.jpg,0,0,0,1
skye00421_jpg.rf.8e47a62e4785b41e52da187682860717.jpg,1,0,0,0
ennemy00561_jpg.rf.2b55fb77bdf171df94f69b13eb795de5.jpg,1,0,0,0
dm15721_jpg.rf.4af0a8a0dc93205c97c2794b3c45cb8c.jpg,1,0,0,0
enemy200081_jpg.rf.51685bcfbe5c72cefb94a80874291bbf.jpg,1,0,0,0
kayo00381_jpg.rf.50a7ae6ec9f9a967d2e7fa7f2154a31d.jpg,1,0,0,0
ennemy201011_jpg.rf.b4bdd3701fa407217c77da4bc3af93a5.jpg,1,0,0,0
skye00061_jpg.rf.ebe4322e1484aa80c47ffdc367156616.jpg,1,0,0,0
reyna00551_jpg.rf.7de89ade5f83ab8b28e310561dc83728.jpg,1,0,0,0
sage01511_jpg.rf.16133c8f911cedc8748f175cad0bd72b.jpg,0,1,0,0
enemy00531_jpg.rf.34bb3e51e0a756de9ce139cfeb856003.jpg,1,0,0,0
reyna01121_jpg.rf.95cf717261f9b12db9e91ddbbd3d69ae.jpg,1,0,0,0
ennemy200431_jpg.rf.a351bd26e0d9e71fe493fe49a33470bb.jpg,1,0,0,0
ennemy00361_jpg.rf.a44211fbb1e161116ee5028a900ac7e8.jpg,1,0,0,0
plantedspike02231_jpg.rf.44684e5e0f40921fe0d65ed980187bb0.jpg,0,0,1,0
raze01791_jpg.rf.5382711530ae2fe4a2dcabaa2444b9a7.jpg,0,1,0,0
enemy200181_jpg.rf.4b8acddd6bad003c9733ffa1823645a5.jpg,1,0,0,0
enemy301421_jpg.rf.5d2e7db36cf73b1cb34dae4016f2ed9c.jpg,1,0,0,0
reyna00631_jpg.rf.b2ee443548ce1b4cb5b351b15297899a.jpg,1,0,0,0
ennemy200951_jpg.rf.160b74e961b5d31af6649b7e70970153.jpg,1,0,0,0
enemy00711_jpg.rf.0448063e7c56e107d1eb391720f96d23.jpg,1,0,0,0
sage01491_jpg.rf.25aae12746a7618ca3ea14f86a0976b1.jpg,0,1,0,0
droppedspike00981_jpg.rf.9f0f2204a1a9b10672f96df41d944105.jpg,0,0,0,1
scena01381_jpg.rf.dc6a6e236761ceffbd937a4db6924d6e.jpg,0,0,0,1
scena01321_jpg.rf.0d816e9ecf0188eaa1aa76d42dc46565.jpg,0,0,0,1
droppedspikerino00041_jpg.rf.76f67ae92ef0827b21ed11b1389c56e5.jpg,0,0,0,1
skye00251_jpg.rf.7ed75030786b2f40f8c41f970ba85677.jpg,1,0,0,0
ennemy01321_jpg.rf.354b66f06d272384f362b5722d429d8c.jpg,1,0,0,0
skye00091_jpg.rf.7e1677ba11150bdd1bd179b434195779.jpg,1,0,0,0
Jett00541_jpg.rf.fc07b73fb1bda461ed6360e7d8b696a5.jpg,1,0,0,0
raze01061_jpg.rf.ed1d1405368a288718fa38fbdd59b7a4.jpg,1,0,0,0
kayo00551_jpg.rf.330ca7adc47ba03c02a4312397158e4e.jpg,1,0,0,0
scena00791_jpg.rf.7cc72f2a74efffb3a552e06370134a7b.jpg,0,0,0,1
kayo00731_jpg.rf.627e4e29f3ce1bd28d5df509e173546f.jpg,1,0,0,0
killjoy01821_jpg.rf.36496f7991c3535904e3bf3c810f6630.jpg,0,1,0,0
reyna01881_jpg.rf.cb274ad4dfc217936305ef8bde0770a2.jpg,0,1,0,0
raze01911_jpg.rf.fba1374053b6bad3f4ad10eba838f03e.jpg,0,1,0,0
killjoy01221_jpg.rf.ad8c480abc6433c61203bd4db619fb1d.jpg,1,0,0,0
killjoy00981_jpg.rf.e2bdce2124c15dd8598c1a52105e7ea9.jpg,1,0,0,0
ennemy200921_jpg.rf.1e5615e91c759b7a5fcdd834eac9ab4d.jpg,1,0,0,0
reyna00651_jpg.rf.12492f027d868cd6b3c422167000a034.jpg,1,0,0,0
sage01591_jpg.rf.c0dc232e13e5d6ad5659fde06e9c4336.jpg,0,1,0,0
reyna01371_jpg.rf.859fbbf143db3a4c591bea42e86f15f2.jpg,0,1,0,0
reyna01341_jpg.rf.2775a510b1670dc30f1e109559a8b442.jpg,0,1,0,0
scena00831_jpg.rf.8b81b589a9429d236af8ae9f774a3f44.jpg,0,0,0,1
reyna01431_jpg.rf.cb01611b353df2ae8279e0985e2bd44f.jpg,0,1,0,0
brimenemy00911_jpg.rf.8f027be25df1cc576dd052f81d2d020e.jpg,1,0,0,0
reyna01501_jpg.rf.0b61d2907972fe38dc0080a07ed9d8f8.jpg,0,1,0,0
reyna02331_jpg.rf.52992c762c74bb74661091dee65c24c1.jpg,0,1,0,0
kayo00621_jpg.rf.a19f6daca7f831a17b46e7528162f790.jpg,1,0,0,0
raze01121_jpg.rf.31c8c259e67b9a14fa3e1820cc7d9760.jpg,1,0,0,0
enemy00801_jpg.rf.c7468d726bdbbd2c0d328058128ae04c.jpg,1,0,0,0
enemy00671_jpg.rf.5a9f7544f1b0a2a956a141c764eb962c.jpg,1,0,0,0
reyna02321_jpg.rf.eba2419bd0dbf641d3c35acdc505c9ce.jpg,0,1,0,0
enemy02471_jpg.rf.35e6c8efb9b83f86fa00b17d661e925b.jpg,1,0,0,0
killjoy01111_jpg.rf.01dd7825a08f2078b4be0a35f7de5fd4.jpg,1,0,0,0
kayo00671_jpg.rf.96258053312b1871f8f1ca59779832da.jpg,1,0,0,0
killjoy01451_jpg.rf.3f3cfefc333662cc9249be9d43f0500c.jpg,0,1,0,0
scena00761_jpg.rf.cfec1becd2a0f6e732a468df587f35e8.jpg,0,0,0,1
raze01561_jpg.rf.053b215c5b08caf9a98f927eb7d25d2b.jpg,0,1,0,0
raze00871_jpg.rf.c9ae5503f869c93438197f4c81b1eafc.jpg,1,0,0,0
kayo00691_jpg.rf.fff658cd2e72260bfb781570b5db1259.jpg,1,0,0,0
sova00831_jpg.rf.a9f283b0409eeab96135b7c38bc7f010.jpg,1,0,0,0
enemy02391_jpg.rf.0c87ae8ad89dea0ff680d5402296992a.jpg,1,0,0,0
sage01241_jpg.rf.2e09f42f80f95e92edfbd40e2ec32473.jpg,1,0,0,0
killjoy01151_jpg.rf.304126c23e2f8def09f92acf91c7ff6c.jpg,1,0,0,0
kayo01121_jpg.rf.1e35e9cf43e8d131e3bd8401d32da828.jpg,1,0,0,0
skye01911_jpg.rf.bb5b22a6b6d20f0ea2185274bcd5cb47.jpg,0,1,0,0
chamberteammate00611_jpg.rf.4527a72eb0848305745f00901b60b756.jpg,0,1,0,0
reyna01531_jpg.rf.769fdc6538be45bdb2fb5f2c853ecf2f.jpg,0,1,0,0
killjoy00061_jpg.rf.a7b4e54d134c7ca1f16c32a811dfa828.jpg,1,0,0,0
scena00741_jpg.rf.c3d2402ac5b0154eff39c4384323150d.jpg,0,0,0,1
fade01341_jpg.rf.d713e2157365bb7ee900bfdf3c1c24db.jpg,1,0,0,0
kayo01081_jpg.rf.b1af4ceeb2f1efee792b47676865971c.jpg,1,0,0,0
sage01541_jpg.rf.a719a76511ccb100ac7aa55aa210eed5.jpg,0,1,0,0
ennemy00121_jpg.rf.33d0532ada7647bfedacfb339f463884.jpg,1,0,0,0
raze00251_jpg.rf.146549501356e3b0c6105d82794c25cd.jpg,1,0,0,0
ennemy200931_jpg.rf.7a1f72316b11087cb2111801354c5f70.jpg,1,0,0,0
reyna00901_jpg.rf.1b6511a48121c7b8d57df4450ed49773.jpg,1,0,0,0
skye00201_jpg.rf.28637755e7cae39d0017178b6e326e15.jpg,1,0,0,0
kayo00501_jpg.rf.5348a6b5a0056bff7d28d09a4634ccde.jpg,1,0,0,0
killjoy00421_jpg.rf.712bd0f65327da31a8443729018ee41a.jpg,1,0,0,0
dm13441_jpg.rf.ca962416e9bea4934b2cdd8241c98fa9.jpg,1,0,0,0
killjoy01021_jpg.rf.d1d5a53a5887e89f8e92bce19b2a3934.jpg,1,0,0,0
killjoy01721_jpg.rf.d754b4c2d74eeae0c59d47a558080c97.jpg,0,1,0,0
Jett00151_jpg.rf.199ba63d56b9475410bf87942d36ebe3.jpg,1,0,0,0
scena00841_jpg.rf.340b30c18440ce750795c496d55b10de.jpg,0,0,0,1
brimenemy00841_jpg.rf.5bd374fc54ec59f58122a78bef09092b.jpg,1,0,0,0
killjoy01071_jpg.rf.e0698afeda06a76f2b02028926aa6396.jpg,1,0,0,0
Jett02131_jpg.rf.7a7d4a1366cf2c48414e4ec8dd22b228.jpg,0,1,0,0
dm13206_jpg.rf.92ef73809d92596b21556c640a19db09.jpg,1,0,0,0
kayo02061_jpg.rf.d49a815a619953f7ba8b662c0a866361.jpg,0,1,0,0
ennemy201191_jpg.rf.5846d55a31e78c0c98d481537c16a8a5.jpg,1,0,0,0
scena00941_jpg.rf.563a643f1ee19452cc87860abe7553d2.jpg,0,0,0,1
killjoy01831_jpg.rf.5d408a0ad33061cefb95d34f8fadab28.jpg,0,1,0,0
reyna01241_jpg.rf.c272b8966bdcc07a53d169c41cbd2898.jpg,1,0,0,0
raze00291_jpg.rf.e80b134a350b100c1b9c40694510421c.jpg,1,0,0,0
killjoy00531_jpg.rf.fd595bd6bae94f7d505e27d88f2e84a7.jpg,1,0,0,0
killjoy00541_jpg.rf.b46d914fc1107ebdac00f703e3faa4ca.jpg,1,0,0,0
Jett01781_jpg.rf.23666061b9a0b65062adc017e3ab45ec.jpg,0,1,0,0
sage00101_jpg.rf.8a0c4ce419138a73d6d658aeb7204b32.jpg,1,0,0,0
killjoy01611_jpg.rf.646c5c6cbf6a62cec10313ac31477de3.jpg,0,1,0,0
reyna02271_jpg.rf.1ced7c9ac92a9efcf47b3324c1c5dd1e.jpg,0,1,0,0
killjoy01231_jpg.rf.948382e7bccf4d1191930d8b619615e4.jpg,1,0,0,0
killjoy00511_jpg.rf.300b5e8a1b18e065e93a8acea3f6c28e.jpg,1,0,0,0
raze02551_jpg.rf.f726dc352db33ca6e1b9043b632f82ab.jpg,0,1,0,0
skye00141_jpg.rf.a2f64af614199d77ed9ae2708716654a.jpg,1,0,0,0
dm13211_jpg.rf.47cb02c9959b42648ad7c2bcb088540a.jpg,1,0,0,0
astrateammate00181_jpg.rf.60ff5ef1dd51266d9b7369bd74ad8cd6.jpg,0,1,0,0
raze02431_jpg.rf.7396f5f9594d7d3c89d52ecf8ca2d4f6.jpg,0,1,0,0
raze01661_jpg.rf.915d8fd195d49cdb6600413b8eca485d.jpg,0,1,0,0
cypher01781_jpg.rf.9a9fa42cb16037b2081de79ba5b02e47.jpg,0,1,0,0
ennemy00071_jpg.rf.fc50d67266bf2916cf5f5df11434048c.jpg,1,0,0,0
raze00281_jpg.rf.fe9d09a72cfe6de1f2627b004b0d41cb.jpg,1,0,0,0
sage00051_jpg.rf.0879b7f6c7d71bc436d0c970f49c097c.jpg,1,0,0,0
ennemy201231_jpg.rf.2e5adf642c55ccf146dd79295eb78f66.jpg,1,0,0,0
killjoy01001_jpg.rf.7f4a56a2c0d557623f23afe1bb84b20f.jpg,1,0,0,0
brimenemy00801_jpg.rf.81b143cfb8c731bb9432b4cc0c280fa2.jpg,1,0,0,0
reyna02351_jpg.rf.643ce0a576d90eef093b3de116f3fafa.jpg,0,1,0,0
Jett00551_jpg.rf.a3892afad584a45fa44b9894785e0324.jpg,1,0,0,0
Jett01871_jpg.rf.a21bfaee3c198629bd25e940333a354a.jpg,0,1,0,0
enemy02481_jpg.rf.e2af2ae26b61ea04f694d6d55a1d95e1.jpg,1,0,0,0
ennemy01461_jpg.rf.0331cdef8e1a0b972f628c4897a2c627.jpg,1,0,0,0
chamberteammate00721_jpg.rf.cc9fe2d05a42d93dc81f186959a8232d.jpg,0,1,0,0
sage00261_jpg.rf.2ba4dfe996462091f520a959e3d1a6b7.jpg,1,0,0,0
killjoy01561_jpg.rf.00b1770c392811c4e30721b28735a35e.jpg,0,1,0,0
scena01021_jpg.rf.cd85b6d47995f97a5d7a63e522f67806.jpg,0,0,0,1
sage01891_jpg.rf.69fc76b38fef1b6421c6b5eb193a7e28.jpg,0,1,0,0
enemy02421_jpg.rf.bb0545f5d598c1090539e9cad51bb947.jpg,1,0,0,0
cypher01481_jpg.rf.cba884d25fa2349682df61a5a27ab4cb.jpg,0,1,0,0
astraenemy00811_jpg.rf.d6442f017b6831a1376bdc55f7bf40f6.jpg,1,0,0,0
dm13196_jpg.rf.ffb0af6c9d037e707e493c942702d39c.jpg,1,0,0,0
chamberteammate00651_jpg.rf.32560d92fc65f9a9e4d632aeffe3450f.jpg,0,1,0,0
Jett02151_jpg.rf.90069af6d7b5f28546e223cf77071752.jpg,0,1,0,0
enemy02161_jpg.rf.c37bf386c755b4f6f29952d6b5e55886.jpg,1,0,0,0
ennemy201141_jpg.rf.dc720c1a1a22d5081addd8c0f7e9ca48.jpg,1,0,0,0
raze01071_jpg.rf.070d50163ca9731d9f2dd209a76a5e72.jpg,1,0,0,0
killjoy01011_jpg.rf.093134f48d2e028359de1fd4e5e2a9a4.jpg,1,0,0,0
cypher01811_jpg.rf.b1afce6fc9061577fd53dce69e0a430a.jpg,0,1,0,0
kayo02211_jpg.rf.0359874de17e918dd82b1adb02ea49f6.jpg,0,1,0,0
reyna02171_jpg.rf.8820f6313883b7421dc2ceba3a6fefa2.jpg,0,1,0,0
kayo00711_jpg.rf.6f0372285495b32149c91d29c16df682.jpg,1,0,0,0
reyna00911_jpg.rf.624c62523fae885607b636bace1ca77e.jpg,1,0,0,0
raze01571_jpg.rf.5734cf9197d06b698f3517b12752569f.jpg,0,1,0,0
kayo01131_jpg.rf.b367a9020bed55d413d6e0293fec7646.jpg,1,0,0,0
reyna00831_jpg.rf.14c5e511a5501844b0bb5df032f6cae4.jpg,1,0,0,0
chamberteammate00711_jpg.rf.7f84767305774b2d9fa5dcccd1e95a9a.jpg,0,1,0,0
reyna00781_jpg.rf.2acde84e01a866bced9116806d1c24b2.jpg,1,0,0,0
dm13221_jpg.rf.fa5f28ead899f8d4b1fc272a12d37fe7.jpg,1,0,0,0
raze02511_jpg.rf.a2189545fa59c05d8d781e36156ed5ce.jpg,0,1,0,0
reyna02241_jpg.rf.e9adc0e37a3ece04db7209b5e261c32d.jpg,0,1,0,0
raze02391_jpg.rf.fea21da04f2cf5da7389fa057cff7ea1.jpg,0,1,0,0
reyna02421_jpg.rf.5a70f8415b288b3e8e6c679c58687048.jpg,0,1,0,0
reyna01901_jpg.rf.e0c071a43105b4b08b221a2dfb581759.jpg,0,1,0,0
fade01381_jpg.rf.faadeeb38f7122a282d2c24667089da0.jpg,0,1,0,0
enemy02441_jpg.rf.3493fb8e703f4ae925fd7f37b227e14a.jpg,1,0,0,0
astrateammate00141_jpg.rf.dda0d1aa3cf2d251d044e9780acaf198.jpg,0,1,0,0
ennemy00891_jpg.rf.6436e856f80ef88ddb83bef6400d6b26.jpg,1,0,0,0
skye00171_jpg.rf.e08f421f58f3b48fda7b27c0d30ce043.jpg,1,0,0,0
dm13191_jpg.rf.2b8dfc72ceed145c37eba3e3f424e75d.jpg,1,0,0,0
skye00161_jpg.rf.cb426e6d33c92bf6810d57f3c94b451b.jpg,1,0,0,0
skye00271_jpg.rf.749195daea7f00529d9a8a67448934a8.jpg,1,0,0,0
droppedspikerino00061_jpg.rf.0e2feabb593b18d58f6cc787c38d8ddd.jpg,0,0,0,1
astrateammate00131_jpg.rf.8bf3b5e2b39e16e8a477ad79f7b4bc7f.jpg,0,1,0,0
reyna02391_jpg.rf.2aa613a1a47e13f17f4ca5315f2971a2.jpg,0,1,0,0
reyna01261_jpg.rf.4f85f891b8ac34d15ba8df96c8d72dca.jpg,1,0,0,0
ennemy01431_jpg.rf.4b226b818764e8c20dcff0e41560b503.jpg,1,0,0,0
killjoy01161_jpg.rf.61e17840cb78270675494749c302d34b.jpg,1,0,0,0
astrateammate00201_jpg.rf.91c5e058affa3493969493b77b5fb910.jpg,0,1,0,0
ennemy01591_jpg.rf.52a485d7facfac0baa200e137ce2fe9b.jpg,1,0,0,0
raze01551_jpg.rf.7341c37e727052a279aa632c31d95377.jpg,0,1,0,0
Jett01861_jpg.rf.d1482534cc4c26a6f3ec5abe88639d78.jpg,0,1,0,0
sova00721_jpg.rf.f5a712629ae40229dd110a4626b7edbe.jpg,1,0,0,0
ennemy201271_jpg.rf.dc76813369b7b168e66d6758cf92b9c5.jpg,1,0,0,0
fade01071_jpg.rf.f2a5192f30f32fcec1b10cc9f97d93bf.jpg,1,0,0,0
ennemy01121_jpg.rf.3a32609ebe3ee51e7d724d7ebc0c77f6.jpg,1,0,0,0
reyna01991_jpg.rf.7525f8c5a443c2bb04741fe268e1489d.jpg,0,1,0,0
Jett02241_jpg.rf.3e4e34123da582d63205693cf533c882.jpg,0,1,0,0
reyna02261_jpg.rf.c570e509ed0852374d79bb05c9eb83dd.jpg,0,1,0,0
ennemy201841_jpg.rf.8897fb9f051edcebe6bffa7cc56d149a.jpg,1,0,0,0
scena00541_jpg.rf.88e6ec529aff0e1dfb1a95a4b77e392d.jpg,0,0,0,1
reyna01911_jpg.rf.d9ac5728f66beb082e08f89dde966145.jpg,0,1,0,0
ennemy01111_jpg.rf.d01dec3d10f90174cf120f162d949c46.jpg,1,0,0,0
kayo01221_jpg.rf.1bf1cb1669399e800f5cbd199dd3e2d1.jpg,0,1,0,0
cypher01871_jpg.rf.4173495aca964a26d1e6f415d8412120.jpg,0,1,0,0
kayo01301_jpg.rf.42e2f8e94f753116f7abd018e060da30.jpg,0,1,0,0
scena01061_jpg.rf.62ea38c27d08e2df190fbfa4156b864e.jpg,0,0,0,1
skye02631_jpg.rf.9e65eb76a7de804185f1d63e8716fa8d.jpg,0,1,0,0
brimenemy00931_jpg.rf.7a08603207d5a70f77432b438ecefc7b.jpg,1,0,0,0
cypher01571_jpg.rf.aa7de400aaabd605e5342c53317aa634.jpg,0,1,0,0
sage01881_jpg.rf.07302e34da340962bcbaa60cea809ea7.jpg,0,1,0,0
fade01331_jpg.rf.4042b7a5a64625dff82c89080df301c6.jpg,1,0,0,0
ennemy200801_jpg.rf.01eefdaff3cdaa2465a4a7d70088aeeb.jpg,1,0,0,0
killjoy00121_jpg.rf.039ea07e531e7a3863b949282047665e.jpg,1,0,0,0
Breachteammate00981_jpg.rf.03dc71c423e675d1b6543e400beb9b9b.jpg,0,1,0,0
killjoy01311_jpg.rf.dc9f3865744f1e56283eaf07d44d8041.jpg,1,0,0,0
scena01071_jpg.rf.ecde7607ad1fb5575a2aa710a166ef33.jpg,0,0,0,1
astraenemy00241_jpg.rf.b1895e7553ca2fd6d8c499d452b51048.jpg,1,0,0,0
cypher01981_jpg.rf.fa7dddc4a17526fb4c99ac9beda2706e.jpg,0,1,0,0
scena00481_jpg.rf.7fd2a5aa29c5aaaeac7d0dd22987f8ab.jpg,0,0,0,1
kayo02151_jpg.rf.3741cd8da1539951d39ba8301a46e48f.jpg,0,1,0,0
cypher01631_jpg.rf.61d6320f848379c62ffc9efbcf651862.jpg,0,1,0,0
ennemy201041_jpg.rf.14611262e16b4ab38f9b65142f734459.jpg,1,0,0,0
cypher00961_jpg.rf.9cfe0f3f4a0edcbd1a8927db7358ebce.jpg,1,0,0,0
ennemy201901_jpg.rf.f2dabe8c0e3f54b661cbd8077a2afba6.jpg,1,0,0,0
brimenemy00591_jpg.rf.f88633082af00aa2b64381956984db4e.jpg,1,0,0,0
raze00371_jpg.rf.df1462adf9093b8cf83750ab1b2b8133.jpg,1,0,0,0
astraenemy00791_jpg.rf.ea41f41f12b29284cc1a62f07a8047ce.jpg,1,0,0,0
fade01231_jpg.rf.bccedc28cd59c48ad834afe9f4a2468d.jpg,1,0,0,0
kayo00961_jpg.rf.73191f431c9f595aea6c30210dd78465.jpg,1,0,0,0
teammmate3301181_jpg.rf.eba0c03eb04b84c923556e91ddfd72a1.jpg,0,1,0,0
ennemy201921_jpg.rf.0977aa45733b0102aea1d99f1e61af7b.jpg,1,0,0,0
fade01731_jpg.rf.573ad4ca8ac485e909b5d687c62eda94.jpg,0,1,0,0
ennemy202141_jpg.rf.6c3ab5c51867d660cd66697560275f10.jpg,1,0,0,0
brimenemy00621_jpg.rf.8eb31110f07a599c754b785eea54ef5f.jpg,1,0,0,0
astraenemy00351_jpg.rf.4e63ced965b1f4cb55c7352d79961034.jpg,1,0,0,0
cypher01661_jpg.rf.bc69bf064a4b09f17a1c571e5ec663ed.jpg,0,1,0,0
kayo00951_jpg.rf.a1994874306829beee127eb286b4a330.jpg,1,0,0,0
ennemy201751_jpg.rf.e019d4bda8add50a3590247af0766896.jpg,1,0,0,0
ennemy201551_jpg.rf.5e4b08cc745200a66531d7e69eb4c34f.jpg,1,0,0,0
ennemy201701_jpg.rf.0f9a5910dea13fbb9458286a4ddc53ed.jpg,1,0,0,0
Jett01151_jpg.rf.f1bcd9c6371cff28087738c684949bdc.jpg,1,0,0,0
fade02831_jpg.rf.178c70db7d43942b05aa0a94981e31c6.jpg,0,1,0,0
reyna00241_jpg.rf.505b0a43eb37a2634f9c19dae08026cf.jpg,1,0,0,0
brimteammate00581_jpg.rf.f5385bd3024159f5138b0ce2f5e6ea3b.jpg,0,1,0,0
Jett00281_jpg.rf.4e64b1cef8695bae68ef196ae697a431.jpg,1,0,0,0
fade01451_jpg.rf.8e835d7393c1c90cbc8ff54881ad5ea2.jpg,0,1,0,0
cypher00941_jpg.rf.547006cfb79ac0f8481ac7af73cdb737.jpg,1,0,0,0
fade00251_jpg.rf.0783eda7b8c057a77a7a430900eea0e3.jpg,1,0,0,0
defuser00051_jpg.rf.9be2d146b8a7d3afd73ebc5b263a1757.jpg,0,0,1,0
ennemy00771_jpg.rf.46401b6c480108bb746e82434d0d62a3.jpg,1,0,0,0
Jett01321_jpg.rf.45b2d44435dff4cb9d6a6ef8771b1ce7.jpg,1,0,0,0
cypher00561_jpg.rf.b1954e8e787aea31db4b812ab0567dc6.jpg,1,0,0,0
brimenemy00651_jpg.rf.015b0bc7725ec7bcb20ef75e40e73087.jpg,1,0,0,0
sova00151_jpg.rf.38081e47cfdaacf8405ea970989c97a7.jpg,1,0,0,0
fade00061_jpg.rf.6409ad4328809068a37cd2f3240d436a.jpg,1,0,0,0
teammmate3300551_jpg.rf.744f73b379e49531a739cbe746b4a11d.jpg,0,1,0,0
ennemy01051_jpg.rf.58f74e254da1827162764abe5de92ef3.jpg,1,0,0,0
sage02241_jpg.rf.6c2e0c87b3b92b3723dac006ed280149.jpg,0,1,0,0
kayo01681_jpg.rf.1173fcedbf8776702ba517e4885f9dbb.jpg,0,1,0,0
astrateammate00811_jpg.rf.3acf426f592cf2b6ea289f086620f316.jpg,0,1,0,0
fade02811_jpg.rf.c4c80a996f0b8937faae075678bef80a.jpg,0,1,0,0
Jett00641_jpg.rf.867d498620906f1a32eeb3e48da4a83a.jpg,1,0,0,0
Jett01301_jpg.rf.f24356545ce9b7537d2d79723ee3a679.jpg,1,0,0,0
cypher00801_jpg.rf.bc1facb81eac67d67c56cee19380899c.jpg,1,0,0,0
skye02841_jpg.rf.02642314e9aa4b2b3a9df9a7bd609b85.jpg,0,1,0,0
brimteammate00731_jpg.rf.dbbb000ef45b722dd254e10af45a6183.jpg,0,1,0,0
skye02871_jpg.rf.148407f40838e8367cc7593ee854dfa1.jpg,0,1,0,0
yoru02681_jpg.rf.4c1d3e144791d62ca8501e7204fffbec.jpg,0,1,0,0
brimenemy00171_jpg.rf.3d4cc7b68b71d29b9550f3c54ad2f35d.jpg,1,0,0,0
Breachteammate00261_jpg.rf.6a9214a9b3b803e817cacdd9ac7251ca.jpg,0,1,0,0
yoru02651_jpg.rf.fe4044e6efebf3ae7796d46dc8555d50.jpg,0,1,0,0
astraenemy00601_jpg.rf.3642e31c09f387bc6ed20b4d860ca71a.jpg,1,0,0,0
skye02401_jpg.rf.7dd5d419f446b04f00efe6d9f4ccdb6c.jpg,0,1,0,0
astraenemy00751_jpg.rf.f8766276673c567c4720249d196f9e65.jpg,1,0,0,0
teammmate3302471_jpg.rf.0110e75db872d915954f5353f907d8cd.jpg,0,1,0,0
Jett01191_jpg.rf.d5f5bb69adda65aed2fa7095c63aed82.jpg,1,0,0,0
Breachteammate00251_jpg.rf.1ad9b26bd113246e9c38998157c867ea.jpg,0,1,0,0
cypher00751_jpg.rf.009b5cddc401ccf06476495f6fb73443.jpg,1,0,0,0
yoru00501_jpg.rf.d87bdb35e09b1c9617ed4ad80a8a20eb.jpg,1,0,0,0
Jett01051_jpg.rf.14a17d168fea64bce41b645e12d0918c.jpg,1,0,0,0
brimteammate00331_jpg.rf.2277b78d8d103250b4e5eac9ebd786dd.jpg,0,1,0,0
chamberenemy00261_jpg.rf.ba623fa474801f643868dae8364bca46.jpg,1,0,0,0
teammmate3302441_jpg.rf.221b7467bb94ef4314d941ed8f1c4543.jpg,0,1,0,0
astraenemy01091_jpg.rf.7a93afc52f0a551793f270a60e24d733.jpg,1,0,0,0
yoru01161_jpg.rf.bf8c3ff450c0faca0f569d2b6c933781.jpg,1,0,0,0
Jett01251_jpg.rf.365994340d2aa6edf28ec213c37d36ef.jpg,1,0,0,0
chamberteammate00961_jpg.rf.8dd01d747b909a1d67c8543e6cc8f175.jpg,0,1,0,0
cypher00791_jpg.rf.d44fc0cdbd03485b257c53017c334d74.jpg,1,0,0,0
astrateammate00851_jpg.rf.8b527c9217a1f105f66da17a4e00c700.jpg,0,1,0,0
teammmate3301431_jpg.rf.cab0f68ebd7d8e7b34616743355d3f60.jpg,0,1,0,0
chamberenemy00351_jpg.rf.fb83efd5ded8a5c8a3ebc599686eacae.jpg,1,0,0,0
yoru01191_jpg.rf.ac2c90dc405742bead1a0f650a39fc50.jpg,1,0,0,0
scena00381_jpg.rf.2914456ee24742ea30ba4200590181bb.jpg,0,0,0,1
astraenemy01111_jpg.rf.4b8d4fe8667643a28585316cacd1d5f0.jpg,1,0,0,0
viper02091_jpg.rf.5a8283e5e3159ef2750bc7f69e432fa3.jpg,0,1,0,0
Breachteammate00281_jpg.rf.1dc2c81ed35eb8ac4b75bae13441d740.jpg,0,1,0,0
teammmate3300011_jpg.rf.62c98a26bec893112c233760edb7f4c9.jpg,0,1,0,0
chamberenemy00561_jpg.rf.f6b53a8687314b1b3371ce5c6eb19032.jpg,1,0,0,0
fade00961_jpg.rf.0b5a60fd3829e001f433689cd21ec6fa.jpg,1,0,0,0
Jett00971_jpg.rf.a184b76e69c98fab29ad07a98738e465.jpg,1,0,0,0
fade01581_jpg.rf.51a14f071fbc9a2b23ea0367979de862.jpg,0,1,0,0
cypher01291_jpg.rf.bec8ebe9094121ce038d5f42ebf00f3f.jpg,0,1,0,0
chamberenemy00361_jpg.rf.557a3ff88ea860f825eca3b964b0e362.jpg,1,0,0,0
brimteammate00381_jpg.rf.7a0338d221c8d262657b048a455ae868.jpg,0,1,0,0
teammmate3301341_jpg.rf.338a88feed2586ffdd3b18016c96cf7d.jpg,0,1,0,0
scena00251_jpg.rf.41f1f5491d054c4e7f093e1c07aa67c7.jpg,0,0,0,1
chamberenemy00241_jpg.rf.99fed39ea41fee9ed8064c5dd689e639.jpg,1,0,0,0
chamberenemy00861_jpg.rf.4186e79f9f5d43c6168aec7171b448e2.jpg,1,0,0,0
Breachteammate00501_jpg.rf.e580621547b4843e7819a5592d6ca82a.jpg,0,1,0,0
fade01641_jpg.rf.0afec12ee172e53c1db871a02d4f4c87.jpg,0,1,0,0
yoru00511_jpg.rf.172d854a80438b4155e0bda036f0f1aa.jpg,1,0,0,0
fade02331_jpg.rf.7cb38361490b71a5896396da35386476.jpg,0,1,0,0
yoru02441_jpg.rf.1131f7110db0b3bb13d013c72d9769ad.jpg,0,1,0,0
viper02891_jpg.rf.e01e27a040dc921346534bbfff7185a0.jpg,0,1,0,0
teammmate3301711_jpg.rf.b8d4985d8205c583f11fdf1f3f6a8002.jpg,0,1,0,0
yoru01881_jpg.rf.39adb19a3c69673cdd54ff3bb53c0360.jpg,0,1,0,0
yoru02421_jpg.rf.1d848fa79ea3ad9b2a346b89c81230d0.jpg,0,1,0,0
yoru01401_jpg.rf.87478d1e118eba79f224697fce833ee5.jpg,0,1,0,0
yoru01911_jpg.rf.a2496326415455d5a4feaf299ed68aa8.jpg,0,1,0,0
viper01511_jpg.rf.890ced6f6c058f1a178ff076977783dc.jpg,1,0,0,0
viper02821_jpg.rf.4397d49539108c25fada10968b13886b.jpg,0,1,0,0
yoru02451_jpg.rf.8a90e3720c41fa151f9317d8116d5784.jpg,0,1,0,0
yoru02511_jpg.rf.877a55977f9ba8053269df12d3c07add.jpg,0,1,0,0
teammmate3301811_jpg.rf.4b0a18f523621b3ed4742b74f4776c8b.jpg,0,1,0,0
viper01621_jpg.rf.bcc3d43a560989ae68f2d6633ac399a1.jpg,1,0,0,0
viper01181_jpg.rf.a71fe551db145e53f8ed424c66064648.jpg,1,0,0,0
yoru01341_jpg.rf.2c4fc4f5bee7bba2110f70f5a9f2a59a.jpg,1,0,0,0
chamberteammate00101_jpg.rf.60e904405c923c9f4941f759c060c9b2.jpg,0,1,0,0
yoru02531_jpg.rf.7f957f776dcd73fa2b13169e9e6681b5.jpg,0,1,0,0
teammmate3302651_jpg.rf.48eb65da91575a3598f8c7f78e2ebd2c.jpg,0,1,0,0
yoru01421_jpg.rf.39248b79453cd0d28e6fe727d2241938.jpg,0,1,0,0
viper01701_jpg.rf.909954031ec6a7e972005f5da6904dc5.jpg,0,1,0,0
teammmate3301821_jpg.rf.f84b8b27a546860418e1b17663720232.jpg,0,1,0,0
viper01671_jpg.rf.47134d4d837be26ff1ba98fcaff32ee4.jpg,0,1,0,0
viper00891_jpg.rf.4279b271ad054c745dc7b3b6b303cff8.jpg,1,0,0,0
viper02921_jpg.rf.3c5a38bbc06c49c4f90b0d728972ec9b.jpg,0,1,0,0
yoru02371_jpg.rf.7806b44107395790f95350042feac7ae.jpg,0,1,0,0
viper00381_jpg.rf.043cca90e32731dbdeefb1eb62b584f3.jpg,1,0,0,0
teammmate3301801_jpg.rf.cf6fc63988a65cc5e62ea7d44c5f5388.jpg,0,1,0,0
teammmate3302671_jpg.rf.300fc29ee87cbbae4f701bb4d35b740e.jpg,0,1,0,0
teammmate3302711_jpg.rf.a57b5bb2923bccdbe30b1f70d70806c1.jpg,0,1,0,0
teammmate3301841_jpg.rf.b741de4362e3c873b2a96a13df3bfc7f.jpg,0,1,0,0
teammmate3301831_jpg.rf.03e5f21b15315903cf3a8a3eadfbe811.jpg,0,1,0,0
chamberteammate00231_jpg.rf.827f1be3077181dd6d9658bfc05a937e.jpg,0,1,0,0
chamberteammate00161_jpg.rf.95af0f3ee1c0cae2b73e4bcbd7554a3f.jpg,0,1,0,0
chamberteammate00131_jpg.rf.ca9723327b44f8cf42fa0e2eb408c93d.jpg,0,1,0,0
chamberteammate00091_jpg.rf.d8eaee0447a871de424fc18f1b6ae003.jpg,0,1,0,0
yoru01431_jpg.rf.3631db6c5c252469d9047380006cac79.jpg,0,1,0,0
viper00921_jpg.rf.fa57f6fd11fc74c811e135614f41cd1c.jpg,1,0,0,0
viper02811_jpg.rf.f82786ea4dec2cd06e2424568ddd76c5.jpg,0,1,0,0
teammmate3302661_jpg.rf.94ee1c925ac5160773695ff109a82b5a.jpg,0,1,0,0
teammmate3301731_jpg.rf.0fb096ffb5b470812cbc724de8f74cd5.jpg,0,1,0,0
viper01691_jpg.rf.2ed3488e615d8f49ce9230e439843429.jpg,0,1,0,0
viper01211_jpg.rf.83ba2061d87022d7a41b4f21ab0e9819.jpg,1,0,0,0
viper00911_jpg.rf.0ae53a47d018a713dd94e04b2fd6098b.jpg,1,0,0,0
yoru01921_jpg.rf.49edc72039901a26dbd776da559effea.jpg,0,1,0,0
chamberteammate00181_jpg.rf.9c9091e6a0669b5bbcc8cabfac2b5f03.jpg,0,1,0,0
yoru02411_jpg.rf.cba51fdedc0c8e5adee69948495c8442.jpg,0,1,0,0
viper00961_jpg.rf.6b3adac75eba3abf8afd1d126c269015.jpg,1,0,0,0
chamberteammate00251_jpg.rf.18e6f837b22a7343640f27d38f467eea.jpg,0,1,0,0
teammmate3302701_jpg.rf.ec3ef5975ad3c74c2a29e90605ee0087.jpg,0,1,0,0
viper00881_jpg.rf.cb12410bed66b27422aefccc40691214.jpg,1,0,0,0
viper01051_jpg.rf.9f3c57cbbbc5acd085aac241ac66589a.jpg,1,0,0,0
yoru01501_jpg.rf.a4eab3f6c5ccc74cdcfa2e0bed6357c7.jpg,0,1,0,0
teammmate3301851_jpg.rf.68beb4fd9dbd3f71d3ffc0f3c9508fd6.jpg,0,1,0,0
chamberteammate00151_jpg.rf.da6f820fac76f9d0edc4619590330f76.jpg,0,1,0,0
yoru01411_jpg.rf.a1ff288802b77185d95f553a5a222d76.jpg,0,1,0,0
teammmate3302721_jpg.rf.b2980c3f8374ee5b845ed7d870a479b9.jpg,0,1,0,0
yoru01441_jpg.rf.18b095e1f253007e61c00c868d634b82.jpg,0,1,0,0
viper01041_jpg.rf.c3b734e0a02b0136c1b1bce6ccacda74.jpg,1,0,0,0
yoru01471_jpg.rf.d7cab28374aa3e3253382a6b0d9bf882.jpg,0,1,0,0
viper01091_jpg.rf.2648afa10e0b9f39fd1fe1f940dad33d.jpg,1,0,0,0
teammmate3302731_jpg.rf.2b4e5ec460b4f08018d4f9a2a6b5393a.jpg,0,1,0,0
teammmate3302761_jpg.rf.acd60829ea2130e05b1c73a509493953.jpg,0,1,0,0
viper01031_jpg.rf.c30add294a9683e41531f26962e845e5.jpg,1,0,0,0
teammmate3302841_jpg.rf.4ee6b9dc764ba0e7044b3c92a0384d9f.jpg,0,1,0,0
teammmate3301881_jpg.rf.5e690f1a75bbb05051af8a049d4182f7.jpg,0,1,0,0
yoru01521_jpg.rf.f0ed75f73b0d22eec7c8ec2a1572f9dc.jpg,0,1,0,0
teammmate3302861_jpg.rf.8ae68e8302f3d3b234380fa9a30c1733.jpg,0,1,0,0
yoru01561_jpg.rf.e1213bb4756bfab9f20cfdd4becb8a1f.jpg,0,1,0,0
viper00981_jpg.rf.c74a072b18d6cee95b69e2de6ddc01e9.jpg,1,0,0,0
teammmate3301871_jpg.rf.04b35e5e9fc109071fc7e14743ed4c30.jpg,0,1,0,0
yoru02521_jpg.rf.0f337af877f5248211da99a76b3aefc8.jpg,0,1,0,0
viper01121_jpg.rf.d7e2f009d1880adb889ca9337d5d72f4.jpg,1,0,0,0
teammmate3301781_jpg.rf.60961356f1c30c1c4adb732818a81f70.jpg,0,1,0,0
chamberteammate00221_jpg.rf.359c1eeb1155196677472503fabd614a.jpg,0,1,0,0
viper01011_jpg.rf.3fc1863b7168b4a76936491784df3c3a.jpg,1,0,0,0
teammmate3302751_jpg.rf.8f482cfa7d3bda0dd9c89c9f4d121ada.jpg,0,1,0,0
viper01061_jpg.rf.acc78b1358ce3b2ca75fe93ca18bf4c2.jpg,1,0,0,0
teammmate3302781_jpg.rf.b4f9b9e27f0a8a543dea056aaa17b2c3.jpg,0,1,0,0
teammmate3302801_jpg.rf.0117aaee3f76800eac758169cd855188.jpg,0,1,0,0
teammmate3301721_jpg.rf.2f55d8490f0a5de5097e396180052ced.jpg,0,1,0,0
viper00951_jpg.rf.c3653a9976a806b2a96108db1cc3dc2a.jpg,1,0,0,0
yoru01451_jpg.rf.b9b6be9fc85d8c2c52149d0e315dd25e.jpg,0,1,0,0
yoru01511_jpg.rf.e445dd60f9e3b4ffa45fda592177dcef.jpg,0,1,0,0
yoru01491_jpg.rf.940d4dffe67dc05c21b2a8801b80ed08.jpg,0,1,0,0
teammmate3302891_jpg.rf.272e3818c257844b56683ea2425086ef.jpg,0,1,0,0
yoru01461_jpg.rf.c02e926ccae2600d0e67f636b6b8452e.jpg,0,1,0,0
teammmate3301921_jpg.rf.4d4767e47c7bb678cd7bf7259dfa9ac9.jpg,0,1,0,0
yoru01541_jpg.rf.baaae3e65be7b034e0206ac89ac72f20.jpg,0,1,0,0
teammmate3302811_jpg.rf.150e76291a957c62b3b4bc631c4c89b7.jpg,0,1,0,0
viper00671_jpg.rf.a3b537b2a1ee4257b9a26cfc3a1e42d7.jpg,1,0,0,0
yoru01551_jpg.rf.5bdb6ccfbbd36e00a8897310138c39fe.jpg,0,1,0,0
teammmate3302851_jpg.rf.cb564e0615efb7cffb53562ac6821e2a.jpg,0,1,0,0
viper01131_jpg.rf.dcba7904ab00998d98cf4269e36880d2.jpg,1,0,0,0
teammmate3301901_jpg.rf.d4366141051114be58144b891373fc0b.jpg,0,1,0,0
yoru01481_jpg.rf.0ea3bef1d8fc1841b1db6d3546a11c3c.jpg,0,1,0,0
teammmate3301931_jpg.rf.041b5cd63ed94e63eef2ed7e5aa27877.jpg,0,1,0,0
yoru01531_jpg.rf.4622ae4d34610ac2a3c180104c2c20d2.jpg,0,1,0,0
viper01101_jpg.rf.f7894aa2fa80a9a663dc0df700faf098.jpg,1,0,0,0
viper00721_jpg.rf.b6fba13e5dee935e69ba2e090b637fa2.jpg,1,0,0,0
viper00691_jpg.rf.62449ef93ab26b5f1e18c7fe7d9c7460.jpg,1,0,0,0
teammmate3302901_jpg.rf.2641da479ca9f641982dfe0336123bae.jpg,0,1,0,0
viper00761_jpg.rf.95bd2e85e2d5e811d409629a8fb18791.jpg,1,0,0,0
yoru01621_jpg.rf.47fcbb22b8a2474469e86221d964a962.jpg,0,1,0,0
viper00031_jpg.rf.50e03eee03c3e71ed284b6e22cd6b363.jpg,1,0,0,0
viper00711_jpg.rf.95dc86a5d11cd3b5897fb611c1628a07.jpg,1,0,0,0
yoru01641_jpg.rf.efc756b9fddded879cfe610acfbd3b75.jpg,0,1,0,0
yoru01661_jpg.rf.5c0b327b276bf142a315f7b19db31e25.jpg,0,1,0,0
viper00801_jpg.rf.b9c79c04c8b6223d3fee5bbe9b6cf37c.jpg,1,0,0,0
yoru01611_jpg.rf.3edea9a481ad4b707aadf4d1155aba9f.jpg,0,1,0,0
viper00751_jpg.rf.c80320e63d381534446aeb303eb74613.jpg,1,0,0,0
yoru01591_jpg.rf.9747f0326125b7e0dd3b49cf4433af90.jpg,0,1,0,0
viper00631_jpg.rf.a3074d3c094027e63b24273e9b371b96.jpg,1,0,0,0
viper00121_jpg.rf.9e510aea637087be930ebf772f5d1de4.jpg,1,0,0,0
viper00131_jpg.rf.59a428dacb1f5881079ef9bb9a3dc422.jpg,1,0,0,0
viper00001_jpg.rf.3ed88552afbc5d5e49fac56dd2f41d4a.jpg,1,0,0,0
viper00051_jpg.rf.0806a08461e29e09026ec34849e3c0d7.jpg,1,0,0,0
teammmate3302831_jpg.rf.e27fd72bd3a21b662dd721b6404d36f2.jpg,0,1,0,0
viper00681_jpg.rf.4d17ede1d062233a6511c55b6e8244d0.jpg,1,0,0,0
teammmate3302871_jpg.rf.ef92ee318b2ac0e360d3690d6dc141fc.jpg,0,1,0,0
neon01261_jpg.rf.b0471275f3427f59744f8924004a02d2.jpg,1,0,0,0
pheonix00721_jpg.rf.56a08edb386a920235d9b0317f1a7b3d.jpg,1,0,0,0
plantedspike01421_jpg.rf.ce4d6d3d153194518b8836d8fb697140.jpg,0,0,1,0
neon01181_jpg.rf.e33140cf4d07d40fa7766283955a0df9.jpg,1,0,0,0
omen01191_jpg.rf.31e3c436c3c8f99b0b01cf004aa56040.jpg,1,0,0,0
plantedspike01251_jpg.rf.9e8ef67a37654ec9db706f30df6fa391.jpg,0,0,1,0
pheonix01001_jpg.rf.37938ef9f6afe47193119f383360235a.jpg,1,0,0,0
neon01251_jpg.rf.63f70a0a2ccdf1853a5a39cf97e40c71.jpg,1,0,0,0
orb00021_jpg.rf.3778b4a0904fe963cc206aed453d7324.jpg,0,0,1,0
omen02821_jpg.rf.3364f4653e5e5b46878d6280a2246625.jpg,0,1,0,0
pheonix02291_jpg.rf.89464b0b690d6d36897a1addbe2d7803.jpg,0,1,0,0
omen02521_jpg.rf.49bdbb7c9a9224ae2b0c98d5a1bac668.jpg,0,1,0,0
neon00831_jpg.rf.fc82e6f41d17406c057181aee6cd81de.jpg,1,0,0,0
plantedspike01461_jpg.rf.ca72f35b62712eed1f3faa347ac270f7.jpg,0,0,1,0
omen00091_jpg.rf.39cf4b6d45c3b4e3098166c6ce4799a1.jpg,1,0,0,0
pheonix00621_jpg.rf.c28762a8dfa404c796058728f28f63af.jpg,1,0,0,0
orb00031_jpg.rf.e4ed60924d39cac489bd05a5ff9d35d8.jpg,0,0,1,0
pheonix00691_jpg.rf.27d65dca56977d3365dc3de5fbae19ee.jpg,1,0,0,0
neon00781_jpg.rf.bbbbcb0e91fe792c0dbea23fdf668eef.jpg,1,0,0,0
pheonix00961_jpg.rf.abf44cc4d09ba00d6eeb524185500fb0.jpg,1,0,0,0
orb01711_jpg.rf.c7f7f4fd68a4ccef042ab437e2e6f81d.jpg,0,0,1,0
pheonix02351_jpg.rf.4da0d77df15eebe44f4bcc4e82e3af9f.jpg,0,1,0,0
neon00741_jpg.rf.32834369ccfa067981def07def5f60b7.jpg,1,0,0,0
omen01261_jpg.rf.78adec29e5861592f54811a4e377990f.jpg,1,0,0,0
pheonix02321_jpg.rf.6933e69245829bc630757fdd2f86e00a.jpg,0,1,0,0
orb01581_jpg.rf.616d03398fbf13a4c436ed818c8a2550.jpg,0,0,1,0
pheonix02251_jpg.rf.85d9d261043dd81c732117a2dbe1f5a1.jpg,0,1,0,0
plantedspike01481_jpg.rf.c78062d6cef897ebf6d8741afedc4303.jpg,0,0,1,0
plantedspike01181_jpg.rf.f9fdf71324f7d798c0d15133ae572a33.jpg,0,0,1,0
omen02571_jpg.rf.0b9096f69893799cc1a4dec4add7fcd9.jpg,0,1,0,0
pheonix01441_jpg.rf.5afbda00d0fd6568fae5cef8abb9e61a.jpg,0,1,0,0
neon01171_jpg.rf.c2c66208c4727bd8d4f1a3c277ef2cf3.jpg,1,0,0,0
pheonix00971_jpg.rf.20aa3f99e7cfb976776fe138a297ba47.jpg,1,0,0,0
omen02581_jpg.rf.95966f65676ba0675f2d4b7aea0f04fc.jpg,0,1,0,0
omen00121_jpg.rf.71784aaa1af1afa440f729c2f6b5bdad.jpg,1,0,0,0
pheonix02371_jpg.rf.21f654a3be5a9a9bdadfa2981f6c9c36.jpg,0,1,0,0
plantedspike01311_jpg.rf.e722b8ee260a99fe26adafedbc5c2647.jpg,0,0,1,0
omen00161_jpg.rf.f82cff35d2579d7e55c70811af1c3b03.jpg,1,0,0,0
pheonix00991_jpg.rf.ba3c564ac191bfbe5955c1216394ef5a.jpg,1,0,0,0
killjoy02541_jpg.rf.213f9e57b9c71c3c534a75724be6325a.jpg,0,1,0,0
pheonix01401_jpg.rf.298295c7b660447c55c33f71e3e6de2b.jpg,0,1,0,0
omen01151_jpg.rf.7f404b3cf20e7a2bef185f303891bac3.jpg,1,0,0,0
neon00731_jpg.rf.9993d9cf284e48834b80b01f03fdc883.jpg,1,0,0,0
pheonix00951_jpg.rf.a79bde727845fab93790168b754e660a.jpg,1,0,0,0
pheonix00651_jpg.rf.d9ccd149112e840125fd23871b4df9f5.jpg,1,0,0,0
omen00191_jpg.rf.6405a74cebac3d4f78b824c039f65a72.jpg,1,0,0,0
pheonix01431_jpg.rf.cf95f44a485e4075ceb3c7cf944541a4.jpg,0,1,0,0
pheonix02331_jpg.rf.ce20a28ea4846f06fa2bf5f30d48fe06.jpg,0,1,0,0
pheonix02341_jpg.rf.230ea763faf52804a3d57689a25e9cf9.jpg,0,1,0,0
omen01161_jpg.rf.b4eef1851023a3f2538bf7701224f4c9.jpg,1,0,0,0
pheonix00681_jpg.rf.0354917915f78f41321ffd363912ed38.jpg,1,0,0,0
neon01241_jpg.rf.0e24ec3cdd35f03fdbd2bf965b92aaee.jpg,1,0,0,0
pheonix01421_jpg.rf.a37f05d2cb7abfeca3e1a615ff7056f7.jpg,0,1,0,0
omen02631_jpg.rf.1b867fecee39e70391802f191e433ade.jpg,0,1,0,0
orb00041_jpg.rf.6305f2c3ac805e59cf454d17bf8d9bf0.jpg,0,0,1,0
plantedspike01261_jpg.rf.2c75eb7efa7b793ee5566777cfb1f465.jpg,0,0,1,0
pheonix00801_jpg.rf.d9366099c8b93c7ee69a6c841d705872.jpg,1,0,0,0
neon01211_jpg.rf.358e130bce0964b20fc0e67f044806d1.jpg,1,0,0,0
orb01641_jpg.rf.ba77686782301cafdcf74267d3c9046c.jpg,0,0,1,0
killjoy02591_jpg.rf.f382561470f1659f11ddf02635454807.jpg,0,1,0,0
orb00111_jpg.rf.e9493cb0e327a57aadea10d929004add.jpg,0,0,1,0
pheonix00741_jpg.rf.0f5dd34314fa0d79336c5653d3bb3dce.jpg,1,0,0,0
killjoy02521_jpg.rf.3239c2c4f5303cddba88a3e6913f4533.jpg,0,1,0,0
orb01531_jpg.rf.a68eb93e63c60f5fab4a15dbe6e892c5.jpg,0,0,1,0
pheonix01351_jpg.rf.295f7899946fcf36804b95402d2a2000.jpg,1,0,0,0
omen02651_jpg.rf.2ad608ba09d7f80129c45ab7625693cd.jpg,0,1,0,0
neon01281_jpg.rf.0b01398dfec1dcab0ab876df370c418a.jpg,1,0,0,0
plantedspike01191_jpg.rf.581b510ec66874002be11b76fe8a8c48.jpg,0,0,1,0
pheonix00631_jpg.rf.0c2bbb137dde62ce60c2e6696e769248.jpg,1,0,0,0
pheonix01371_jpg.rf.0a29a398facb0cdfd8b6a456e8582387.jpg,1,0,0,0
pheonix00911_jpg.rf.b572039ebc2a8c71e926d0ed225170a4.jpg,1,0,0,0
plantedspike01511_jpg.rf.1300113cad5e4d5660ec030f6075c228.jpg,0,0,1,0
omen00141_jpg.rf.ff8e44bd9d8f542e1bdf2c739bef8a93.jpg,1,0,0,0
omen02701_jpg.rf.2084703543dfa0830d3ab44bda215912.jpg,0,1,0,0
pheonix01391_jpg.rf.5b19fe81d639891433f1f048dce39dcd.jpg,0,1,0,0
killjoy02561_jpg.rf.a946d4695c04a2abf9d72efd8e3b7d65.jpg,0,1,0,0
pheonix00891_jpg.rf.ea14fd07036556e3d24c94d674a637c7.jpg,1,0,0,0
omen00181_jpg.rf.494deb85ee511751b29516fa3672dcf0.jpg,1,0,0,0
neon01231_jpg.rf.7e84178f06d14dc75fbdaab8b34fe570.jpg,1,0,0,0
omen02791_jpg.rf.04fab3419c5063c40e9539deb0db50aa.jpg,0,1,0,0
neon00801_jpg.rf.2b8990c5998025dd1f722a86eaff4f8e.jpg,1,0,0,0
omen00291_jpg.rf.dbbc4e042ad67721c225420dc4fcc5fd.jpg,1,0,0,0
killjoy02621_jpg.rf.4dfa338bed065de23e01776b230983be.jpg,0,1,0,0
neon01301_jpg.rf.41e85ae959c19a7bd04339f4ffdb069c.jpg,0,1,0,0
plantedspike01601_jpg.rf.4d0a14a55ed67c10f606176dbe1c8416.jpg,0,0,1,0
pheonix02311_jpg.rf.768b5e50a5705bc5942fc37ca4fe390c.jpg,0,1,0,0
omen02641_jpg.rf.520b0675b568a04177d067dd028ea834.jpg,0,1,0,0
pheonix00921_jpg.rf.9207093c012aac6ed451c6ae6fe29bbd.jpg,1,0,0,0
omen02811_jpg.rf.9efaedde3a9d966de87345491caaa01c.jpg,0,1,0,0
pheonix00831_jpg.rf.c18417d3c52c767017e379e984251e50.jpg,1,0,0,0
neon01351_jpg.rf.ea064118be2f8e529701fd6493f30203.jpg,0,1,0,0
pheonix01361_jpg.rf.ec5dc47775f1a6bcb37ce6d352619cec.jpg,1,0,0,0
pheonix02271_jpg.rf.6aea643ab211366d4c315596f024ed9d.jpg,0,1,0,0
pheonix01031_jpg.rf.90fd23b024c48c7cf0489ea49c5da019.jpg,1,0,0,0
killjoy02531_jpg.rf.7af8de828ab3da65a67e8dfb44cb9f4d.jpg,0,1,0,0
orb01681_jpg.rf.f985611801576fbcf7e4b75208851e55.jpg,0,0,1,0
pheonix01521_jpg.rf.3e8ad5bd1f42d17baa66ed6433c2e156.jpg,0,1,0,0
omen02611_jpg.rf.75d3cc15d82b3b189b8e542ffbd7210a.jpg,0,1,0,0
omen00111_jpg.rf.b50de4d801a9ca938d8ab6ddf4ac8db9.jpg,1,0,0,0
omen02711_jpg.rf.4f0a0a0af9af476a08a13572552f4271.jpg,0,1,0,0
pheonix02391_jpg.rf.616d647b7cf1bf9cba87a238762661ea.jpg,0,1,0,0
pheonix00661_jpg.rf.8adcd6647d6d45911fba13bed9c00292.jpg,1,0,0,0
orb00181_jpg.rf.cc682d9cad3ff00f5d74a2c95735b3ee.jpg,0,0,1,0
plantedspike01551_jpg.rf.2825dcb43dcdf1b129ca7e60530c1924.jpg,0,0,1,0
neon00721_jpg.rf.c60189388127c41f850526b640ec1bc7.jpg,1,0,0,0
omen02731_jpg.rf.31ad526d5c6669964475d0d4699b5e76.jpg,0,1,0,0
pheonix01131_jpg.rf.8592a381e5145b96603025e7693bfa54.jpg,1,0,0,0
omen00101_jpg.rf.5d8a8ffb2a5526227aa1f374867e3f6f.jpg,1,0,0,0
pheonix00791_jpg.rf.960f85a0daf8b16f16bdaed9781472a7.jpg,1,0,0,0
neon00771_jpg.rf.3a0b6f6f80c938771d825004fa77e5eb.jpg,1,0,0,0
plantedspike01531_jpg.rf.a99cdaa9c0fd4b011818a567f57d1fda.jpg,0,0,1,0
omen01171_jpg.rf.84f3c5eca551a7c61514a4f503e9afc2.jpg,1,0,0,0
plantedspike01521_jpg.rf.320df370fa664186fd23649f87b19251.jpg,0,0,1,0
neon00811_jpg.rf.38a344235cd2c69e08ad068fe730628b.jpg,1,0,0,0
pheonix01051_jpg.rf.35083367377fb8f4dc6c0dc632021517.jpg,1,0,0,0
omen00311_jpg.rf.78e60ea5485d409e49d4ff74139eefcd.jpg,1,0,0,0
orb01631_jpg.rf.28776166fcec77cdf98895b9971c1128.jpg,0,0,1,0
plantedspike01501_jpg.rf.749172529639bbf60e83f5def551e5af.jpg,0,0,1,0
pheonix00851_jpg.rf.5004ffcee87798b761dd2e5c34bdccda.jpg,1,0,0,0
omen01631_jpg.rf.802a2385d16a093102cac3ea7612caf3.jpg,1,0,0,0
omen02741_jpg.rf.7424d41ae00b26296c8811d6d51a8aa0.jpg,0,1,0,0
orb01761_jpg.rf.b0cdcb3947510e09b696df4cb0dd33e2.jpg,0,0,1,0
omen00131_jpg.rf.e7f2e4d061d115df49c9760f742e51b6.jpg,1,0,0,0
omen01201_jpg.rf.a51ba117bbf84a4b2df7c97f15777110.jpg,1,0,0,0
killjoy02551_jpg.rf.a57f338fdb8aca42ddcee2d2f133800b.jpg,0,1,0,0
pheonix02301_jpg.rf.ba3174e8585d13952b73fcdbe6293ab9.jpg,0,1,0,0
orb01541_jpg.rf.bb043185c5eb937b7934804471e37727.jpg,0,0,1,0
neon01201_jpg.rf.b2ed9dd89387a534b80c3d5bbce4849b.jpg,1,0,0,0
neon00861_jpg.rf.13ecbcd89c53e7b3a6b3f289db875d0d.jpg,1,0,0,0
plantedspike01371_jpg.rf.6970454b4d27e86834f615a57e70f2de.jpg,0,0,1,0
neon00851_jpg.rf.0d6643287558c3da317eb202cc07cf3f.jpg,1,0,0,0
killjoy02601_jpg.rf.e956438a60a7100d05f7a09ab2770b6f.jpg,0,1,0,0
plantedspike01351_jpg.rf.42bab1b9a8383c7249d9cba714a99431.jpg,0,0,1,0
plantedspike01271_jpg.rf.3fc6a6764d4d873c0d5dae893012e22b.jpg,0,0,1,0
pheonix01491_jpg.rf.7c87c8c1a4e2867329ea5997e5d01713.jpg,0,1,0,0
killjoy02661_jpg.rf.917ed6026d43b6353030ba7dda8ecded.jpg,0,1,0,0
pheonix02431_jpg.rf.d7e1e6791cc26730933522ad1eb201cf.jpg,0,1,0,0
pheonix02441_jpg.rf.0b1d8ea892e4e440b3d202be7771298c.jpg,0,1,0,0
orb01811_jpg.rf.2da01b4c24f32e425245b0329137257d.jpg,0,0,1,0
pheonix00711_jpg.rf.3420586fbe05aacbbb7c1bd60902bb8d.jpg,1,0,0,0
omen00201_jpg.rf.4aa9c9839a59a0388b9b90f2d5e621f2.jpg,1,0,0,0
killjoy02571_jpg.rf.7dc7479ed799491218415a8158cdedd7.jpg,0,1,0,0
omen02841_jpg.rf.da1acc9a591232d248b6a0279744cce2.jpg,0,1,0,0
neon00821_jpg.rf.f2c969f0403998a17be49e1fce11d706.jpg,1,0,0,0
plantedspike00321_jpg.rf.7343a8bacdaff7ee27104b44f80ff933.jpg,0,0,1,0
omen01231_jpg.rf.dbd182688535949d3252735055ddebb5.jpg,1,0,0,0
neon01291_jpg.rf.8a497cf3d51f15667c22bc17a528133d.jpg,0,1,0,0
pheonix00901_jpg.rf.3ebe0d50f13fb1a93b5a3e853b26c82e.jpg,1,0,0,0
omen00221_jpg.rf.5f3deb84a231a0063244cd8de40939b9.jpg,1,0,0,0
plantedspike01411_jpg.rf.5a56b0f23564abb6fde40086a6986ccb.jpg,0,0,1,0
orb01661_jpg.rf.00271fa6c8b8ea0e7024809e55b107e6.jpg,0,0,1,0
omen02801_jpg.rf.806acee57b16f29c567507f75eda4c24.jpg,0,1,0,0
neon00871_jpg.rf.0b0b6a17e66251550602825bc9c67741.jpg,1,0,0,0
omen01251_jpg.rf.1e97e7f08064b932a2e3d4eaae1796ac.jpg,1,0,0,0
omen02721_jpg.rf.69532e87ecf3449fae0d6afe7bb0b390.jpg,0,1,0,0
neon01321_jpg.rf.2bb0ac841f72e3eafb2efce8c48e3401.jpg,0,1,0,0
orb01551_jpg.rf.a9221b75ba916ab515b4f8f5d813c219.jpg,0,0,1,0
pheonix02381_jpg.rf.4f741ee9f6472230b69b363bd7cceef2.jpg,0,1,0,0
neon01221_jpg.rf.ca8796e652b7b862eaf724cb6ca165f4.jpg,1,0,0,0
killjoy02701_jpg.rf.276a4e3a92e6bb852f75148f9f94282a.jpg,0,1,0,0
pheonix02411_jpg.rf.3e3fce81de411460d3bdb822acaee279.jpg,0,1,0,0
omen01271_jpg.rf.af386fc180b03ded810f31e0d50af569.jpg,1,0,0,0
plantedspike01241_jpg.rf.e4eb65cd39f4e574447d5b5703c7aac7.jpg,0,0,1,0
orb00071_jpg.rf.fc9b4ae86f8dee103ed262cd80a32560.jpg,0,0,1,0
killjoy02631_jpg.rf.0123b1c8de1efcf968cd8b8e21213d84.jpg,0,1,0,0
omen01211_jpg.rf.190eca9d59d07fc0aff82b145db4f79f.jpg,1,0,0,0
omen02781_jpg.rf.724c5336797d6fe7a0d8f1b5167ac7ba.jpg,0,1,0,0
omen00281_jpg.rf.4a06c90786dadf098bce7630cd2c95d1.jpg,1,0,0,0
orb01821_jpg.rf.bb29cb0543fff76efaa220c39bc4ae6a.jpg,0,0,1,0
plantedspike01211_jpg.rf.e2b2452ac62a65bfc2dfa0a0935ffba8.jpg,0,0,1,0
plantedspike01451_jpg.rf.e23d3ada83b400a0700ea91d7dee187c.jpg,0,0,1,0
pheonix00731_jpg.rf.161eab0abfcc18f574565312f5e67419.jpg,1,0,0,0
plantedspike01431_jpg.rf.3f9aba8923d7bddf425a7dcd76061826.jpg,0,0,1,0
plantedspike01341_jpg.rf.457843147642936e9dc6e1ead608ee03.jpg,0,0,1,0
orb01791_jpg.rf.6288b47259532c7ba243044d238979f1.jpg,0,0,1,0
plantedspike01591_jpg.rf.7490eb097baf1c48363c6a06546fca87.jpg,0,0,1,0
pheonix00981_jpg.rf.660a1fb032f286998827f33b26be05ec.jpg,1,0,0,0
orb00671_jpg.rf.918fe3101a7d77df206650f4d6fb138b.jpg,0,0,1,0
omen02591_jpg.rf.93e3ee7e3662be327a31e3409ed1d74e.jpg,0,1,0,0
orb01671_jpg.rf.ea8073d229d90f9b4c5bec1c1b579e65.jpg,0,0,1,0
killjoy02581_jpg.rf.17d6ec492dfc7fe818be26e9f6763c92.jpg,0,1,0,0
omen01291_jpg.rf.98049e7046c8e7301e67c08ca218ad45.jpg,1,0,0,0
omen01301_jpg.rf.b90bf9e278c5b5eb2271c13bd208070a.jpg,1,0,0,0
pheonix01121_jpg.rf.724b7f3b1f8d8b19ca8d76f8f1dbd702.jpg,1,0,0,0
omen01641_jpg.rf.90d9ba761dcba3527c4c27ba04fb76ab.jpg,0,1,0,0
omen00241_jpg.rf.b9fb24db972be3bceeb1e7f41b6c0270.jpg,1,0,0,0
neon00751_jpg.rf.e1691deb507f1ae9fa0f723878f88e50.jpg,1,0,0,0
omen02411_jpg.rf.f79c10bd6322c658e2b2f75a3fe0ee96.jpg,0,1,0,0
neon01331_jpg.rf.177f1f80c6f1c49ed9e2ea76d84efa94.jpg,0,1,0,0
orb00121_jpg.rf.b2b0c16c7a62c6587de1d6deccee643c.jpg,0,0,1,0
plantedspike01331_jpg.rf.3d97aa4c9ba0a7999a3e03e1bb357421.jpg,0,0,1,0
neon00841_jpg.rf.d0b6c375528b7a59b0a86566e4c2eaf4.jpg,1,0,0,0
killjoy02711_jpg.rf.a2c13a1ab066380ffbb1149dc035d333.jpg,0,1,0,0
omen01281_jpg.rf.ff4b8deaf36ca16e577a27283e6be6a8.jpg,1,0,0,0
orb00431_jpg.rf.dad7475400da788d50b4f23a2363ecf6.jpg,0,0,1,0
orb00131_jpg.rf.5bd873e367146cd9b2e6877e50cb7214.jpg,0,0,1,0
plantedspike01291_jpg.rf.cf3dfed6a6a52511e847ad419ebc84ce.jpg,0,0,1,0
killjoy02651_jpg.rf.1fe0272f6068a5eda1b3d78b0b195348.jpg,0,1,0,0
orb01781_jpg.rf.7dedb2c33b2465b28985c4aa82fa9e5f.jpg,0,0,1,0
neon01391_jpg.rf.a28367e700851f6d63b6abe9663a4b49.jpg,0,1,0,0
pheonix01101_jpg.rf.f6df9ea8dacd32f3918ddaecad1055eb.jpg,1,0,0,0
omen02761_jpg.rf.bf36640aefcf6bb861b0b422c258c6a7.jpg,0,1,0,0
orb01851_jpg.rf.03a02471d36204ed490891a7e65cc291.jpg,0,0,1,0
killjoy02681_jpg.rf.b36ce68d9bd3ff9da47431dd534f63aa.jpg,0,1,0,0
pheonix00841_jpg.rf.4c44049a4989f1d525be55e2c15c801e.jpg,1,0,0,0
omen00231_jpg.rf.77b3574fba508935f87ea70175b2a220.jpg,1,0,0,0
pheonix01551_jpg.rf.79978bf06181e95fc3da3510699a29ba.jpg,0,1,0,0
plantedspike01441_jpg.rf.aeebf5475a0ad3ab44fd8338a2f44acf.jpg,0,0,1,0
orb00201_jpg.rf.23263a016467750a5f1b24c3fbf5ce18.jpg,0,0,1,0
neon00891_jpg.rf.ead2625d80fa6c1a29010a0937ebdc78.jpg,1,0,0,0
omen02621_jpg.rf.70b01b48e0789ee206e0a929b22e824e.jpg,0,1,0,0
omen02771_jpg.rf.11d587585e65a31dc69aeb7009706b25.jpg,0,1,0,0
pheonix01081_jpg.rf.ba5d886e4672ca19ffbd9bfd1e5f350a.jpg,1,0,0,0
omen01131_jpg.rf.a6b189b83df2c474382afbae38dd1ed7.jpg,1,0,0,0
orb00661_jpg.rf.c601a1222c245008021e1a295d7d0702.jpg,0,0,1,0
omen01751_jpg.rf.88e651149a75781b8319dbd04afb5e9f.jpg,0,1,0,0
pheonix00381_jpg.rf.e8ce04c9da34f685e4225f7000d02d27.jpg,1,0,0,0
plantedspike01031_jpg.rf.2fd17f188075e462d69203fc6e78f33d.jpg,0,0,1,0
neon01061_jpg.rf.79aad0225efb43b2f932b825761bbe44.jpg,1,0,0,0
killjoy02281_jpg.rf.82ec3874d34d1c0c24ba84584cc4a786.jpg,0,1,0,0
neon01521_jpg.rf.8e6900c9da684716a997e86aad0227f5.jpg,0,1,0,0
orb00881_jpg.rf.af3191fe5d30c1a93a18d0aae8f5920d.jpg,0,0,1,0
omen02481_jpg.rf.fe90da29881847a10868ab27b8aaf5f3.jpg,0,1,0,0
dm09361_jpg.rf.dc86e33ba5781ca07852145983a89d95.jpg,1,0,0,0
neon01091_jpg.rf.a1d9bdebc79fed9d23e742e6965cce98.jpg,1,0,0,0
plantedspike01631_jpg.rf.dcd2bf8c1c3d934902e5d1e2d21e9f6f.jpg,0,0,1,0
pheonix00141_jpg.rf.438d5942d5728857ae24cde87ccfc40e.jpg,1,0,0,0
neon00961_jpg.rf.d4b083fff84409aa0f0940688099b47d.jpg,1,0,0,0
omen00361_jpg.rf.64e05197f810b85062374fff92d6a9e6.jpg,1,0,0,0
dm09996_jpg.rf.1efc2b95fbce4a4a506cf654e52388fd.jpg,1,0,0,0
orb00511_jpg.rf.4d9c5554bbdf9949ac90ebccfef2706b.jpg,0,0,1,0
omen01831_jpg.rf.30083734cb01a25a6ef6bce57d2e8239.jpg,0,1,0,0
defuser101131_jpg.rf.cb0d0823bb9b0b461f863ec4bebc0f8e.jpg,1,0,1,0
omen00211_jpg.rf.0e7a48af715089ed506b7e3a7d0fe318.jpg,1,0,0,0
neon01031_jpg.rf.5d86f01c441a88f3a05799c2f411edc8.jpg,1,0,0,0
neon01451_jpg.rf.b00999786cdf8a11746bff1dd83d76f9.jpg,0,1,0,0
pheonix01231_jpg.rf.de1dfa9a922b54276f99081ac0b93d7d.jpg,1,0,0,0
orb00571_jpg.rf.31df38e4ddb646d3c85caad3c9b65719.jpg,0,0,1,0
omen00401_jpg.rf.49350276e51610cd0fe5a469e3333d9e.jpg,1,0,0,0
orb00821_jpg.rf.f5716f95792f3b4b211ed1ae33d0deee.jpg,0,0,1,0
orb01861_jpg.rf.eb278f6ea15acedb7ab7c9a0fee0843d.jpg,0,0,1,0
orb01971_jpg.rf.ee4c99acdb57e3b1b73927aff8bc3122.jpg,0,0,1,0
plantedspike00351_jpg.rf.f673ebd45a92d4ba28ee55d2bce513c5.jpg,0,0,1,0
neon00221_jpg.rf.1b3df1c4599690e9175285c7e1391d67.jpg,1,0,0,0
dm02011_jpg.rf.3a82ff0c8357469b3769ad9a7a70db06.jpg,1,0,0,0
plantedspike00961_jpg.rf.4eeba9581a5afee4868b7792eefb7dbc.jpg,0,0,1,0
dm09761_jpg.rf.98f84d0892a38d6ba6e7a9a25e113f50.jpg,1,0,0,0
orb01891_jpg.rf.da0c62a67d572aa8401e4fbce8f63101.jpg,0,0,1,0
orb00231_jpg.rf.7510f5cade081b5c09bb178625000772.jpg,0,0,1,0
pheonix00121_jpg.rf.7ad7f40daa7371d401a3deef641beaf6.jpg,1,0,0,0
orb00871_jpg.rf.ca4e79dac2edcaf47192c1ea5c8695da.jpg,0,0,1,0
pheonix01161_jpg.rf.7a023875cf23d4c42600bf6865413668.jpg,1,0,0,0
plantedspike00331_jpg.rf.81a309a460cf5c2fa9af95b8af64ec94.jpg,0,0,1,0
dm10036_jpg.rf.a4416c0e56c162bbdc1fca59e70222e8.jpg,1,0,0,0
orb00861_jpg.rf.c66e5e160deafc1ebd283e300daa421d.jpg,0,0,1,0
killjoy02221_jpg.rf.5f406419c8f6cef19d5d2918c8d3e1ce.jpg,0,1,0,0
neon00301_jpg.rf.a9cebf95c81a826edb3780bca2934de4.jpg,1,0,0,0
defuser100411_jpg.rf.fff9d8d7ec89006f7100562d4b5863df.jpg,1,0,1,0
neon01491_jpg.rf.b740490d1891d4d5db2246edf0110b37.jpg,0,1,0,0
killjoy02211_jpg.rf.bf003255526f6cb46a62e49bd21941d0.jpg,0,1,0,0
neon00951_jpg.rf.62065d6f8cfb30ed6bf49b4905a17b61.jpg,1,0,0,0
dm04936_jpg.rf.0081c56bb51ca8610acc6bdfac71796f.jpg,1,0,0,0
omen02501_jpg.rf.3c735c90ebe7d11871206a55966f5745.jpg,0,1,0,0
pheonix01151_jpg.rf.17ffbf8dad7f9d02024ea8293ef8b696.jpg,1,0,0,0
plantedspike01021_jpg.rf.729b9ab80f1a570e225fad18b22438e6.jpg,0,0,1,0
defuser100551_jpg.rf.7832b8bb53e96be33807d1cf873e786b.jpg,1,0,1,0
neon01001_jpg.rf.0138eca347ade062764371122062ff7d.jpg,1,0,0,0
omen00961_jpg.rf.22f041e27b61af5cd1e684c52cc0c222.jpg,1,0,0,0
defuser101081_jpg.rf.805768c6bf54ce073ec3ac61ae189be1.jpg,1,0,1,0
defuser101121_jpg.rf.c7740d464cd4f77177c10c38f8489a8c.jpg,1,0,1,0
plantedspike00991_jpg.rf.61f5bd6763cd335439e1a07f7773e95c.jpg,0,0,1,0
orb00561_jpg.rf.7fa9bd742255883b5aa3a4a1a58f2dfd.jpg,0,0,1,0
neon01431_jpg.rf.19989976febbec0a680fb4d38a2cdaa9.jpg,0,1,0,0
omen01801_jpg.rf.5867dfd6fce179f248b0f99407b496ab.jpg,0,1,0,0
pheonix01581_jpg.rf.aa894e3a409c01b495119ec67230ab95.jpg,0,1,0,0
neon01421_jpg.rf.4c9b38cf987d4976456f644f9991b6ac.jpg,0,1,0,0
orb00701_jpg.rf.b8130545f6dc9d15a552a94124c16029.jpg,0,0,1,0
pheonix00151_jpg.rf.a9c64840d7002a2042be7fb1d3cdfc9d.jpg,1,0,0,0
dm10026_jpg.rf.b5779db404d9907dd28b8c1a1929a424.jpg,1,0,0,0
dm08951_jpg.rf.d118a6803d652ef8ec4b73f95c43edb3.jpg,1,0,0,0
omen00301_jpg.rf.b9b360837c3d385ffd52952fc8ac2152.jpg,1,0,0,0
orb00351_jpg.rf.63f79abda0ea7688feec544df2161ebd.jpg,0,0,1,0
pheonix01301_jpg.rf.c1d7017f714a929a01f0ab1a1a0619df.jpg,1,0,0,0
omen01911_jpg.rf.7e572cd64219cd44277a62d5276bec96.jpg,0,1,0,0
orb00211_jpg.rf.35338bff6857cff6268b932e341e76f3.jpg,0,0,1,0
teammmate2200421_jpg.rf.93ed2cd2b9064dfeed782340406dbcd8.jpg,0,1,0,0
teammate01031_jpg.rf.c1f4d5867e73b4c8bdaf9e099d8ac5ee.jpg,0,1,0,1
teammmate2201871_jpg.rf.8c4c18b56769d3fe6e17584a9115b665.jpg,0,1,0,0
orb00621_jpg.rf.851958322d110c0897383d75c3ad4147.jpg,0,0,1,0
pheonix01311_jpg.rf.8148ebe473d2190cedfd63c1f2e24a84.jpg,1,0,0,0
neon01561_jpg.rf.681c2bb170604a0afaa30fa6c4e03788.jpg,0,1,0,0
orb00271_jpg.rf.77e7d27616d4e08d4e2b2ee14faeb495.jpg,0,0,1,0
neon00391_jpg.rf.84f94ccecc9b7e69935b066a341afdb1.jpg,1,0,0,0
plantedspike01111_jpg.rf.c0f4089e46c131814b05f6d0efdcca1c.jpg,0,0,1,0
neon00931_jpg.rf.3e0cc584010d5dcea7c46700509713e2.jpg,1,0,0,0
defuser101151_jpg.rf.c4935453e101ea5ae3a183abe94d9df4.jpg,1,0,1,0
defuser101341_jpg.rf.260f4ff387af7542a66e1a0f4c5f2db5.jpg,1,0,1,0
plantedspike00081_jpg.rf.9e8a76d1f3599595f5b5d69bad915ad5.jpg,0,0,1,0
pheonix01141_jpg.rf.15475e40eccf64df5c1a724f8457ebea.jpg,1,0,0,0
neon02041_jpg.rf.522086c6c51308d77b566b4d696a6d5f.jpg,0,1,0,0
omen01871_jpg.rf.a65765ef5da892e151150465a568db79.jpg,0,1,0,0
plantedspike00101_jpg.rf.0fda54b54ca1469afdea6071fa1bc892.jpg,0,0,1,0
neon00351_jpg.rf.88785a8cea68c2fc31a34f7f765e64bb.jpg,1,0,0,0
omen01821_jpg.rf.9334019e540aa499efb81415a8996b91.jpg,0,1,0,0
pheonix00171_jpg.rf.3625579b4e7b3321594d25c75d62ca78.jpg,1,0,0,0
dm08541_jpg.rf.ff7aff5807f591457925e56f65d36fbd.jpg,1,0,0,0
neon00281_jpg.rf.1be276e6caf3ef242b0d28018803808f.jpg,1,0,0,0
orb00911_jpg.rf.8409dbfec941f654ea00fef9286e65e9.jpg,0,0,1,0
dm10071_jpg.rf.d40e7bcb1eca8f9f5c13b62ce20d01ae.jpg,1,0,0,0
killjoy02291_jpg.rf.d3793cae74c85b76f177a2484855b91d.jpg,0,1,0,0
orb00261_jpg.rf.e3c6ea47503617e69bda4a958189b076.jpg,0,0,1,0
pheonix01601_jpg.rf.275a49612d8cb7a4e1a5e059dc5bf360.jpg,0,1,0,0
defuser101181_jpg.rf.526bee97f0e68c606a7d2c370a2c910e.jpg,1,0,1,0
defuser101261_jpg.rf.26869f24fd96c67d2bc7d7f4bd9b2a07.jpg,1,0,1,0
dm04951_jpg.rf.7ca75c9da9bfab412439d87cb40b29cb.jpg,1,0,0,0
defuser100851_jpg.rf.26b475e79a0c9b29020eee429af368f9.jpg,1,0,1,0
neon00911_jpg.rf.e906ae8b01bc93e1eb50fae6c3344077.jpg,1,0,0,0
omen00381_jpg.rf.4fb4f97d346f1b719552f368a82b88a4.jpg,1,0,0,0
plantedspike01071_jpg.rf.e840ac89a9a9d45e7e9a911af3d06318.jpg,0,0,1,0
neon00321_jpg.rf.0a04c86f116a902094452c2cfe6c087e.jpg,1,0,0,0
orb01271_jpg.rf.3c2752970eb69348b87bf14c20f6b873.jpg,0,0,1,0
omen01671_jpg.rf.41113fcac7e632995547076410a81445.jpg,0,1,0,0
plantedspike01161_jpg.rf.9454b4b6d6302eb23cc3603019571d0c.jpg,0,0,1,0
plantedspike01151_jpg.rf.44be58254e1a31c76f597daac0848c4b.jpg,0,0,1,0
orb00801_jpg.rf.7daa12adfe0fbbb8bbc3c9e3545c7c97.jpg,0,0,1,0
teammmate2203131_jpg.rf.e5884e0ba140d2784c6b18916ae738f0.jpg,0,1,0,0
neon00271_jpg.rf.153cd60158c0cfef7f0eb60dee813eb5.jpg,1,0,0,0
pheonix00161_jpg.rf.51e09d7e99793056769232a2fc77e30a.jpg,1,0,0,0
plantedspike01121_jpg.rf.6931ccf39e607818781ee8e7b40788b7.jpg,0,0,1,0
omen01791_jpg.rf.9b9da6a28ea73a0c2f5dc24e56ff7dc3.jpg,0,1,0,0
teammate300561_jpg.rf.b209eccab7ed09db712086efa5a1cb8a.jpg,0,1,0,0
dm06646_jpg.rf.d509e73d5387a2900f79dc9728007e27.jpg,1,0,0,0
teammate00791_jpg.rf.36aab288218a1d1c60f51b3e2aa19705.jpg,0,1,0,1
teammmate2201401_jpg.rf.ed43270c47aa0bf4e027df1a9d329188.jpg,0,1,0,0
plantedspike00901_jpg.rf.020a348d9bd416a58721798898ee41a5.jpg,0,0,1,0
teammate00861_jpg.rf.be272510d92660778e33e8998ab28a37.jpg,0,1,0,1
neon00601_jpg.rf.5844c95c003855b203e427da5c93d8a0.jpg,1,0,0,0
dm01146_jpg.rf.908f8f3db3e266dd9a16dd048f532e95.jpg,1,0,0,0
teammmate2200331_jpg.rf.2068e88b2618e7336e2ba3b6fbdce794.jpg,0,1,0,0
sova01861_jpg.rf.2e87542c6b37962c0e4a1405dd725742.jpg,0,1,0,0
teammmate00391_jpg.rf.6d2d643fcc6d80f9474db92fb0993af8.jpg,0,1,0,0
teammate00841_jpg.rf.7d7d91846cde78b77ed13413c37990e9.jpg,0,1,0,1
defuser100311_jpg.rf.350b9087656f40ce01103380918a08d8.jpg,1,0,1,0
teammate01471_jpg.rf.25683c79ec06c7d77279dee377de6a75.jpg,0,1,0,1
teammmate2202591_jpg.rf.348a1af97e36443790b3018abd80c040.jpg,0,1,0,0
plantedspike00851_jpg.rf.4d16fdeb38280e5d6c3746273d80bb00.jpg,0,0,1,0
teammate101691_jpg.rf.991a886c4a30de58c8cfda3fb1dbd0c1.jpg,0,1,0,0
teammate00761_jpg.rf.5458cabc02fee1250051aefd2c8dbe92.jpg,0,1,0,1
neon02141_jpg.rf.6a15a2d8db4c9fac2010c875f2406a51.jpg,0,1,0,0
plantedspike00931_jpg.rf.d68c334d304a74c270042ea8c9a36263.jpg,0,0,1,0
teammmate00371_jpg.rf.d97f8a331495fa1be98679fd48607174.jpg,0,1,0,0
teammate300481_jpg.rf.0c51da13b6e551e12a9b19cf7eae1862.jpg,0,1,0,0
dm00906_jpg.rf.6e0bfc3c6999a707fa027b67be0623a5.jpg,1,0,0,0
teammate101701_jpg.rf.cf74d725bf5abac27c4ed3cbfa81c95c.jpg,0,1,0,0
teammmate2201121_jpg.rf.74563b05bc7b6f31b7944d60353bda41.jpg,0,1,0,0
sova01321_jpg.rf.db29c797751ebcca005675e87f630692.jpg,1,0,0,0
dm00471_jpg.rf.b1908f290f5009a60df3c54608d23d63.jpg,1,0,0,0
teammmate2200311_jpg.rf.95aba72881cc5e659a6cc22af93bbda2.jpg,0,1,0,0
defuser100271_jpg.rf.b80c49445562510d8df1652145618575.jpg,1,0,1,0
sova01261_jpg.rf.0562011814836da1316aee801c08b323.jpg,1,0,0,0
omen00011_jpg.rf.0edc2bc4dba77799e73e00429bf078bd.jpg,1,0,0,0
teammate01611_jpg.rf.81f03c76e754b8048bbf41c4b6d8b941.jpg,0,1,0,1
sova02171_jpg.rf.0864b7f3e5e268f6278de3354693e4a3.jpg,0,1,0,0
teammmate00361_jpg.rf.d23abb94d695be2b33a58d77648dc85c.jpg,0,1,0,0
teammmate2200241_jpg.rf.90279e23ccde52cc6e66a856bbf9c00a.jpg,0,1,0,0
teammmate01421_jpg.rf.eb0196436d156efb75357a15c1524780.jpg,0,1,0,0
omen00541_jpg.rf.31d28b8a85ab4cefcbdb3ae3f1253a78.jpg,1,0,0,0
teammate100621_jpg.rf.84e3512f647412c456d03c2dbef895ad.jpg,0,1,0,0
teammmate00901_jpg.rf.6123adc507985af84775afd8fc5c78a6.jpg,0,1,0,0
teammate100891_jpg.rf.a36f8fd149ba1259c0b9354c41022205.jpg,0,1,0,0
teammmate01241_jpg.rf.abdbb74da3fe0bd1b351181c6f49fe73.jpg,0,1,0,0
omen01111_jpg.rf.bff4d2f94f916f07957be2018d0b19ea.jpg,1,0,0,0
teammmate00121_jpg.rf.ce624763360c310c8a8a45cdcc5e9cb0.jpg,0,1,0,0
plantedspike02061_jpg.rf.c0cfb2d88a117a945b0fc7fc702e1952.jpg,0,0,1,0
teammmate2200291_jpg.rf.fdd7e834b465a4ec9582e2cdf98ed4a6.jpg,0,1,0,0
teammmate2202561_jpg.rf.1141c3e467b1c8183a223a96df73e9d9.jpg,0,1,0,0
teammmate2201501_jpg.rf.9973ac3ceee64e67dec64a45641f0a26.jpg,0,1,0,0
pheonix02111_jpg.rf.2be69b7d5870028d180a385c5e8d9ead.jpg,0,1,0,0
orb01951_jpg.rf.083be381c940591aa3fdda5b48530577.jpg,0,0,1,0
sova01461_jpg.rf.3811137456eabc199e9c1a29605145c5.jpg,1,0,0,0
enemy01101_jpg.rf.6685ab0cc210dbb212611650484b350e.jpg,1,0,0,0
dm08041_jpg.rf.92a1e0b4d9b481a1123996017c97e550.jpg,1,0,0,0
omen01991_jpg.rf.3f240e6ce88c0f0ac6128b59655b1056.jpg,0,1,0,0
teammate300511_jpg.rf.72b5a2090d370a257c438b2562177f4b.jpg,0,1,0,0
dm00286_jpg.rf.af9883dd3522b743439126d982276234.jpg,1,0,0,0
teammmate01551_jpg.rf.41be947f1f9df734236199d45fc402f0.jpg,0,1,0,0
teammmate01161_jpg.rf.ea0f3867e2407c98767956439024ed59.jpg,0,1,0,0
plantedspike00881_jpg.rf.7a2a90b1409d292200157a73eb7b6b4a.jpg,0,0,1,0
defuser100141_jpg.rf.6e8ae89e8e28a5ed2bb847328fcd89bf.jpg,1,0,0,0
dm08201_jpg.rf.3bb4929440952c95c9d702c0c4a5d7e8.jpg,1,0,0,0
sova01991_jpg.rf.7da79451aee4cd3a84a463d60173b2ba.jpg,0,1,0,0
defuser101931_jpg.rf.112377f0d015dae23f6a941dd300434a.jpg,1,0,0,0
orb02081_jpg.rf.140d2b42d93ba0b60c8fbcaaef521c32.jpg,0,0,1,0
pheonix02031_jpg.rf.30af5a61165e4a8f72e2183afa3af7a2.jpg,0,1,0,0
pheonix00261_jpg.rf.87cea7b967b242baac2eca392de91cfb.jpg,1,0,0,0
dm01151_jpg.rf.ced37e1e02ef0cdabb5c28da4980c39a.jpg,1,0,0,0
pheonix02061_jpg.rf.0c4b58228ca2fb6b01ad2974445a11a1.jpg,0,1,0,0
teammate100631_jpg.rf.3a79418be82659eb948d25df72cd439f.jpg,0,1,0,0
teammate300541_jpg.rf.565a3f2fa5b0e9249d3c028c1bf92fb6.jpg,0,1,0,0
teammmate2201531_jpg.rf.b11e6e285c63a0ca3e7acab26a4dc804.jpg,0,1,0,0
plantedspike01681_jpg.rf.b279d8027826c0d4e1e58e92e26dadfe.jpg,0,0,1,0
teammmate2203381_jpg.rf.46303e91ecfd0ea299345e546f833bd3.jpg,0,1,0,0
enemy200671_jpg.rf.b1ed0f9705ee91fb2bb3ac0e2c03c2d4.jpg,1,0,0,0
teammate00781_jpg.rf.c6c9467a241ff6305f5dbd099a1e2bb0.jpg,0,1,0,1
defuser101921_jpg.rf.d1a77bc8f3f73136c14534476c7567db.jpg,1,0,0,0
teammate00751_jpg.rf.bb1764b534bcbe3d4b86aff485e6e69f.jpg,0,1,0,1
dm08236_jpg.rf.bbbcb9e8c40bb91bb48a9be11202b745.jpg,1,0,0,0
enemy200651_jpg.rf.a059fca69c3997d9fd727b5e6bc6b34b.jpg,1,0,0,0
omen00591_jpg.rf.c6ec7138bf4e72de88ec03a1eb334bbf.jpg,1,0,0,0
sova01361_jpg.rf.05a006320495ee0739251c9959b7fa90.jpg,1,0,0,0
dm00231_jpg.rf.6c706951ab5e182ea8d305371028b490.jpg,1,0,0,0
dm08241_jpg.rf.2b33957c2bb4d52615072ba3ad265df5.jpg,1,0,0,0
orb00971_jpg.rf.646185cead3c9e8ddce2ac668814a89b.jpg,0,0,1,0
pheonix00241_jpg.rf.df50800a0fb53bf6c684a9cd1f5a09a9.jpg,1,0,0,0
pheonix00291_jpg.rf.4118685b0e2cbed07a89080c10220677.jpg,1,0,0,0
teammmate00421_jpg.rf.931c930cc273215e067e4e20121fafca.jpg,0,1,0,0
teammmate00071_jpg.rf.edbbb9d5815ced3e5f5f49f8c7bf5709.jpg,0,1,0,0
dm00221_jpg.rf.75091e670a2096285b0c43f669736d3d.jpg,1,0,0,0
teammmate2200321_jpg.rf.b12a8b32ac4fa56437d0ad3b76f6d313.jpg,0,1,0,0
teammmate2203401_jpg.rf.3e810335cffad03888ca5adba3c22d64.jpg,0,1,0,0
sova02201_jpg.rf.d9c0ff6b9dbad3a7b5d37a81b900f1eb.jpg,0,1,0,0
teammate100871_jpg.rf.19a51796f0246341d86355f824feff93.jpg,0,1,0,0
teammmate2202321_jpg.rf.7868a836f93f856761080363c846c2f5.jpg,0,1,0,0
teammate101411_jpg.rf.1b971fbbd963e4f0cb15a9e59576234d.jpg,0,1,0,0
teammmate2201141_jpg.rf.883085352845d97c056a93203eef98eb.jpg,0,1,0,0
teammmate2201551_jpg.rf.52952a92245e0a4bc81b2fc5b9cd0fc3.jpg,0,1,0,0
teammate100881_jpg.rf.2b25f59fe4a738d2c3f3b7eb5f8018ab.jpg,0,1,0,0
teammmate00891_jpg.rf.10cd6b8288e7ee9b25a557b2c6c6a0f9.jpg,0,1,0,0
orb02091_jpg.rf.5a2fa7ed0fc30b50c211035409ecfd87.jpg,0,0,1,0
enemy01201_jpg.rf.ad47b0f01c37b7be439bc34e0b9fd512.jpg,1,0,0,0
dm01131_jpg.rf.006c1c7b2f7d5e995951cce9c46c7200.jpg,1,0,0,0
enemy200621_jpg.rf.3837b794d0b2da960193097b3827fbaa.jpg,1,0,0,0
teammmate2202501_jpg.rf.39881437e03ff4a8f68d626060de20f9.jpg,0,1,0,0
defuser00341_jpg.rf.58fbe0d185ae020555bc2b5911747bdc.jpg,1,0,1,0
neon00491_jpg.rf.69e9597831c9a9662182078b703f189e.jpg,1,0,0,0
teammmate2203421_jpg.rf.74882e81a97de517682b3e5b505d4b30.jpg,0,1,0,0
teammmate01481_jpg.rf.df56eade2f0d7e3df51cd962587a291e.jpg,0,1,0,0
omen01961_jpg.rf.b80f7fc4606360df8d238941e3b4029f.jpg,0,1,0,0
dm05961_jpg.rf.18ccfe67d5754547bb4fa4449da60bf9.jpg,1,0,0,0
neon02091_jpg.rf.4fc04f5fe2bcb1bc157f6a624045fce8.jpg,0,1,0,0
teammmate2203431_jpg.rf.5fbf27ab71789f8eadefe26ffedc796c.jpg,0,1,0,0
teammate101781_jpg.rf.73e6360c443d2399be1dcf9a39879ccc.jpg,0,1,0,0
pheonix00601_jpg.rf.75c76ce834554d5883470a8b8606a342.jpg,1,0,0,0
teammmate2201641_jpg.rf.b123df6b3b887d15ed2c3b032f87067c.jpg,0,1,0,0
teammate200331_jpg.rf.19fbc4709d30b4c303c090ef2134eea2.jpg,0,1,0,0
teammmate01541_jpg.rf.dbd7e635685918a6850e30e15bf53ddb.jpg,0,1,0,0
teammmate00111_jpg.rf.0019ad906fa1a67d656d6e8321a55c8a.jpg,0,1,0,0
neon00101_jpg.rf.657cc309c1d2421421cf97a80e35e3b5.jpg,1,0,0,0
teammate200311_jpg.rf.6851c2e207944270f7c83fe44afae77e.jpg,0,1,0,0
teammate01811_jpg.rf.57c0d54381a8ee747c00ffc0aeb8ced2.jpg,0,1,0,1
teammmate00431_jpg.rf.b734f867b9a8088eae84d3f658a323d6.jpg,0,1,0,0
pheonix02171_jpg.rf.e7f9bfa2b8795c00dd27372b66e5f4bb.jpg,0,1,0,0
teammmate01331_jpg.rf.062ba4fcdda2fa8ecd9fe7bc9be120a9.jpg,0,1,0,0
dm08271_jpg.rf.454f64d4a320bfb963614f74247dd11f.jpg,1,0,0,0
teammate01581_jpg.rf.2b4fe60c8a3fca30d512f4e2172390a0.jpg,0,1,0,1
neon01711_jpg.rf.30e06e1110499edebb714d1ba46166e5.jpg,0,1,0,0
plantedspike00301_jpg.rf.409b61d3d116f5063f8bed1cff7ae714.jpg,0,0,1,0
teammate300241_jpg.rf.614b9c5b146b56e92e97cd721569717f.jpg,0,1,0,0
teammmate2202601_jpg.rf.8bf2a847c77851e8e9a61abb13964cc7.jpg,0,1,0,0
teammmate01191_jpg.rf.a958267edaef22a3f7a4f17e9815ea6b.jpg,0,1,0,0
neon02401_jpg.rf.fd62b5778b5d32fc4eafde3871914a32.jpg,0,1,0,0
plantedspike01881_jpg.rf.24ef5be751ab50e2b7a0c709d9642ecf.jpg,0,0,1,0
teammmate2201541_jpg.rf.7927df4cf2c907c00de465c6b69986be.jpg,0,1,0,0
sova01511_jpg.rf.7d32cf864c6b20ca7cb82220a0d7c5bd.jpg,1,0,0,0
teammate300641_jpg.rf.8834f1d7c4899160159877522f314ce7.jpg,0,1,0,0
dm09806_jpg.rf.ba8d8e84381e8b392f8e6962200e9acf.jpg,1,0,0,0
defuser100361_jpg.rf.d96b85713c72b345a4501263858f5b66.jpg,1,0,1,0
sova01931_jpg.rf.932ab0ebed152b3531ad50460ac0e28e.jpg,0,1,0,0
dm00226_jpg.rf.b4d0030b59971b77022394fd1c49ff13.jpg,1,0,0,0
plantedspike00241_jpg.rf.f5bd50c9546fa9c2ad03c8f227ad7b82.jpg,0,0,1,0
plantedspike02131_jpg.rf.66229fba6c07a7b171cedd6d8f24597c.jpg,0,0,1,0
omen00581_jpg.rf.736e75799b64555d6fbdb2b0054c79d7.jpg,1,0,0,0
enemy200631_jpg.rf.d277463f8b72e748b2372232e0befada.jpg,1,0,0,0
dm08206_jpg.rf.5a2da84de14dc60641b4e860917dd4c8.jpg,1,0,0,0
teammate00881_jpg.rf.b44840fb89ae3e4a197a06882fc59997.jpg,0,1,0,1
teammmate01261_jpg.rf.ba87c1993f5f6971ae9ce77785094bfc.jpg,0,1,0,0
dm04501_jpg.rf.e5d27ea1ade9280e46114bd414e0dcd3.jpg,1,0,0,0
teammmate00401_jpg.rf.f8b3a5e82a7d2dfb9edb35d959222548.jpg,0,1,0,0
dm00296_jpg.rf.f91753e49a6290a03afdcb73efe2dc3f.jpg,1,0,0,0
teammate100971_jpg.rf.0fbbced8ad6d4c8808a2ac98227173b2.jpg,0,1,0,0
enemy200681_jpg.rf.2a8e655906114980e745a90657ec4f67.jpg,1,0,0,0
sova01431_jpg.rf.5b1b633c7370162846738cdccb2de4b6.jpg,1,0,0,0
defuser100621_jpg.rf.c6f0917226bacf59da13a623591dae8e.jpg,1,0,1,0
plantedspike01841_jpg.rf.dc84d816f40a65481c382193bcfb4b36.jpg,0,0,1,0
dm09796_jpg.rf.f08f69716754a29385d0a316e400fb3d.jpg,1,0,0,0
enemy01221_jpg.rf.5c708501baff56849384385baae74363.jpg,1,0,0,0
teammate100601_jpg.rf.af8dd3de4e60ade11ca9dca0e3a5e6f6.jpg,0,1,0,0
dm08276_jpg.rf.d446e866401b66913867de68fb4d0dfa.jpg,1,0,0,0
defuser101981_jpg.rf.f1ac25afdcc7285ef4f17ce160d3e5a4.jpg,1,0,0,0
pheonix02131_jpg.rf.ea15404f6cf0c0eb9d681809068dc96c.jpg,0,1,0,0
dm09811_jpg.rf.123de18b243040a9f37f7db664051afd.jpg,1,0,0,0
teammate101741_jpg.rf.4f681d28c69989a5315fc9fdbdfc9d87.jpg,0,1,0,0
pheonix02521_jpg.rf.8fbefe39fec2a1bed4dad9fda4016c92.jpg,0,1,0,0
teammate101981_jpg.rf.c1390b9bc8d5cd3087a56c58efc30598.jpg,0,1,0,0
defuser100631_jpg.rf.ca15007e361fd0bed8f7b0062f591026.jpg,1,0,1,0
teammate01551_jpg.rf.d37119d4101efb31dae6ae638c07ac23.jpg,0,1,0,0
dm09826_jpg.rf.f3a33f2acb8aae054bce3fa7c65db699.jpg,1,0,0,0
teammmate01281_jpg.rf.1fd2fbb84602423d46dae58a9ae4a86e.jpg,0,1,0,0
omen01921_jpg.rf.2178abdb5a4597d747cfe4948cae94f6.jpg,0,1,0,0
teammate300601_jpg.rf.4e70bf38c783609ae632fdbccaca0d4b.jpg,0,1,0,0
defuser101951_jpg.rf.69514eae738e26ba2297b4f74932a0b9.jpg,1,0,0,0
plantedspike01861_jpg.rf.84276f41972517b46b3f827fba162f93.jpg,0,0,1,0
teammate00851_jpg.rf.ab52d41b0a9ae5df8a88eba70906ad49.jpg,0,1,0,1
orb00951_jpg.rf.26362fc316817931605890d562e5a72b.jpg,0,0,1,0
sova01961_jpg.rf.3dfe7bdbd0973483badf4395e5d021af.jpg,0,1,0,0
dm00856_jpg.rf.6e2d0e93cae6ae6b1bf39c62b5fb3177.jpg,1,0,0,0
teammate101721_jpg.rf.7c4f6d681ca464f98c38aab5ff786b6b.jpg,0,1,0,0
neon02171_jpg.rf.88e0e1da589b7c70ead4138e0a7426fc.jpg,0,1,0,0
teammmate2203361_jpg.rf.d4f5f86731cf6cfef12ce85107d4203b.jpg,0,1,0,0
dm08246_jpg.rf.4da1fc09ecedb24ca07579d2df65cac9.jpg,1,0,0,0
omen01121_jpg.rf.bcf414ece5330e2586fe316643de37fc.jpg,1,0,0,0
neon01831_jpg.rf.e127822ddcc39ef5ca5089068b4727b1.jpg,0,1,0,0
teammate101731_jpg.rf.09c9c43d302dbe3cab7f69bd215149c8.jpg,0,1,0,0
enemy300661_jpg.rf.4cd9cd4edfba019353a1f90e8ce2b96b.jpg,1,0,0,0
dm08296_jpg.rf.85915fb02021a67d1e0f00ffaf819727.jpg,1,0,0,0
dm01121_jpg.rf.6b107a659379689919f7e0985519ab05.jpg,1,0,0,0
sova01881_jpg.rf.a06318d2bf1966f847b58d35f2d14d9e.jpg,0,1,0,0
plantedspike00381_jpg.rf.480340329ae01d799eee18c793b01e47.jpg,0,0,1,0
orb02151_jpg.rf.b438300bd74a7d6e0a0bf19e4a882b51.jpg,0,0,1,0
pheonix02511_jpg.rf.c4eb91543d9733fddf995c0fbf0e4121.jpg,0,1,0,0
teammate100911_jpg.rf.d25f68824faa67cd0aef1f44fed04bfd.jpg,0,1,0,0
teammate200271_jpg.rf.5785ff4d98c267b8e4753a4c26b3d6b3.jpg,0,1,0,0
dm02721_jpg.rf.882c5354afd3a532d206638436d35682.jpg,1,0,0,0
pheonix00221_jpg.rf.a459e3ac7b65e33e59ce9c73c03c9b3e.jpg,1,0,0,0
teammate00951_jpg.rf.0493d2f688b2017aebd90f11b260e313.jpg,0,1,0,1
teammate100951_jpg.rf.0597e804661d2f3efa035593445d4313.jpg,0,1,0,0
dm01126_jpg.rf.1ecd5c100ba34413e336147ae66214b5.jpg,1,0,0,0
teammate100931_jpg.rf.87ce4f8632a62317c10a0ad0da5e8663.jpg,0,1,0,0
teammmate01231_jpg.rf.1fc7ede6909d793c6f8d7df9b1b1bca0.jpg,0,1,0,0
teammmate2203411_jpg.rf.e61387ed97bd153fccc081c304dacfba.jpg,0,1,0,0
defuser102001_jpg.rf.31d15a9a0110002506d27b6d1636f1f2.jpg,1,0,0,0
defuser00301_jpg.rf.51f317acc8c57ab1211800c371f4c974.jpg,1,0,1,0
defuser101961_jpg.rf.49dab551a86d7056fe605469bd627dc3.jpg,1,0,0,0
neon01731_jpg.rf.a6135c68bd0cce385eaeaf6c99252f94.jpg,0,1,0,0
teammate101891_jpg.rf.8fdb83981feb07827fa87951c7f166e0.jpg,0,1,0,0
neon01771_jpg.rf.06be7567876023a7c48bced726d905f5.jpg,0,1,0,0
neon00581_jpg.rf.b3765410d385a6c16a416b3ca4a6c619.jpg,1,0,0,0
dm08266_jpg.rf.0c70d514e82b7989992a8a51538ed804.jpg,1,0,0,0
teammmate2200281_jpg.rf.7392c459f7040432bd0e1bd1b4858f14.jpg,0,1,0,0
teammmate00441_jpg.rf.0b03a080d8a467c91e28e12d7a73e3a4.jpg,0,1,0,0
dm08196_jpg.rf.ec43c952efe622e920e2c5668fea8d88.jpg,1,0,0,0
defuser100381_jpg.rf.79b2a4e0d1e76fa946883716d0824343.jpg,1,0,1,0
omen01941_jpg.rf.db1246dcb239d705beceb9032e41c4e7.jpg,0,1,0,0
omen00081_jpg.rf.dbefdc4802e7bd0196622a2a3c3e54c6.jpg,1,0,0,0
dm09821_jpg.rf.d566d942ec443e9b1c2bc58ed751a47b.jpg,1,0,0,0
pheonix02541_jpg.rf.39f3b43ae0a38462faf452962664d711.jpg,0,1,0,0
teammate01621_jpg.rf.d4753f18e5c6a277042da11d8074721a.jpg,0,1,0,0
teammate01681_jpg.rf.2082ebe6987b6f1596c8b61027dda6bd.jpg,0,1,0,0
pheonix02551_jpg.rf.8def7dafa1575f7f988ee9aca46a254e.jpg,0,1,0,0
killjoy02721_jpg.rf.ce495fb4c9912e98aeea946253053d53.jpg,0,1,0,0
teammmate2202551_jpg.rf.61ea700b1c6f2d1245e22b937b227620.jpg,0,1,0,0
defuser100151_jpg.rf.962f3df5eed30b565ae3e6f841139451.jpg,1,0,0,0
sova01141_jpg.rf.4078730efeef8cfb75306e57dcb4fcb5.jpg,1,0,0,0
teammate200301_jpg.rf.2873a73077d3acc69c4aec278244cda9.jpg,0,1,0,0
defuser00371_jpg.rf.fe931c54075768a21cdef399b7fb31b7.jpg,1,0,1,0
defuser100351_jpg.rf.c4863fd971602f80b5935bcb0ab1363f.jpg,1,0,1,0
teammate100961_jpg.rf.c9171b57570384626f26b35a5e0fb420.jpg,0,1,0,0
teammmate2201431_jpg.rf.89730dbcb85a9e9c04c35816aa23f465.jpg,0,1,0,0
sova01521_jpg.rf.b2c480241a1ae9264eeefd696cf5b1f2.jpg,1,0,0,0
pheonix02101_jpg.rf.bfc87970d9911f423e7cbb21460e6b98.jpg,0,1,0,0
orb01471_jpg.rf.020ea179906d4f91368ea41f672b0b1c.jpg,0,0,1,0
sova02241_jpg.rf.77ef6d06796a7eea1e4773184ad45f44.jpg,0,1,0,0
neon02151_jpg.rf.b5b5707d426f9e0f3722faf464e1fef9.jpg,0,1,0,0
sova02221_jpg.rf.c9e3ff5b74497f28199d4c0ea46ca10b.jpg,0,1,0,0
teammmate01601_jpg.rf.f8c58714ec5ad00fc770d4224bf4ab15.jpg,0,1,0,0
dm09846_jpg.rf.31369cc0b7fa923508d8d6b75280cf41.jpg,1,0,0,0
dm01161_jpg.rf.855624022cdbdb25676c3666894b26d7.jpg,1,0,0,0
teammmate01641_jpg.rf.692343e69e570a607227c87a09f03b0a.jpg,0,1,0,0
dm01156_jpg.rf.947c53578eeb7e1ea466492755814e7f.jpg,1,0,0,0
teammate01791_jpg.rf.810744d9dc4c91602495926fbdd47f6a.jpg,0,1,0,1
teammate01651_jpg.rf.c44988a91cf06c5ecc2af1e2958ec7af.jpg,0,1,0,0
neon01801_jpg.rf.43391886e9b2bbee99586a25a89e2f60.jpg,0,1,0,0
sova02001_jpg.rf.d79de381b0f840652c2c689136d7b386.jpg,0,1,0,0
teammmate01491_jpg.rf.8e2dfd64dcc46fe9600a5c26e8c7eb83.jpg,0,1,0,0
teammmate01471_jpg.rf.9b3d22417f832761a30dbb3dcc594b4b.jpg,0,1,0,0
teammate300231_jpg.rf.0314c3fbd218ebb661660e2935696f69.jpg,0,1,0,0
defuser100601_jpg.rf.f003dbc5ceba8e02d2b22c8a22909bbe.jpg,1,0,1,0
dm08281_jpg.rf.0c521bab01d51c3b5478d511924ba88e.jpg,1,0,0,0
defuser00391_jpg.rf.5e48701a58f536bf8c873cba88959854.jpg,1,0,1,0
orb02161_jpg.rf.89734d6175326c1357c3013f4eb78221.jpg,0,0,1,0
sova01331_jpg.rf.98b48ff011a7179742838f7a882f0acf.jpg,1,0,0,0
killjoy02271_jpg.rf.bbc1239c6871130154376540e5a8fbc1.jpg,0,1,0,0
teammate00891_jpg.rf.bf04d0ffef9d00b5bcba2b71d715f097.jpg,0,1,0,1
dm08256_jpg.rf.e4f52da17ea919165dcabfdf83be204b.jpg,1,0,0,0
pheonix00211_jpg.rf.b5539b009d1c59bf0ad8e6223dc87c85.jpg,1,0,0,0
dm09786_jpg.rf.ba1a2d200ba26540a65803887d354b83.jpg,1,0,0,0
neon00591_jpg.rf.19826c86ca1554f4d07208b11950c890.jpg,1,0,0,0
enemy300801_jpg.rf.1a3f686dc359e1bb485c8976d34ca8f2.jpg,1,0,0,0
omen00611_jpg.rf.08a511f6028b4afe807a1e881a8a3165.jpg,1,0,0,0
defuser101661_jpg.rf.965f436d3086400d285832abe631f102.jpg,1,0,1,0
dm00311_jpg.rf.76fa3b09088e4939b00bfb7daf1768ad.jpg,1,0,0,0
teammate00931_jpg.rf.4673a2dce05223743056597fe7b46bba.jpg,0,1,0,1
dm02736_jpg.rf.faa5ccebfade3f5442fdccf3c92f0b51.jpg,1,0,0,0
sova01981_jpg.rf.74dd9c09c89276e6a6ea3e6d96013ab3.jpg,0,1,0,0
sova01381_jpg.rf.cb9d20ffc0ad84d3c628235e0d5fb728.jpg,1,0,0,0
neon00011_jpg.rf.44a09cf20c4352e7ac9b41c2e715997d.jpg,1,0,0,0
teammmate00141_jpg.rf.1de46fa5ee949ea72aa92de6d97323ac.jpg,0,1,0,0
pheonix00271_jpg.rf.66e43ca1345c6ca45fb97ff0467583f0.jpg,1,0,0,0
orb00981_jpg.rf.3f62d76b1943df5c859ec8533f7fdd02.jpg,0,0,1,0
pheonix00201_jpg.rf.17d34d380c41990e78092809e0761828.jpg,1,0,0,0
dm00451_jpg.rf.2261a7793c6d71fb7ddd370f8a7cac2a.jpg,1,0,0,0
enemy01241_jpg.rf.df7e070fb38d643a73b1468da60e9b13.jpg,1,0,0,0
teammate102071_jpg.rf.5611d871cff7e6d3862857cb73a2fde8.jpg,0,1,0,0
dm17671_jpg.rf.c293240047ef2f650b6d1ec42b754439.jpg,1,0,0,0
enemy200731_jpg.rf.75bd619547923f374d30b5c4062099d6.jpg,1,0,0,0
dm17711_jpg.rf.63e52dad2aaa95607c80ec921f965d98.jpg,1,0,0,0
teammate300611_jpg.rf.6966a730f4ddabdce7ec5deb8a0c3c84.jpg,0,1,0,0
dm06241_jpg.rf.ff502fc5912be0a7b547d6c0dd695679.jpg,1,0,0,0
defuser101711_jpg.rf.4237747696a507ba2dce7088e156742a.jpg,1,0,1,0
teammate101821_jpg.rf.b6dbb818979ece1196ee4f580a9fdb9f.jpg,0,1,0,0
pheonix00341_jpg.rf.da3a487524b5b6faa6ddaa2a5d36e835.jpg,1,0,0,0
teammmate01391_jpg.rf.d12d093e6b83fd511e727265a3e1fb20.jpg,0,1,0,0
dm02491_jpg.rf.ad0e804c2a6034eff202ebd4de210a3a.jpg,1,0,0,0
teammate101491_jpg.rf.908652d52cc7317d394fbaabbeaa612b.jpg,0,1,0,0
teammate300651_jpg.rf.48d9664b2c446c11d10e14ff245decbd.jpg,0,1,0,0
dm18101_jpg.rf.cfa14e2538c00d29184a3bd4c8dfe215.jpg,1,0,0,0
plantedspike00011_jpg.rf.e025a01578762d74e5b71382557f1f90.jpg,0,0,1,0
pheonix00321_jpg.rf.5b81008fb536b78428cd161de0282aa3.jpg,1,0,0,0
teammate101861_jpg.rf.7812dfb8a85a0fa1c300eb1676ae40b1.jpg,0,1,0,0
dm00841_jpg.rf.3e0848e69ce874ba2ebab8de87bdfdb2.jpg,1,0,0,0
dm04486_jpg.rf.644a6977fbbee3d254ea53cd0f4e04ca.jpg,1,0,0,0
omen02111_jpg.rf.f73e603ea9240a03d76fb2dbf896fc1f.jpg,0,1,0,0
dm15866_jpg.rf.e00edd352d055b199c6265b4081648bd.jpg,1,0,0,0
teammate300631_jpg.rf.ce469bd14bdab821a3d3c34b2e08a188.jpg,0,1,0,0
orb01091_jpg.rf.ceaba16c3cbe1a6de969b63dc5867e72.jpg,0,0,1,0
dm01261_jpg.rf.dcb5ef8723227f5c50b22cb85d87ff4a.jpg,1,0,0,0
dm08301_jpg.rf.b87b98153a8e616bfa220ec7b62df085.jpg,1,0,0,0
dm00236_jpg.rf.9c6c5d641f54bd01e788c085179e00c2.jpg,1,0,0,0
neon00621_jpg.rf.0b5d770b6f0f69221bb4edf533ce1a73.jpg,1,0,0,0
dm03881_jpg.rf.6fbf92e45a4b2321cdbc19706d8dcf01.jpg,1,0,0,0
teammmate01251_jpg.rf.717b64c325e63775170083fab61dc05a.jpg,0,1,0,0
teammate101031_jpg.rf.3a302bf9ec909e87e48d5396587824d2.jpg,0,1,0,0
sova02261_jpg.rf.3c89eb036fef0157d3d02db225cd663a.jpg,0,1,0,0
dm13881_jpg.rf.6d2cbf094da6046d2674b02d8d4abb23.jpg,1,0,0,0
dm04981_jpg.rf.194d943867d2ea2583ae7b6f680d968b.jpg,1,0,0,0
dm06236_jpg.rf.010ecda8e16c39856deb856359177e69.jpg,1,0,0,0
omen01361_jpg.rf.3fe1c177f1942a0179e39856670b1dd0.jpg,1,0,0,0
dm00831_jpg.rf.c414eac309d839978881d5bcca11b379.jpg,1,0,0,0
plantedspike00051_jpg.rf.46408210850df04cc660b7bef4395d5b.jpg,0,0,1,0
teammmate2201601_jpg.rf.f436932b39aa696a515e774fede2fb2b.jpg,0,1,0,0
dm05021_jpg.rf.c67fcc0a055283f94b9892efc7472e5e.jpg,1,0,0,0
dm06966_jpg.rf.fdd871c82f589db6fffbdbd59c2e9d53.jpg,1,0,0,0
teammate00311_jpg.rf.6a0e3e638bcf86cd5bd663cb7ce19c7b.jpg,0,1,0,1
pheonix01811_jpg.rf.ba1b37fb8dc40785491e0bf5e19271c8.jpg,0,1,0,0
orb02101_jpg.rf.fabdd430ba3334dbef0dbb1e8fcda1d8.jpg,0,0,1,0
dm00861_jpg.rf.1a6f9310936bbd5b72b617287085973a.jpg,1,0,0,0
teammmate00191_jpg.rf.16e4ae507dcc32a535f36840234be126.jpg,0,1,0,0
dm02536_jpg.rf.1840bf6ef5f419c48ce3a915a5706e2b.jpg,1,0,0,0
orb02261_jpg.rf.399f53e953231e7fa3407a597dd63729.jpg,0,0,1,0
teammmate01501_jpg.rf.ee946933481b34d1d3fe0ab15e0fdb9f.jpg,0,1,0,0
teammate01601_jpg.rf.3beb9ed88d1412899f32bad1d7175f1b.jpg,0,1,0,1
teammate01781_jpg.rf.4fb22b49b3c93c5c72f7376f48eb580e.jpg,0,1,0,1
teammmate2201811_jpg.rf.5d6cf1d4fa5826f80fe4e19d8a9c7052.jpg,0,1,0,0
pheonix01791_jpg.rf.f6eea896e492aa310569c87e01e9bdf6.jpg,0,1,0,0
teammate200051_jpg.rf.bef36164f2669f40ecfa72186c223939.jpg,0,1,0,0
dm06271_jpg.rf.a005944c481d1e0ce975a058c55c80e2.jpg,1,0,0,0
omen01411_jpg.rf.7ed859d7a941b05495c7559fbefab91c.jpg,1,0,0,0
dm02626_jpg.rf.d31167a92a66e16249460edbf3436cb4.jpg,1,0,0,0
teammate00351_jpg.rf.e1334de53a732e28dbf548d45330d863.jpg,0,1,0,1
teammate101481_jpg.rf.c90f4f3f80930cf4c4b8f15e6d760628.jpg,0,1,0,0
dm15891_jpg.rf.3c74dc46c4182d6a4a121e9d1d9129dd.jpg,1,0,0,0
teammate300251_jpg.rf.fe652a85b8d74132d56f70d043d2a572.jpg,0,1,0,0
sova01121_jpg.rf.2ae8c6b8ff3f054b7efaf2dd8309bd79.jpg,1,0,0,0
enemy01671_jpg.rf.83c41a07b9dd4589de2f53f4fa26f863.jpg,1,0,0,0
teammmate01621_jpg.rf.93c077a93b5cbb74ae3f21997dd0d189.jpg,0,1,0,0
teammmate2201561_jpg.rf.38723004578ed324a3e8691c31653792.jpg,0,1,0,0
dm04986_jpg.rf.6b7f6d0175760e1851cd8000fc7bde86.jpg,1,0,0,0
sova01181_jpg.rf.7df494554a9265f68f3a6ca04875babc.jpg,1,0,0,0
teammate101541_jpg.rf.c617968a66b69646cfacfc704570a4be.jpg,0,1,0,0
sova01171_jpg.rf.1d76600645ae329c1b5c0ce45efa48db.jpg,1,0,0,0
dm04706_jpg.rf.1857c5583ec07113c3d884a570d2f23a.jpg,1,0,0,0
teammmate00181_jpg.rf.5b54c03a31615fa24afd0bde3fd4da8a.jpg,0,1,0,0
teammmate01631_jpg.rf.54a31ee632abad9e5272ce128f124342.jpg,0,1,0,0
enemy01611_jpg.rf.935dcd3ac48ae5a443e0b5077995014d.jpg,1,0,0,0
dm17176_jpg.rf.a749c5dedc556f57e24a6ce85192b107.jpg,1,0,0,0
teammate101041_jpg.rf.b7fcd397983eb41bc9f5fb44de7975ad.jpg,0,1,0,0
dm04676_jpg.rf.429cc2af12a4128cb8f6f7a64893227d.jpg,1,0,0,0
sova02251_jpg.rf.620b6a56e903fa52e8d119249aa92598.jpg,0,1,0,0
neon02231_jpg.rf.ab272eaf75976796c14f2eb22b819e53.jpg,0,1,0,0
teammate101531_jpg.rf.7ca1144519d3e06b1d42d7d21a52e87a.jpg,0,1,0,0
teammmate2202391_jpg.rf.3dbb6b85c1f68c0165e3dde7aa871877.jpg,0,1,0,0
neon00151_jpg.rf.d024d2e10bb7067f826d6fc467b11047.jpg,1,0,0,0
dm18341_jpg.rf.28f4b5d6f09b6e16337dce97ae491275.jpg,1,0,0,0
dm17171_jpg.rf.a8f0db9048c2b2a37273ec904316540b.jpg,1,0,0,0
teammmate00171_jpg.rf.d4aa2163ca8e505185959b228a476c00.jpg,0,1,0,0
dm08796_jpg.rf.2469f6a34509fa2fa709a56c3cd43b06.jpg,1,0,0,0
sova01071_jpg.rf.689f81a334b2fccf27cf635a5a494e0b.jpg,1,0,0,0
teammate300291_jpg.rf.8dde5ec0beb4bba8ccf7e62f688dc496.jpg,0,1,0,0
teammate300271_jpg.rf.41122464b48c61721b88eebf8fa3dd6d.jpg,0,1,0,0
teammmate01581_jpg.rf.5366fda28094ee5299ec1b1c78586a98.jpg,0,1,0,0
teammmate2201581_jpg.rf.2c6fa5202f40c833e20651b84a9c722a.jpg,0,1,0,0
dm18126_jpg.rf.b2aa645c31effabe6884e092450642d1.jpg,1,0,0,0
teammate101091_jpg.rf.9a51bd045fbec8aefb31c3a785bd142b.jpg,0,1,0,0
orb02271_jpg.rf.c998694c5b2962b4638a9cdfe7edb924.jpg,0,0,1,0
dm13676_jpg.rf.0a6e4f173fc8c5169f23d7cc87eef61c.jpg,1,0,0,0
sova01161_jpg.rf.30d67208042f861721f50a4dd2ad62e5.jpg,1,0,0,0
dm18066_jpg.rf.f9b407f24d41f9bc240dd3f6ee40e04a.jpg,1,0,0,0
dm04681_jpg.rf.6c19abaf6446e406959af3f14d16663a.jpg,1,0,0,0
teammmate2202281_jpg.rf.d29908d145c2aed3ed010bda1fc6936e.jpg,0,1,0,0
teammate00381_jpg.rf.2d04b805562b609d8d36d4b6a45a0b43.jpg,0,1,0,1
dm05956_jpg.rf.a16cd302caf1e67e866f144d96db44ae.jpg,1,0,0,0
neon02331_jpg.rf.1c0b223de161ac96076b2205fefef07e.jpg,0,1,0,0
teammate101081_jpg.rf.7e99dfb1e81f82ca0e1ea5685fcf231a.jpg,0,1,0,0
teammmate2202571_jpg.rf.01977d7e6ba32905b9e647417c6acc22.jpg,0,1,0,0
teammate00411_jpg.rf.b140900d31fa4fb75ee1fead4e34b7f0.jpg,0,1,0,1
teammmate2201801_jpg.rf.fecc66c87805ef4905d3e06c2db356b4.jpg,0,1,0,0
pheonix02221_jpg.rf.0f88f18d4850459a29f56f3172a02cfb.jpg,0,1,0,0
dm15871_jpg.rf.20529493ae9673237b7b0e342cedbfad.jpg,1,0,0,0
enemy200711_jpg.rf.75ce1b084a4d3b8d04e0b53aaaa36847.jpg,1,0,0,0
dm15901_jpg.rf.c32a7bd0a13077f48e15b59a09fca602.jpg,1,0,0,0
dm02741_jpg.rf.9a1d3ad9b0db0c73fd357e7644dc65fb.jpg,1,0,0,0
dm09801_jpg.rf.65b0686a4bcd3045f6b8e95ce37f7c06.jpg,1,0,0,0
teammmate2201731_jpg.rf.43c7c5607a4600ea100c241630d29494.jpg,0,1,0,0
teammmate2201721_jpg.rf.7d0ec47012bd25186e136ec5e659d08b.jpg,0,1,0,0
pheonix01821_jpg.rf.7b5c2d2a8085c9ace17aa59bb0dccb43.jpg,0,1,0,0
teammate200061_jpg.rf.e5ae8db5748b1ee60075cfbbca81e4ef.jpg,0,1,0,0
omen01431_jpg.rf.4fbd4bfe2acaafbb703e869e98ec6f1c.jpg,1,0,0,0
enemy200781_jpg.rf.e9172b9cd6920364052fea00a1a63397.jpg,1,0,0,0
enemy200791_jpg.rf.a763017159b5352148a64594b3543d46.jpg,1,0,0,0
orb02301_jpg.rf.c93509b6d61f45bb358415bee9de4418.jpg,0,0,1,0
defuser00431_jpg.rf.079432fa2b0f18f0e49da623dd593a2b.jpg,1,0,1,0
orb02201_jpg.rf.d45ba3a8744501ffde51d8d828e71d46.jpg,0,0,1,0
teammmate2202371_jpg.rf.2dd951c359754e9354617826b855d199.jpg,0,1,0,0
dm13696_jpg.rf.2b845d392595963bf70fadcf957ada80.jpg,1,0,0,0
dm06516_jpg.rf.2deb1d2de1f27c841fcc46a251569612.jpg,1,0,0,0
omen02121_jpg.rf.48a48e6a2940f92f657fa381d1807b27.jpg,0,1,0,0
teammmate01711_jpg.rf.78c1dcdccf1ab3b080c4928cf5b48a5f.jpg,0,1,0,0
neon02351_jpg.rf.3c5b5527ee16a065e01821569cea3970.jpg,0,1,0,0
teammate00301_jpg.rf.b094bf567241d231d08570e9c2ebccde.jpg,0,1,0,1
dm02551_jpg.rf.c59fab2594a7b48088b65bdaa62298b2.jpg,1,0,0,0
teammmate2201841_jpg.rf.94bf874b17797d5ca8612923b76a39f0.jpg,0,1,0,0
sova01081_jpg.rf.5e4fa7617fd1645c7fcc10294bc20a7c.jpg,1,0,0,0
defuser101741_jpg.rf.13e8c3710d0723df9b26870130671dc4.jpg,1,0,0,0
teammate100381_jpg.rf.811de34b28894847e85b08ca97ea3d35.jpg,0,1,0,0
teammmate2201671_jpg.rf.8aca367d6ea02d8596190921c68985d0.jpg,0,1,0,0
omen02261_jpg.rf.b2bb247526333f230abf57bc7ce26bc2.jpg,0,1,0,0
dm03781_jpg.rf.71fd3a3432659fe19af0b6aef368ecca.jpg,1,0,0,0
dm06951_jpg.rf.f24002137b2b73f98219332580792ae3.jpg,1,0,0,0
teammate300281_jpg.rf.3703c37d7d4910473d9e0411fbd11deb.jpg,0,1,0,0
teammate102031_jpg.rf.6c5997a8e5e02287b9c5fd4f23758395.jpg,0,1,0,0
dm00276_jpg.rf.333e4242c3491f260ee8e77d88cddf45.jpg,1,0,0,0
dm04996_jpg.rf.67e4c89513fc3ebcda1407bfbee8fa98.jpg,1,0,0,0
dm02631_jpg.rf.6e353181dd4e82110137ba90992a5bd7.jpg,1,0,0,0
dm04701_jpg.rf.d1d173450e49db69c223382b5fe90563.jpg,1,0,0,0
omen00781_jpg.rf.e6ab443ae8d1a19905e40f985ec6a184.jpg,1,0,0,0
teammate300301_jpg.rf.1bb40e0bacb58560888794071bfeec7d.jpg,0,1,0,0
teammate01241_jpg.rf.aeca99701e9dcb15e9208725df3ec430.jpg,0,1,0,0
dm05091_jpg.rf.0118253f6c6d25472d3e05bed05e21c2.jpg,1,0,0,0
enemy01561_jpg.rf.8ec6e60b636b33c942a54e38a5d6ec59.jpg,1,0,0,0
neon01981_jpg.rf.ee980c66a2a472ca58e6b2ca1a0b75e4.jpg,0,1,0,0
dm02756_jpg.rf.01c8206e7e9da77429ba10f03e16e0fe.jpg,1,0,0,0
teammmate2202351_jpg.rf.23bb2862fbebf4268265c3cf1e6f8425.jpg,0,1,0,0
sova01251_jpg.rf.bc59875a4c6009deab2246aaff0c6034.jpg,1,0,0,0
neon00631_jpg.rf.d8f556caa54a069c24c9f0289f85f23d.jpg,1,0,0,0
dm05101_jpg.rf.5c846e4f423e1e088f42c4f435fc0019.jpg,1,0,0,0
teammate101161_jpg.rf.abf4242a421e2a14e37d7991bb7973aa.jpg,0,1,0,0
dm02546_jpg.rf.08eba6632415f820f458cbd447c29419.jpg,1,0,0,0
teammate100051_jpg.rf.13e11ed87af6e995fd49a9d8ebe63f6a.jpg,0,1,0,0
teammate101011_jpg.rf.36e8e8847a447cc62d25a6fa0519e06d.jpg,0,1,0,0
dm06996_jpg.rf.99e60a8a6451a3d4aeec50db3265daa3.jpg,1,0,0,0
plantedspike00481_jpg.rf.c56d867a71e94d2c6d2622562178247e.jpg,0,0,1,0
teammmate2202151_jpg.rf.e44a52b6699472f66b04281d388a3642.jpg,0,1,0,0
teammmate2202971_jpg.rf.3737e9ab01c1306762a4628f81725911.jpg,0,1,0,0
teammate01281_jpg.rf.11a16bf23f01a98448d8eb4a4f4f4f5e.jpg,0,1,0,0
teammate101191_jpg.rf.e6f9121181a115ac79bf9f963754f0ec.jpg,0,1,0,0
enemy00931_jpg.rf.04b8075e21838c1ba5298b27408cbc32.jpg,1,0,0,0
enemy100261_jpg.rf.be7fb36292f075bcf76fd56cb0e25012.jpg,1,0,0,0
teammmate2202071_jpg.rf.57389bd20d034605614876b82caf0c66.jpg,0,1,0,0
sage00421_jpg.rf.54a851bfacffd74e716aeed782a307f9.jpg,1,0,0,0
dm08891_jpg.rf.266cf9af8fde9b5873374ee93aa64409.jpg,1,0,0,0
dm03831_jpg.rf.c65e1eab67e7b0d4a1b2a361aca4cdc5.jpg,1,0,0,0
teammate00091_jpg.rf.f3cd8b3d930e131208d02f87075e0ed3.jpg,0,1,0,1
teammate300221_jpg.rf.c08f6aa03817cfd3d6968026afba081a.jpg,0,1,0,0
orb01231_jpg.rf.5421ef0a4353e65c4f5c781eb9a41889.jpg,0,0,1,0
raze02581_jpg.rf.810098cec64e1f82f8bec018ae3b1f06.jpg,0,1,0,0
teammate300751_jpg.rf.6966f5bb94ecb2a6bdaa6e2d5b4481b4.jpg,0,1,0,0
teammate300161_jpg.rf.99a6bfcbc880f539952a90cdd2897757.jpg,0,1,0,0
droppedspike00291_jpg.rf.8b6184807b1c244aa080dd87d7292c73.jpg,0,0,0,1
teammate01331_jpg.rf.13601f51017bfad124af4eb3cb1d70c7.jpg,0,1,0,1
teammate101181_jpg.rf.56bbf0d2d08f2cfb31ba894602c0b8a3.jpg,0,1,0,0
dm15711_jpg.rf.b0cb9e5672ddce346faf4a9359323e60.jpg,1,0,0,0
ennemy00261_jpg.rf.1bedb9cfbc83259bbde5fd3daea55ec2.jpg,1,0,0,0
teammate101261_jpg.rf.385bc548c23a926cff18d9063735cdd0.jpg,0,1,0,0
teammate300821_jpg.rf.bfdcf9067ec8314b25188c6bfd41e00c.jpg,0,1,0,0
sova02531_jpg.rf.18cbd5e06a281ae15a09170cfb3dc927.jpg,0,1,0,0
dm05346_jpg.rf.619ff57e2c7e28eb943eb6b9c6a4bbf4.jpg,1,0,0,0
teammmate02501_jpg.rf.1143d77b7894b14f18ed1461c33fea81.jpg,0,1,0,0
teammate01311_jpg.rf.d859d8981feb5647e404bb9664520891.jpg,0,1,0,1
enemy200391_jpg.rf.71dea7a5a223c1b6a3597bfccd446570.jpg,1,0,0,0
enemy01871_jpg.rf.19c7098bf7a2edbd437736316182deef.jpg,1,0,0,0
droppedspike00301_jpg.rf.7c7faa0b794504f2f45058b948515629.jpg,0,0,0,1
sage00731_jpg.rf.08e8b6caa4e8647bc3408f44c6799292.jpg,1,0,0,0
dm01451_jpg.rf.4318fb797698f08508f4405a957ee1ac.jpg,1,0,0,0
sage00961_jpg.rf.a5970fe1c632be057dbd378d6817e4d5.jpg,1,0,0,0
dm05321_jpg.rf.2c67246b429081e5aae059cf18c08431.jpg,1,0,0,0
enemy01861_jpg.rf.45335c1523516bad3dab0958126f0ec5.jpg,1,0,0,0
sage00751_jpg.rf.11c35b2cc8de6b0834f3c84208c95e75.jpg,1,0,0,0
teammate300721_jpg.rf.83210cb19be40f6c1fcbb11b891409ba.jpg,0,1,0,0
sova02441_jpg.rf.01eec15c79bab8a6c6d55df66d38f565.jpg,0,1,0,0
teammmate00631_jpg.rf.1f0fcf31f5832e4469bc5aa398b1ba64.jpg,0,1,0,0
droppedspikerino01501_jpg.rf.8f83456746fe5b79ddbdb1194b0859df.jpg,0,0,0,1
plantedspike00651_jpg.rf.de841264e1b0e3dada20c901fe12e62c.jpg,0,0,1,0
dm14166_jpg.rf.0f85c3bb5ebe349cbfc4b0be2c261a96.jpg,1,0,0,0
teammmate02211_jpg.rf.fe7b0f1e551ff1191f262ce9db322021.jpg,0,1,0,0
enemy300841_jpg.rf.a227bd33656c83fad1299baf6832139f.jpg,1,0,0,0
enemy00961_jpg.rf.e14d29eb0552d0a88211535f9c6b95f6.jpg,1,0,0,0
sage00831_jpg.rf.efac6eee48aa4291ec3b74c530b21991.jpg,1,0,0,0
enemy01911_jpg.rf.4c2e83028582ea7e9fdbd5d545bf6d6e.jpg,1,0,0,0
raze02201_jpg.rf.ef87780fabcf89f24f6a79624c649301.jpg,0,1,0,0
enemy200471_jpg.rf.1b03c83c9bf92b375da19131cb6098ac.jpg,1,0,0,0
droppedspikerino01441_jpg.rf.f984e37e4b5021819aca62f418f3634b.jpg,0,0,0,1
omen00901_jpg.rf.352df6031d63ef954b7e32e2680ace5c.jpg,1,0,0,0
teammmate00691_jpg.rf.e29ec0672d41060a234a0cce287de908.jpg,0,1,0,0
enemy01921_jpg.rf.5ca36476ca5a98b79284a42ca8901eef.jpg,1,0,0,0
enemy300171_jpg.rf.0f8c358da4aa6137af564d212eb572a1.jpg,1,0,0,0
dm12271_jpg.rf.ce15edb72c58749fb9e6753ed4bb2cbd.jpg,1,0,0,0
sage00811_jpg.rf.a4980815f11193254cf3bf96dead162b.jpg,1,0,0,0
teammmate2202171_jpg.rf.f04baf60c66b3ea16b33aa35c9c88d4d.jpg,0,1,0,0
dm15316_jpg.rf.0a2a73bd24fe5bbe0bfb49a6006ec679.jpg,1,0,0,0
dm05326_jpg.rf.eaf1d117a37e53b752ac057b3dfbe0d7.jpg,1,0,0,0
teammmate2201711_jpg.rf.844ad4a76d9df856b805585c1428f1bd.jpg,0,1,0,0
enemy00111_jpg.rf.d668dc8934dae68128f4ed964f01054a.jpg,1,0,0,0
enemy300181_jpg.rf.883f03637bbf9db9d155fd16dc5c3dc0.jpg,1,0,0,0
dm15706_jpg.rf.6f94f360c78d50d74bd1522b6c922b36.jpg,1,0,0,0
teammate100671_jpg.rf.5c68b1e7a1389aab9ca69fd84a00fb01.jpg,0,1,0,0
dm05336_jpg.rf.24d435a446eb1ad94e6e8e49541152cf.jpg,1,0,0,0
teammate100661_jpg.rf.739baaab617d6d3c3ee2e3227cd8ef18.jpg,0,1,0,0
teammmate2200561_jpg.rf.35930476982ce70a0a2591acd474d03c.jpg,0,1,0,0
sage00821_jpg.rf.67c7748163202ca70bd8163f48b3fdfa.jpg,1,0,0,0
enemy00991_jpg.rf.7a28a09317f92e2bc7943f3bb4a495f1.jpg,1,0,0,0
enemy01951_jpg.rf.dec6a541829eea01c869516f2fa6c9eb.jpg,1,0,0,0
killjoy02501_jpg.rf.033722169f3db318cc00532a0582764b.jpg,0,1,0,0
teammmate2200051_jpg.rf.e6906021ec127eaf77c686c16fbfc186.jpg,0,1,0,0
droppedspike00061_jpg.rf.eba19f43bfcb218b8783b086c3b60844.jpg,0,0,0,1
teammmate02461_jpg.rf.41fd3780f8f141fd5be014e2ad57dc5d.jpg,0,1,0,0
droppedspikerino00431_jpg.rf.41ff167d65d714a6ebbf1d5a6e79692b.jpg,0,0,0,1
teammate100791_jpg.rf.ab78663ca029546bc5862db2302b5f8d.jpg,0,1,0,0
droppedspike00241_jpg.rf.3e107c692f54c6b55312d95a7a231cf2.jpg,0,0,0,1
teammmate2200551_jpg.rf.7c0383ced1dd0b1e8a40788fb6aa13f6.jpg,0,1,0,0
droppedspikerino00821_jpg.rf.073364369ac473d9eba48349475a3b4e.jpg,0,0,0,1
teammmate2200011_jpg.rf.d278929f39d883cdb71d0fce03b5a312.jpg,0,1,0,0
enemy300161_jpg.rf.df58aacc73a5a78e46a4211d1947548e.jpg,1,0,0,0
droppedspikerino00701_jpg.rf.1f3bce3a1c687095c7e953a86f716c4b.jpg,0,0,0,1
sage00451_jpg.rf.438c7553ad7f299cc395c10019600442.jpg,1,0,0,0
droppedspike00001_jpg.rf.9af3062b8fd59d922b5c1c71f3a36b5d.jpg,0,0,0,1
enemy00161_jpg.rf.f5d8d060509a8d4b5210b170aed5a329.jpg,1,0,0,0
droppedspikerino00341_jpg.rf.15cf135c6b491f3655371ac59b986743.jpg,0,0,0,1
teammmate2201321_jpg.rf.93f0a152a21ac83d03253327cce54d46.jpg,0,1,0,0
teammate100711_jpg.rf.8991ea401941ff67c8d6f1a36d00b193.jpg,0,1,0,0
sage00721_jpg.rf.e5cb9dbb3f5924c0bcb2fdbf9e523605.jpg,1,0,0,0
dm05331_jpg.rf.fcc797d89b6c516d4b516e22c0636f22.jpg,1,0,0,0
dm09656_jpg.rf.ed116e786aee356bae34385b93a54631.jpg,1,0,0,0
teammmate00641_jpg.rf.39d2ac3f53d4e0dc54e8032cbea22774.jpg,0,1,0,0
dm15321_jpg.rf.5dd55fa58be3aeea3e0885e4ea057c0c.jpg,1,0,0,0
teammmate02401_jpg.rf.3959006b337ee5b115414936d101a9c2.jpg,0,1,0,0
teammmate2202131_jpg.rf.47c60464882eeb35de98d8b85a3d7821.jpg,0,1,0,0
dm15311_jpg.rf.69c7a79700123f84bc3f7ef5c9c8797f.jpg,1,0,0,0
teammmate2200621_jpg.rf.f85ec6f90d63d8139b3e863f4baae0f5.jpg,0,1,0,0
dm09721_jpg.rf.f9132c9b25d9dabf61cbbec5fec8162f.jpg,1,0,0,0
enemy00051_jpg.rf.607c72950eec9a37fdcaeecb0a7ddefd.jpg,1,0,0,0
sage00841_jpg.rf.b4ecb344b247936e3123501412f82c62.jpg,1,0,0,0
sova01531_jpg.rf.d6fdbc2cf81b45764bc3c9de3a8cadc4.jpg,1,0,0,0
enemy01901_jpg.rf.d7933bdcfa3040f638cb670852c475cb.jpg,1,0,0,0
skye00491_jpg.rf.fd78382bbaeadf2b9c459cdf8e37c253.jpg,1,0,0,0
dm09666_jpg.rf.22b1f338078092ad5181f61a2380f772.jpg,1,0,0,0
teammmate2200571_jpg.rf.8ce2d41cc781ccf8f4c7f675255ccf41.jpg,0,1,0,0
enemy00981_jpg.rf.132e0d150037f102f6420a8a9a4227b3.jpg,1,0,0,0
sova02541_jpg.rf.8b3199eec2c7aac4a0fa0ea6f78a8e38.jpg,0,1,0,0
teammmate2201361_jpg.rf.5999ec861325e53cc7d4dfa856ceda03.jpg,0,1,0,0
enemy00921_jpg.rf.4e6807ada1684d93510dcb5673e3787e.jpg,1,0,0,0
teammate100691_jpg.rf.8f16d48bd3d338e4c803468191a7a505.jpg,0,1,0,0
teammmate2203001_jpg.rf.f44c3d2ab347ac81239634f21e5669c4.jpg,0,1,0,0
teammate100641_jpg.rf.30f86f2c58078ea2816a08a67903e133.jpg,0,1,0,0
enemy01021_jpg.rf.2162d905d78d2960db3175d3c71aaab6.jpg,1,0,0,0
teammate00181_jpg.rf.6cde49f0bce1d61bafddbf7b7bbb7654.jpg,0,1,0,1
dm09716_jpg.rf.a76c65502c860d78e47994f96f4b3b90.jpg,1,0,0,0
teammate01291_jpg.rf.5ae1600e4a8cadbe9b2341eeedb33411.jpg,0,1,0,1
ennemy200491_jpg.rf.79b245db586ba0644a0bb9edab039ce0.jpg,1,0,0,0
teammmate02191_jpg.rf.814201761ac12b3138c4e124185ccd71.jpg,0,1,0,0
enemy300201_jpg.rf.4cc078cd6400ef3828f120d73a9a4ec8.jpg,1,0,0,0
teammmate2201331_jpg.rf.64ff62ee9139259f48105cb270e53d03.jpg,0,1,0,0
enemy300191_jpg.rf.cd10e9f5fc502d3904612eb74bbe08b6.jpg,1,0,0,0
skye01481_jpg.rf.e2b022002ee6df773f8655e887202420.jpg,1,0,0,0
enemy300871_jpg.rf.450c6647667d8a55e17d1c4281cdb0f5.jpg,1,0,0,0
teammmate00941_jpg.rf.2d53169564bf79207cfd77720af9b609.jpg,0,1,0,0
kayo01011_jpg.rf.d825bb7d05cbc827d7308796ee407ca3.jpg,1,0,0,0
ennemy200131_jpg.rf.614751739946424d63fff2bd329df6bd.jpg,1,0,0,0
teammmate2202691_jpg.rf.3d23a394993bc311227a33b1aa5dfa57.jpg,0,1,0,0
sage00771_jpg.rf.83fb703b885b57b5614d29d29345223c.jpg,1,0,0,0
droppedspikerino00731_jpg.rf.6364cbeb47500c3521f5bb858111a722.jpg,0,0,0,1
droppedspike00041_jpg.rf.9396a7ae3872ed7c57391103071577f8.jpg,0,0,0,1
enemy01041_jpg.rf.6d6d03610e99ac39fff73f7b1e4bf2e9.jpg,1,0,0,0
teammmate2202431_jpg.rf.e8806f8c9ec0629a6b56b3293bcf9086.jpg,0,1,0,0
teammmate2202201_jpg.rf.c790be617e8d9a5c2421b548133feb9f.jpg,0,1,0,0
droppedspikerino01511_jpg.rf.e1617deecb786a568f6d59fe312ac80d.jpg,0,0,0,1
teammmate2200591_jpg.rf.1e383208ccfc98e4211cfd4a509c0584.jpg,0,1,0,0
enemy01011_jpg.rf.1a331585316dc67a0b355cb40f498f9e.jpg,1,0,0,0
teammate00111_jpg.rf.f599bd94b2e98b62456f95fd829d0425.jpg,0,1,0,1
dm01331_jpg.rf.0c20933162437f0b60efcb77419dbbd4.jpg,1,0,0,0
enemy100331_jpg.rf.af2127f3d7568e6b0bc3237ed41bd9b2.jpg,1,0,0,0
dm14981_jpg.rf.ab334039051e69b400f9162595030079.jpg,1,0,0,0
droppedspikerino01421_jpg.rf.b2f1cf15cb2cd36110814dafb6b4f99b.jpg,0,0,0,1
enemy100311_jpg.rf.a25039bbf26c53bf9e4e6fe56bd3b60c.jpg,1,0,0,0
enemy200931_jpg.rf.aa8cb64e0c99250ba2e8f2a0bf80313f.jpg,1,0,0,0
enemy200421_jpg.rf.128bebf39a94ea336f1421f836c29841.jpg,1,0,0,0
teammmate02231_jpg.rf.80183f578c5a9633f109912901ad668f.jpg,0,1,0,0
enemy100351_jpg.rf.ccfc46ab356da6afe5a510014398ad36.jpg,1,0,0,0
droppedspike00091_jpg.rf.5ea25598569000826e26d0ad9bb0e57f.jpg,0,0,0,1
teammmate2203031_jpg.rf.19a3188ce2503cd8ddf14ec1ae1bf897.jpg,0,1,0,0
enemy100241_jpg.rf.f69b7f569ce778e295076c73d61b055f.jpg,1,0,0,0
droppedspike00111_jpg.rf.ccdd849aa6391872c482a1ec62919d3b.jpg,0,0,0,1
teammmate01871_jpg.rf.0a726bd63eecdd9b7d919e9140cb99ef.jpg,0,1,0,0
teammmate00961_jpg.rf.bc80cd93c3131f0ed7447872b22f5055.jpg,0,1,0,0
enemy200891_jpg.rf.898d08c9a40ecaa2aa3b2f3b6a2a926b.jpg,1,0,0,0
raze02161_jpg.rf.67d5c74e2b54048789771ee3f5fcf25c.jpg,0,1,0,0
teammmate02181_jpg.rf.7bf7487e226d18a5c7e32176a99c0dae.jpg,0,1,0,0
droppedspikerino01451_jpg.rf.a3096ba618a3c74f82b0f6fbb520e7cf.jpg,0,0,0,1
ennemy200501_jpg.rf.8c4070838c192ef76b70f3d296b2e4c4.jpg,1,0,0,0
skye00991_jpg.rf.9233b889f7e1606b4b0cae86ca856093.jpg,1,0,0,0
dm15296_jpg.rf.2e5e7e90d9ff836ceb5c121961a0f16c.jpg,1,0,0,0
enemy00131_jpg.rf.e52b576c845f8b09eb9467ac98e97eb3.jpg,1,0,0,0
skye01511_jpg.rf.7486bc3422bd30ad31fe58d90342365c.jpg,1,0,0,0
droppedspikerino00401_jpg.rf.d9f3bc5cf9d27e0062e60fa1fae65c1c.jpg,0,0,0,1
enemy01291_jpg.rf.3b6d3e7b43c844c37e8f1b1a9310f3c9.jpg,1,0,0,0
sova02501_jpg.rf.d5d142890833b43173e1b219e0e99931.jpg,0,1,0,0
teammate01701_jpg.rf.f4e06646b169fb8da435f6d8ea522b69.jpg,0,1,0,0
sage00381_jpg.rf.1adc88afa693b9052fd73ef52e37258a.jpg,1,0,0,0
enemy100421_jpg.rf.6a54c88a8797b9d84f572e6f3ff3b74a.jpg,1,0,0,0
teammate300831_jpg.rf.e1e16b56f9835e732b53ee4cdd6a2de4.jpg,0,1,0,0
sage00361_jpg.rf.ea7e554f86ec2a256ded576f779767a2.jpg,1,0,0,0
kayo01041_jpg.rf.4885423c96d1409948ef942a673cd1fc.jpg,1,0,0,0
droppedspikerino00421_jpg.rf.936c8670a31dcdd2eb7b8b8fcc9dd792.jpg,0,0,0,1
dm15906_jpg.rf.db40acc2dc964b6e98ca18ad7ce2bef1.jpg,1,0,0,0
sage00901_jpg.rf.9bd5af183f3436142f62bec583dce1f8.jpg,1,0,0,0
teammate100811_jpg.rf.6b65db17fbbb876c256517a6118ae16c.jpg,0,1,0,0
raze02611_jpg.rf.9c2d04a2f66b15811efbad789f2041af.jpg,0,1,0,0
enemy200411_jpg.rf.2e5f894985a41f03121135ba975bd390.jpg,1,0,0,0
teammate00121_jpg.rf.d92b813661634c89108f7401946d8a05.jpg,0,1,0,1
skye01521_jpg.rf.3b66e6deec7478418ae0bc9475e1eb30.jpg,1,0,0,0
droppedspike00281_jpg.rf.906e31a6146b65623664a167313bc082.jpg,0,0,0,1
enemy01931_jpg.rf.e66a9300b76b4c0c71a63b4cfb317fe6.jpg,1,0,0,0
teammate300801_jpg.rf.20f4f4a3f6580f76160f1e315c6b8660.jpg,0,1,0,0
raze02221_jpg.rf.271d4942ac087085da8cb860f4dd6ba4.jpg,0,1,0,0
enemy00061_jpg.rf.ba31999ebcdacc0a44b0fa0e049c90c9.jpg,1,0,0,0
droppedspike00541_jpg.rf.d2181888a0957df9e478c78c16e0efb2.jpg,0,0,0,1
enemy200431_jpg.rf.0d8876efb5877cac02b635b88616fafc.jpg,1,0,0,0
enemy200561_jpg.rf.77305b37a41aa33541060a46c0ad697d.jpg,1,0,0,0
dm12236_jpg.rf.17b6481a31d9e29a364f0d4a621b1a7a.jpg,1,0,0,0
enemy200401_jpg.rf.275042999af5c9dcbc30f0c35606c16e.jpg,1,0,0,0
teammmate00661_jpg.rf.a88bd836a271e0d5bca13bb22e9e4596.jpg,0,1,0,0
enemy00101_jpg.rf.ea5b51a8d422f5efbaffd7027eee3426.jpg,1,0,0,0
killjoy02461_jpg.rf.1f8e9125d15090e04c3d24be301d2649.jpg,0,1,0,0
dm09706_jpg.rf.2d5816980415ad19a9cde85fc6116284.jpg,1,0,0,0
skye01551_jpg.rf.810e293fabe24914acb10b444ac810c0.jpg,0,1,0,0
dm09641_jpg.rf.29b05621594cfb3e2075e36046ae69ac.jpg,1,0,0,0
raze02621_jpg.rf.b9a79aef9090fe39b7d557844d292f93.jpg,0,1,0,0
dm05311_jpg.rf.73dd67084b4cbfd222e3de72fe813e9f.jpg,1,0,0,0
droppedspikerino00361_jpg.rf.d0950025b88205952ee54b4d01cdcf5b.jpg,0,0,0,1
raze02211_jpg.rf.c5827baa57fb57feec703816aaff71df.jpg,0,1,0,0
dm12426_jpg.rf.26bcc592dc8f7721fee683a5eb1c187c.jpg,1,0,0,0
teammate300851_jpg.rf.8a2e9c2b4120088876eeb83ad62c6589.jpg,0,1,0,0
dm05941_jpg.rf.1e08b5ba4f4b0559ebe04d99a1dd7d85.jpg,1,0,0,0
teammmate00651_jpg.rf.eeff354124ce59f29f3797b75a4ef6a5.jpg,0,1,0,0
ennemy200101_jpg.rf.c3e1d8d787e19c46d1b98373fc9e3f6c.jpg,1,0,0,0
droppedspikerino00351_jpg.rf.1952f89f9aac8f2fbca7531027a49f73.jpg,0,0,0,1
ennemy200521_jpg.rf.466a3659aff3b8b1f1c1706f5e0e652e.jpg,1,0,0,0
dm05286_jpg.rf.7f36082e30b1b0d6db6516202f31ef4e.jpg,1,0,0,0
teammmate02491_jpg.rf.e6b96a875e90458dd4e6c45dc23160b1.jpg,0,1,0,0
sage00861_jpg.rf.b29ba8b99d20f34dc166445883400124.jpg,1,0,0,0
dm09671_jpg.rf.03d98ccdfe00564bda045f69721e65bf.jpg,1,0,0,0
kayo00091_jpg.rf.a70a59b75c44f4d43a516b961d694270.jpg,1,0,0,0
enemy00281_jpg.rf.7c9eb7b8131c2f01ac905efb171de678.jpg,1,0,0,0
dm12461_jpg.rf.86af17fe34f24fa2ef4a141b75a4af7b.jpg,1,0,0,0
droppedspike00561_jpg.rf.178b57d3c31cf826c60ce7a2077426a8.jpg,0,0,0,1
teammmate2200061_jpg.rf.8e4a2fd8dcc9a17b9b8c5f567878e5d9.jpg,0,1,0,0
teammate300871_jpg.rf.b7c8e2ad8b1419c124039246e98ff633.jpg,0,1,0,0
teammate00541_jpg.rf.739378ceb65fbc78d18e911b8e7065db.jpg,0,1,0,1
droppedspikerino00491_jpg.rf.ab24a87b4ff9689df23d95137e4fb79e.jpg,0,0,0,1
dm09751_jpg.rf.db0ea719b449b0b387cd3e7f7ab0346c.jpg,1,0,0,0
teammmate01101_jpg.rf.a88a56ef7d981efb546e278d9249d096.jpg,0,1,0,0
sage01061_jpg.rf.f6206c300b6c2e76f834701cfde07513.jpg,1,0,0,0
sova02581_jpg.rf.c581fd85e8dee8156d5db87233b44eb5.jpg,0,1,0,0
dm12451_jpg.rf.60d752c10dd3e84877874ef83f214f9a.jpg,1,0,0,0
teammmate01051_jpg.rf.dbefdf6b9d1e6f3e60a903825bbba56a.jpg,0,1,0,0
teammmate2203071_jpg.rf.6599ee1dd25f8877a5f1d1e07ac8589a.jpg,0,1,0,0
teammmate01891_jpg.rf.40e2c4daa6f072b66d227336d3f8d956.jpg,0,1,0,0
kayo00201_jpg.rf.dff43049161f7bde65f2085bc6d658fc.jpg,1,0,0,0
skye00961_jpg.rf.0f98315dfd25dc63227f181c1049c16d.jpg,1,0,0,0
teammmate00991_jpg.rf.c38edbd3765312a72fb309ac830a3117.jpg,0,1,0,0
droppedspikerino00111_jpg.rf.7f2a5c662fe2c2bebc6370fe75beb2fc.jpg,0,0,0,1
enemy200511_jpg.rf.f8264efc2a47822ee5eddf94b7bb0cde.jpg,1,0,0,0
skye00801_jpg.rf.eee8cf10a7f0249c2fd2cce6cbc20cb0.jpg,1,0,0,0
dm09731_jpg.rf.34847253d0583dc2e9a9a776ee9de25a.jpg,1,0,0,0
enemy200381_jpg.rf.af6d83fbf8ec3a215380fc009954ee97.jpg,1,0,0,0
droppedspikerino00791_jpg.rf.0514726e2d1e0af657d93a48a40843a2.jpg,0,0,0,1
enemy100581_jpg.rf.01cac4bacf628197d904a03f282d5cc6.jpg,1,0,0,0
dm15916_jpg.rf.c9fb194f70789ae1988536fc009605e1.jpg,1,0,0,0
enemy01311_jpg.rf.06f3133e7658b5dee8269822091b2d2c.jpg,1,0,0,0
teammmate02331_jpg.rf.8ecb2a51d94346e36404495b1a2865bb.jpg,0,1,0,0
teammate100221_jpg.rf.2087a3a9adfb733511d158169f2652a4.jpg,0,1,0,0
sova02481_jpg.rf.0a33f60a2f0cecc98b1987d961049cdb.jpg,0,1,0,0
enemy200551_jpg.rf.afefabfab1265d095a2a489515ac338a.jpg,1,0,0,0
droppedspike00651_jpg.rf.e0e68a22a33a102622add09226c4ea9b.jpg,0,0,0,1
droppedspike00471_jpg.rf.e42dd3a2ddf4609bf1c3634f2cb19430.jpg,0,0,0,1
kayo00981_jpg.rf.11f64b22bdc4749459f3a5acefd680ac.jpg,1,0,0,0
enemy00181_jpg.rf.cb3477288d571f475129b8b321c551ea.jpg,1,0,0,0
dm12446_jpg.rf.3d2d50504a0566cef06194bb507e0bd3.jpg,1,0,0,0
enemy00201_jpg.rf.28044b7dccbefc7c5b2b614d7005aeaa.jpg,1,0,0,0
dm09696_jpg.rf.b00dd1d49ee3788471d9f3b3bff1755e.jpg,1,0,0,0
enemy300881_jpg.rf.d74c1cc4eaca13d87145cd67ec4041b6.jpg,1,0,0,0
dm05301_jpg.rf.ecd5276ac40176e9b97b9ee4aee2a444.jpg,1,0,0,0
ennemy201311_jpg.rf.3b0cc5a1dc2a53de8c616c1b0af922c7.jpg,1,0,0,0
enemy00241_jpg.rf.5b11921da123ec170a90507d5b1e5176.jpg,1,0,0,0
dm09686_jpg.rf.eb9b3dfaea46590404e74066014066bd.jpg,1,0,0,0
ennemy201351_jpg.rf.53e7e313bde64f33b1fd3caf6790274e.jpg,1,0,0,0
sage01081_jpg.rf.044f8e43c4275decf6ba419185600879.jpg,1,0,0,0
skye00971_jpg.rf.63fe7ecc5af54f0fc95542ae08c1cdda.jpg,1,0,0,0
skye01591_jpg.rf.5dacd8fa89b59aaa55b8b9c009193488.jpg,0,1,0,0
sage00981_jpg.rf.db9f4e2aced4acebff334ab749538930.jpg,1,0,0,0
enemy00211_jpg.rf.f733694997ea18dbc50c2769ded07c16.jpg,1,0,0,0
teammate100841_jpg.rf.e101745b1f68af62777ecdaaf5ccaa08.jpg,0,1,0,0
enemy300921_jpg.rf.8dcfc11e49388b278efecec4b55b6e58.jpg,1,0,0,0
killjoy01911_jpg.rf.31dfff8ee963d9d08a116a6bbd4596c4.jpg,0,1,0,0
skye01161_jpg.rf.d28d475a500a987cd14431bd08c3fae9.jpg,1,0,0,0
droppedspikerino00541_jpg.rf.228212680b56e2b37908f4e40e5b0d2d.jpg,0,0,0,1
teammate100161_jpg.rf.b398479df7f110a55bbabd54495c30bc.jpg,0,1,0,0
sova01621_jpg.rf.b6278b054a8dfda80513491081a3074e.jpg,0,1,0,0
teammate00531_jpg.rf.cc2551a909f85c520d8b223c0cde4a8d.jpg,0,1,0,1
teammmate2200761_jpg.rf.dc67684b96f6698f4c3f8eb0135c631f.jpg,0,1,0,0
enemy200481_jpg.rf.b8d7d2bfba46fa242c0d880ead6e3e17.jpg,1,0,0,0
sage00941_jpg.rf.85d0768056aec0111e8ae7a4116a1a12.jpg,1,0,0,0
enemy100501_jpg.rf.ce8c2821a8506cb9857f2a2f71578104.jpg,1,0,0,0
enemy200981_jpg.rf.b3ce5261fd403325a53dcc91d683455a.jpg,1,0,0,0
teammate300841_jpg.rf.108ad236d7d3247707be3b0a336bd887.jpg,0,1,0,0
dm05341_jpg.rf.e503c969fbaeb3280f2f12f233c28979.jpg,1,0,0,0
ennemy200141_jpg.rf.ceb2d625d40199d690c76f8f18947f90.jpg,1,0,0,0
raze02631_jpg.rf.b80d1928716dad28597c52c3e3d7f20f.jpg,0,1,0,0
teammate100181_jpg.rf.965283a7f7e01656f0c7f324b91c9ace.jpg,0,1,0,0
teammate100801_jpg.rf.fc03b7a3a49bc7e40aebc4a155f220cf.jpg,0,1,0,0
teammmate2202781_jpg.rf.7af44d0ab689c6e3453c358589f04e80.jpg,0,1,0,0
sova02431_jpg.rf.f9cd6b83c8e6a05d2bb2ad7d5de2ba96.jpg,0,1,0,0
teammmate2200581_jpg.rf.0517e0b6c8c3b66f3e3f0cae35c97a10.jpg,0,1,0,0
enemy200371_jpg.rf.69ba53f56ff41f41e9e3980a7cc541c8.jpg,1,0,0,0
teammate100781_jpg.rf.ddd7f3a98df426e061a403c3335d5a79.jpg,0,1,0,0
teammmate01081_jpg.rf.55de91d5acee62d5fb2dc7cd0dbe2353.jpg,0,1,0,0
raze02151_jpg.rf.4125b8f89e8f592e940d5505a3fa927b.jpg,0,1,0,0
dm14676_jpg.rf.5f565d857305db68da5f3395b6142a8a.jpg,1,0,0,0
enemy01001_jpg.rf.629cce9f61d189bd923aeee9d4d728a9.jpg,1,0,0,0
teammmate2202651_jpg.rf.690796d4aab5d4bc57bc5946bae84bc4.jpg,0,1,0,0
teammate00521_jpg.rf.88e68f96baa793cc96fdfb02d6d6788c.jpg,0,1,0,1
enemy01851_jpg.rf.15ed7060ad0533ca73f2dc9a1527e359.jpg,1,0,0,0
skye01901_jpg.rf.9ef135052b047f1f6b38b6fe768bef0c.jpg,0,1,0,0
dm12751_jpg.rf.1cd74402efed3e08094130fb20f6cc1c.jpg,1,0,0,0
enemy00221_jpg.rf.7fa515b8ea0e92aed76c66a644f9b99a.jpg,1,0,0,0
sage00921_jpg.rf.264a4e19199fa0e6c55bed61f1017b49.jpg,1,0,0,0
teammmate2203081_jpg.rf.75c90319b385ec29c921de31c7b83e65.jpg,0,1,0,0
skye01011_jpg.rf.92067b820e1c544b91fea99ff15f9059.jpg,1,0,0,0
droppedspike00081_jpg.rf.b7d60b2e47f9b6e76cc549c839e44d00.jpg,0,0,0,1
teammate00581_jpg.rf.2f66e0ad2cdff19fa78578c918eeda6c.jpg,0,1,0,1
teammmate2202811_jpg.rf.3b574e7843c443b4284f436747a31f7c.jpg,0,1,0,0
skye01081_jpg.rf.5f952932bab18538dc7e253bde63b2a1.jpg,1,0,0,0
teammmate2202771_jpg.rf.a1c7c90740a18b8e78669f8e6e0a02b6.jpg,0,1,0,0
sova01551_jpg.rf.ae104d1bad543bc58b501ce39f27cd7b.jpg,1,0,0,0
dm12756_jpg.rf.5c6588622ec62087fac8cf50abcc4c5d.jpg,1,0,0,0
dm15301_jpg.rf.7c5025c3cf1c50b465872ab05c222aa1.jpg,1,0,0,0
enemy01321_jpg.rf.8e7a823afc1aaf864a2f1b9b251c2d58.jpg,1,0,0,0
skye01871_jpg.rf.5ebb3cb08973ace1f6e796a3841562b5.jpg,0,1,0,0
sage01021_jpg.rf.a99fb37326c7ef6029ac707fd503dd80.jpg,1,0,0,0
sova01561_jpg.rf.3c65407583c9bed4b857c78f4f4aa5ec.jpg,1,0,0,0
raze02281_jpg.rf.5b6ae7ee07c1c12837511bee52c4bd9d.jpg,0,1,0,0
enemy200491_jpg.rf.c9e44294c05e16bdfb0b7913ea1d4287.jpg,1,0,0,0
dm18321_jpg.rf.3520fa80fd7c8af6924d0d8c42cccb56.jpg,1,0,0,0
teammmate2202211_jpg.rf.6d900974cc5f5973c32ab7be95542607.jpg,0,1,0,0
enemy200311_jpg.rf.1623a6efb04f4de9695bd9dd0cf32281.jpg,1,0,0,0
skye00821_jpg.rf.81e3bbb9e1fd4035300b93fcf02707e6.jpg,1,0,0,0
teammmate2200771_jpg.rf.2b07890695b78ed2ae42bc78bc1486a3.jpg,0,1,0,0
skye00811_jpg.rf.6f4eafdef07c8162ec769c12b2369cd6.jpg,1,0,0,0
skye00881_jpg.rf.3f5a7ad80d3a829d00aca4662f835992.jpg,1,0,0,0
skye01271_jpg.rf.6d05156e820c216b4b015a6546256541.jpg,1,0,0,0
teammate300861_jpg.rf.e56c7b3e4639f9d673f10031d8084f93.jpg,0,1,0,0
droppedspikerino00831_jpg.rf.84ed0c2a622658f33cad622b44399129.jpg,0,0,0,1
raze02231_jpg.rf.e495bd9cb8f67ee1749411255bb76f0f.jpg,0,1,0,0
skye01371_jpg.rf.b4842e20fa08ed4cc0487a79640026c3.jpg,1,0,0,0
raze02361_jpg.rf.571c3cf981272b6466479f3ff0415580.jpg,0,1,0,0
skye01261_jpg.rf.cee25603e5659470f015e78a354a06bd.jpg,1,0,0,0
droppedspikerino00451_jpg.rf.c96cef3514933a9bec26e6077f5f4f2e.jpg,0,0,0,1
dm15741_jpg.rf.d7d5210c0668ecf0348a46d929df509c.jpg,1,0,0,0
skye01111_jpg.rf.d033b24da9942433c97dd081bf5728d4.jpg,1,0,0,0
enemy300971_jpg.rf.75f4a0b67392187f4b5a486a1222231a.jpg,1,0,0,0
skye01061_jpg.rf.7ca0be8aa82ea0ed68269b0f06d3b8ef.jpg,1,0,0,0
enemy01301_jpg.rf.ff3731326296e9fbfa51e3449575a531.jpg,1,0,0,0
ennemy200191_jpg.rf.6d01a016be88f0e5280eddf257b226ff.jpg,1,0,0,0
enemy100391_jpg.rf.d217ca7e4bf18caa164eb21ecf6af5bb.jpg,1,0,0,0
skye01861_jpg.rf.a30daf9907d2e8d64507167e85d4aad4.jpg,0,1,0,0
droppedspikerino00871_jpg.rf.dd338702d3fab9caf18d55d1d5668c11.jpg,0,0,0,1
droppedspikerino00811_jpg.rf.8da3d998372a124b4013820ad4e7643a.jpg,0,0,0,1
droppedspikerino00801_jpg.rf.39500ab8e79e9e0b9c0852e8b226bbab.jpg,0,0,0,1
sage00551_jpg.rf.1d63e331d7c3dc0319498e14ac425a33.jpg,1,0,0,0
enemy200531_jpg.rf.d4a704bc7a313987ed6f4dce283544e9.jpg,1,0,0,0
droppedspikerino00841_jpg.rf.02945c8ff1dbb1bee1a8b7c5997aa17f.jpg,0,0,0,1
droppedspikerino01001_jpg.rf.598f9243f1c961916f705b6011157486.jpg,0,0,0,1
sova02491_jpg.rf.cda9aa9b8e1fb09d1c592402bb1f1b09.jpg,0,1,0,0
droppedspikerino00951_jpg.rf.23cc65d538f354e76f0986a7030c6043.jpg,0,0,0,1
ennemy201421_jpg.rf.cfc82ada267355e060793252d2f026e8.jpg,1,0,0,0
enemy300951_jpg.rf.8536a0acfb36c5df00ebf014e964e650.jpg,1,0,0,0
enemy01031_jpg.rf.3401a326e7bbcdab516c12e08f1efc44.jpg,1,0,0,0
ennemy201381_jpg.rf.63613afcbbd0948cec6ebf9bfa1f7632.jpg,1,0,0,0
teammate00591_jpg.rf.11f075739dc3a1ed05c407a1249c4f99.jpg,0,1,0,1
sage00871_jpg.rf.82fdd974f6107bab5a0ddc7235a513e2.jpg,1,0,0,0
teammate00601_jpg.rf.b2635206d5f746da57e3b2e5419441da.jpg,0,1,0,1
sage00951_jpg.rf.d85d95381b6bdfb45365895e77d83b6e.jpg,1,0,0,0
skye00841_jpg.rf.07801d70f773723a79ad4035022d0f01.jpg,1,0,0,0
enemy300931_jpg.rf.7ec1e4201cf125bb82f404b79edb977d.jpg,1,0,0,0
teammmate01021_jpg.rf.8eb41253c4677308911d48d186454e35.jpg,0,1,0,0
enemy100611_jpg.rf.cfcf6d64be8cfa01e466644af697698a.jpg,1,0,0,0
teammmate2202701_jpg.rf.17e91c0e5e5e089fec0104f0b591319c.jpg,0,1,0,0
teammate01301_jpg.rf.473654b5ad7012a260f728910d5d127b.jpg,0,1,0,1
raze02251_jpg.rf.7f7500d42945b25ddc91d3ac583a50db.jpg,0,1,0,0
teammmate2202741_jpg.rf.62e858746c6cbcceffb05b48e7d22f1f.jpg,0,1,0,0
sage01101_jpg.rf.6a3ada4ec65d90b9bf9c8b1e4df4c012.jpg,1,0,0,0
skye01121_jpg.rf.05213f70ffe689533e2a5c66c5fbbb46.jpg,1,0,0,0
raze02371_jpg.rf.0d5dfe6f67e84a12d40cafb37fa4a806.jpg,0,1,0,0
skye01851_jpg.rf.3b3d053c191f0e2a66a59cf9cf4b5d22.jpg,0,1,0,0
ennemy201371_jpg.rf.4a71099c64a9e00746e3d72c81af3968.jpg,1,0,0,0
droppedspikerino00501_jpg.rf.7088b1710dd217082b9a1e5df1e1864c.jpg,0,0,0,1
dm16146_jpg.rf.594b71fbd3837e2c37a0f22a6d79e4d9.jpg,1,0,0,0
kayo01001_jpg.rf.7bb6e87bb6a2f065574adcd9acba0166.jpg,1,0,0,0
ennemy201401_jpg.rf.aa1727046f57726605c73a7bfd0ebc59.jpg,1,0,0,0
sage00541_jpg.rf.b55723de6133d8ac62066d2cabd7b02c.jpg,1,0,0,0
dm16131_jpg.rf.e8507eb6acd77ca5a062d158480ca0a0.jpg,1,0,0,0
dm15726_jpg.rf.d87348dd078de6a0c8f52c3bd382f072.jpg,1,0,0,0
enemy100411_jpg.rf.a31f593fbc6f4291afe7afdbee445e1e.jpg,1,0,0,0
teammmate2200731_jpg.rf.8ab8d77792491bc44943776fc962f1c3.jpg,0,1,0,0
sova01571_jpg.rf.4e4bec5f7dd53887d6abc5f9aa43c9c4.jpg,1,0,0,0
teammate100231_jpg.rf.aa07ac037fa8261f28a165a6c64d5ca9.jpg,0,1,0,0
dm09746_jpg.rf.9ac502e01d3e22e78170293f4b009aac.jpg,1,0,0,0
teammmate2200801_jpg.rf.afdc305519d6d9c1347acd249d119ad4.jpg,0,1,0,0
sage01011_jpg.rf.08505d877cff48d2210c3ed5231f6b95.jpg,1,0,0,0
sage01071_jpg.rf.eb2256b57ec416ae149849e947edbc88.jpg,1,0,0,0
sova01671_jpg.rf.7fa25f9a7e5bfa3e0489668ae31f6282.jpg,0,1,0,0
droppedspikerino00851_jpg.rf.6774b275246f0500abfd0cc0be1b3ce0.jpg,0,0,0,1
ennemy201341_jpg.rf.3e0c766cc6fe354f654ce47cacfeb984.jpg,1,0,0,0
enemy300091_jpg.rf.649c2776eba667daa47432ee65c4abfe.jpg,1,0,0,0
teammmate01961_jpg.rf.2f98116ca0e3f2e97d4aadf7f163dd9c.jpg,0,1,0,0
enemy200991_jpg.rf.5388fdf0184c35c2486daff337d336ed.jpg,1,0,0,0
skye01131_jpg.rf.d4c52c54df7273e1ebb42c161ce7b399.jpg,1,0,0,0
enemy01421_jpg.rf.cd0c318e0574db61aaf888db22d5ac31.jpg,1,0,0,0
teammmate2200081_jpg.rf.d8eb7b84d76029d42b96a364a6283667.jpg,0,1,0,0
sova01651_jpg.rf.2a162b133b892bef034b62c65c6f326e.jpg,0,1,0,0
teammmate02031_jpg.rf.f4e06bcdcd6d22dc7c382ee7dc879280.jpg,0,1,0,0
teammmate01991_jpg.rf.eec64856ab51b21ef4f5fb20c2096d48.jpg,0,1,0,0
teammmate01911_jpg.rf.e6fdb752e7c69d12cdad0d0dff2c4f4e.jpg,0,1,0,0
skye01251_jpg.rf.072c49e5282441286b7f2f60bf8c069c.jpg,1,0,0,0
teammmate2202791_jpg.rf.1a63752905ee3a72a0943b2b1279c0e7.jpg,0,1,0,0
skye01361_jpg.rf.06359fa8748ed839ccbe389f1cfd08e9.jpg,1,0,0,0
enemy301061_jpg.rf.a4234e0869530b55520064b97e2c18b6.jpg,1,0,0,0
teammate100861_jpg.rf.72b3ec261191ca287850be3a443c7130.jpg,0,1,0,0
droppedspike00631_jpg.rf.ad588d399b09d690300018ec138b85e8.jpg,0,0,0,1
dm12746_jpg.rf.b8c353e6de923264d91d5923d7be7414.jpg,1,0,0,0
skye01311_jpg.rf.f0c31131359e5b5d498fb3ecb6418f72.jpg,1,0,0,0
kayo00101_jpg.rf.e03315bf231861a0f9d3a81d1469c899.jpg,1,0,0,0
teammmate01031_jpg.rf.edc1f66e60d763048978cd160daab30a.jpg,0,1,0,0
skye01621_jpg.rf.28adf344eb93e655f92e0df07edf25f3.jpg,0,1,0,0
droppedspike00601_jpg.rf.c5db318c9418974fc995dba2fb7d145c.jpg,0,0,0,1
raze01221_jpg.rf.4d200ca65b129247f07dcf8b8ad9d6fb.jpg,1,0,0,0
dm12786_jpg.rf.1be52c859b4affe7eb963eb86302615d.jpg,1,0,0,0
droppedspike00671_jpg.rf.ebe282aa79e46a53b6dc86d62a5df8bb.jpg,0,0,0,1
sage01131_jpg.rf.93321954dd9b97ab726f2cc4630b9b52.jpg,1,0,0,0
enemy301051_jpg.rf.d33814069f258a606be0c6144acdb21e.jpg,1,0,0,0
skye00871_jpg.rf.13f1ddc5d01a18950a871c931f78561d.jpg,1,0,0,0
dm16151_jpg.rf.29924b5a982352b86e8c58edb96c57f6.jpg,1,0,0,0
skye00831_jpg.rf.b4630d9ee848dbc11b59195701f29294.jpg,1,0,0,0
killjoy01861_jpg.rf.ee43526a198dce29b4a1e1f3281aebd5.jpg,0,1,0,0
teammmate02011_jpg.rf.df3ae2bcfd8390efd8daf64fff8741d9.jpg,0,1,0,0
sage00531_jpg.rf.a01a5340b4ebd56469cd84cede8a68d9.jpg,1,0,0,0
enemy100471_jpg.rf.07c3e633447295680358f4367a15afb7.jpg,1,0,0,0
enemy201001_jpg.rf.17fddac3f9f9e7e91825f8cd6988b9fd.jpg,1,0,0,0
dm16136_jpg.rf.43c715ca4e009a07fabc1124a9baafe2.jpg,1,0,0,0
fade02501_jpg.rf.aa8c472e92d4453b0baed0034e18a742.jpg,0,1,0,0
dm16611_jpg.rf.d6a907fb4ec8440170dd9cdaea06b45c.jpg,1,0,0,0
ennemy00011_jpg.rf.d9a3f47197e2cda98bdb7f0a6a630dc7.jpg,1,0,0,0
droppedspike00871_jpg.rf.3f7f2f2cd914d49cbed48433b9146245.jpg,0,0,0,1
enemy301361_jpg.rf.88775834c66675aa74300988df4b3cb6.jpg,1,0,0,0
ennemy200881_jpg.rf.2ce912ba58f1fb71dfdf40fc3ea27cb5.jpg,1,0,0,0
raze00091_jpg.rf.c0760030e489f410a9d7a1448f98fe55.jpg,1,0,0,0
enemy00541_jpg.rf.abff12597d16d58d015b2645aeb8aeb9.jpg,1,0,0,0
ennemy200471_jpg.rf.09f7e12e331b7d28393f2daefb8c82a7.jpg,1,0,0,0
Jett02031_jpg.rf.b6c42797aa1a1e6cdaa5a1eb6da23afa.jpg,0,1,0,0
droppedspike00971_jpg.rf.9f4bb9afea1cdc972c0f8d7096f5469b.jpg,0,0,0,1
skye00021_jpg.rf.f0cf7ed84a94664b14fae51acb113f07.jpg,1,0,0,0
sage01301_jpg.rf.c1fa316d6b136ea6fb7771e3cc397675.jpg,1,0,0,0
ennemy201471_jpg.rf.3d41b05027c22530721e1443bdf864cb.jpg,1,0,0,0
raze01781_jpg.rf.f409934d4dec1dee4b0c589fbc0b8f27.jpg,0,1,0,0
raze01951_jpg.rf.dddf9bc4cd5e69aec5298168667a564d.jpg,0,1,0,0
Jett00461_jpg.rf.7b52f458b04f78f95aa8d0d2a3551c4c.jpg,1,0,0,0
killjoy00881_jpg.rf.c0fa69ae4f5548654141e6ad7882db6f.jpg,1,0,0,0
sage01851_jpg.rf.6eec4bd4c872c4ed2e53e920378dc9d2.jpg,0,1,0,0
raze00151_jpg.rf.b9def9ffbb428f1f7099fd9077016f9e.jpg,1,0,0,0
killjoy00701_jpg.rf.d3640b181d296572b39439d727e6eb37.jpg,1,0,0,0
droppedspike00851_jpg.rf.efa5ad4fbc8e9ce22c1e35066ec1806c.jpg,0,0,0,1
enemy00751_jpg.rf.f1c9607c2e4bafce07251680b2eb935a.jpg,1,0,0,0
enemy200291_jpg.rf.332468182aa3e96eee22c9bd8f55c703.jpg,1,0,0,0
enemy301411_jpg.rf.6617da34724c2c5212ce2fea15a5c8c0.jpg,1,0,0,0
sage01481_jpg.rf.a098fb3ff47d89b35dedc5c413a97f92.jpg,0,1,0,0
ennemy00041_jpg.rf.66f669019133d03a6e604391de6358ff.jpg,1,0,0,0
enemy00741_jpg.rf.8c1d9556eb4a555ff28a52625ef365d7.jpg,1,0,0,0
raze01761_jpg.rf.ec6ed304f2877f66e80295c53605134f.jpg,0,1,0,0
Jett00471_jpg.rf.d53172e82e8fb323c8475f538c332e21.jpg,1,0,0,0
raze01841_jpg.rf.f8b4ea75c9664c97dfae0b8bcecd47b0.jpg,0,1,0,0
cypher01301_jpg.rf.2109b149155373ca1c25052d9327f63f.jpg,0,1,0,0
ennemy200891_jpg.rf.394b2062fe0c18e6564bda1c100b0af7.jpg,1,0,0,0
reyna00981_jpg.rf.0394608db1e3d14b5dff99d54ab954f6.jpg,1,0,0,0
ennemy200481_jpg.rf.a1ee5e398007b9a97aec0fefd7d0a325.jpg,1,0,0,0
droppedspikerino00051_jpg.rf.b2269344177629abff8e1481e72f3ef3.jpg,0,0,0,1
ennemy01171_jpg.rf.489af076e6e65e8f94d3e40673af2a0d.jpg,1,0,0,0
ennemy00371_jpg.rf.62d06f6abcfab6f6966d86c16eb789aa.jpg,1,0,0,0
ennemy00031_jpg.rf.8b8d811a349c56388edf0bf371fa7226.jpg,1,0,0,0
enemy200211_jpg.rf.5bd2af86511521fe3a7a1e1324be2356.jpg,1,0,0,0
reyna00601_jpg.rf.c42e9554cb2797530219ed403d2e3fd9.jpg,1,0,0,0
ennemy200371_jpg.rf.4d453573a9dc0d81ad7206604797423e.jpg,1,0,0,0
ennemy00411_jpg.rf.28b0a7bc9048d3e9ba364a1c6d25d2a7.jpg,1,0,0,0
raze01871_jpg.rf.e93dcd6884b3963566a07bbbf1ce79c3.jpg,0,1,0,0
killjoy00711_jpg.rf.1265c54e535ac7de4673e4193f5760e4.jpg,1,0,0,0
enemy02241_jpg.rf.2c16539f63214fb3afefea31375453d5.jpg,1,0,0,0
enemy02101_jpg.rf.a86c535a098ff38807d98b7221f4a020.jpg,1,0,0,0
reyna00591_jpg.rf.2c6c09bdc02e0ca02a9e2a0ce3bfef85.jpg,1,0,0,0
ennemy00321_jpg.rf.c691cebd62b1898a1c3f12172191da7d.jpg,1,0,0,0
reyna00661_jpg.rf.7ca60b7cff4661d8385ae2f4606b1c7f.jpg,1,0,0,0
ennemy01201_jpg.rf.5dbd8a948bf77037eab2455902986706.jpg,1,0,0,0
skye00071_jpg.rf.3b5e1b8d491729914d693749d9c4ebb8.jpg,1,0,0,0
skye02011_jpg.rf.af49a2fcc2b595522963940228930507.jpg,0,1,0,0
ennemy200971_jpg.rf.3502edc57c8cb042aaee4d8af9603ea9.jpg,1,0,0,0
skye00131_jpg.rf.8efedfafe2a03b4d5df7e80a91ae9e25.jpg,1,0,0,0
enemy02051_jpg.rf.bfe846cf66b21087de023e419d6432f9.jpg,1,0,0,0
skye00081_jpg.rf.c9e1c9d17190712ed9f0068123a9f30a.jpg,1,0,0,0
killjoy01491_jpg.rf.4c510103f7ae20e27e20885c6693b0b7.jpg,0,1,0,0
ennemy01141_jpg.rf.efecc41391718a5cfeaf8519f0ad1a23.jpg,1,0,0,0
sage01251_jpg.rf.c2bf30e0259666a6ab7d528a01de80cb.jpg,1,0,0,0
Jett02101_jpg.rf.1d82ffd4d749aec8f5b216671c22fa21.jpg,0,1,0,0
raze01831_jpg.rf.177f62a0dd89f210aaa48d88fbd379cf.jpg,0,1,0,0
ennemy00401_jpg.rf.160b8fcbe9e43f2ed8a81015877cee1f.jpg,1,0,0,0
dm12916_jpg.rf.c70485292f0aef329658bc227bbb630c.jpg,1,0,0,0
kayo00351_jpg.rf.197fc2a3495af68cef14f3e90010bcd6.jpg,1,0,0,0
droppedspike00841_jpg.rf.2062669d2d05a1f669223caa8228e98b.jpg,0,0,0,1
enemy02231_jpg.rf.f0114f5d87f34709aaa0b0d952b310c0.jpg,1,0,0,0
reyna01001_jpg.rf.427db0adf6e817dd0440efaac2c86644.jpg,1,0,0,0
cypher01351_jpg.rf.43ee3d9116e9e1dbd9858003f371a91c.jpg,0,1,0,0
reyna01111_jpg.rf.ea8b0e2d12884f817c5843d7b1645fd3.jpg,1,0,0,0
Jett02021_jpg.rf.d7dbe908fa237e677a66c7d812a128ea.jpg,0,1,0,0
ennemy01161_jpg.rf.274593ce2ebe89ff4082fc97d6ea22f0.jpg,1,0,0,0
enemy00771_jpg.rf.51499cd3413617eb5b506e9cfb16de15.jpg,1,0,0,0
dm16511_jpg.rf.dc72e4f4a40b6fc8839793b7e194e99a.jpg,1,0,0,0
cypher02231_jpg.rf.d3b5b1bbc8ecf492a6ed9d1b68722efc.jpg,0,1,0,0
scena00721_jpg.rf.6a99924f8a6ccf51bfe9e6914bb8a782.jpg,0,0,0,1
reyna00541_jpg.rf.9c5c3edec014be42715337341f6aa81a.jpg,1,0,0,0
enemy200281_jpg.rf.8d1e2cee4f50bbbc25dfbe20532470ee.jpg,1,0,0,0
Jett02081_jpg.rf.44028704204ce63f347f3af491ce7c01.jpg,0,1,0,0
kayo00341_jpg.rf.69f7e371b1cd6ddf297bde9379ff1c3a.jpg,1,0,0,0
ennemy01191_jpg.rf.f17815bf033b5d96abcd645aa5275abb.jpg,1,0,0,0
skye00111_jpg.rf.7f735d21f05850eea39d2121aeaea948.jpg,1,0,0,0
fade02721_jpg.rf.e69fd3f7ed9bcdf01cb5a473000cda89.jpg,0,1,0,0
plantedspike02281_jpg.rf.c75433c7d43aa64a632438829bd5a947.jpg,0,0,1,0
skye02081_jpg.rf.a0e3677c6e0683fc2ad1f79d3afc23ce.jpg,0,1,0,0
raze01771_jpg.rf.dc1eecced452a1be125ddf7d8f1326da.jpg,0,1,0,0
enemy02311_jpg.rf.cd4c7b4297f9b00a1de6286facebf91b.jpg,1,0,0,0
cypher02021_jpg.rf.599f473db083809481e5b7e3df96b623.jpg,0,1,0,0
sage01271_jpg.rf.86b8aa451ef6ea9af2632d9f3282738e.jpg,1,0,0,0
teammmate2200851_jpg.rf.9b351f2acf62bfa15c09b780f2194fa3.jpg,0,1,0,0
ennemy00001_jpg.rf.a200c144be946a1a78cf7c3a982f721b.jpg,1,0,0,0
enemy02021_jpg.rf.5d98d39d5d4667d74de21fba5a0f1317.jpg,1,0,0,0
plantedspike02261_jpg.rf.3d37b5b39f25a1fb719e2aceaf4ddd59.jpg,0,0,1,0
teammmate2202881_jpg.rf.63f19826067923d0726468959198a1a2.jpg,0,1,0,0
droppedspikerino00761_jpg.rf.0ea5b488adf0142cfee5f7b741c06056.jpg,0,0,0,1
sage01521_jpg.rf.0d8304b134e032c7f97c27aa5b9b44a4.jpg,0,1,0,0
reyna00621_jpg.rf.7c3a5ad591ec61b9740353d5e21d2755.jpg,1,0,0,0
scena01461_jpg.rf.faffcf2c0acd23971ffbc7c6eac0af44.jpg,0,0,0,1
raze00211_jpg.rf.39161d15ff16dce9ce69153a25246953.jpg,1,0,0,0
reyna01081_jpg.rf.89cbb322b83c9de4a41bfa605acf5f63.jpg,1,0,0,0
raze01361_jpg.rf.a331629e5abcafd1cd96d004654a8799.jpg,1,0,0,0
skye02061_jpg.rf.36d1e68e0e7725e3bd4e0112876daa1b.jpg,0,1,0,0
enemy300601_jpg.rf.00b1d72232f62b1bdd619f5af4c60f30.jpg,1,0,0,0
raze00951_jpg.rf.8d7c0082745179b9f103e40ea6bc7507.jpg,1,0,0,0
Jett00521_jpg.rf.59d0b337fec792bd73c5082ea4504f6b.jpg,1,0,0,0
dm12911_jpg.rf.306525e129f875caa4697db71ffae702.jpg,1,0,0,0
sova00731_jpg.rf.a96a2d8e036f4791b914f04d6eec7719.jpg,1,0,0,0
ennemy200421_jpg.rf.cddc181d3940c78f61c36e0fa5d99c62.jpg,1,0,0,0
ennemy00391_jpg.rf.d0066e62af0dce81707f93c3b5ad83c2.jpg,1,0,0,0
enemy200221_jpg.rf.d1e13bacde717abed75266917c39d4f7.jpg,1,0,0,0
skye02321_jpg.rf.11d719b257d749f39cfc9484aa1db00e.jpg,0,1,0,0
enemy200241_jpg.rf.3b0e101eb568c007560716fe6c2d17a0.jpg,1,0,0,0
killjoy00731_jpg.rf.5ec44f281a8a426c6ccb539de46a1df9.jpg,1,0,0,0
reyna01151_jpg.rf.82fe07f902ea0b6c7a69d4af8cec8ae2.jpg,1,0,0,0
killjoy01511_jpg.rf.b6ac50641bc08baf0549a59aa96511f5.jpg,0,1,0,0
Jett02231_jpg.rf.6bc62762580a8a5610be339e04cd8dfa.jpg,0,1,0,0
skye00041_jpg.rf.9f351434642043fb64a52ffc758c2622.jpg,1,0,0,0
ennemy00541_jpg.rf.b42c6da994e712ddeb4e4e6bea166602.jpg,1,0,0,0
plantedspike02301_jpg.rf.b7ab439ef12e3fc89f5786b6c6fa4c3a.jpg,0,0,1,0
droppedspikerino00071_jpg.rf.c907dc5b5d13f3fa4f7aa788be47210b.jpg,0,0,0,1
enemy02301_jpg.rf.b9d5dd20a31c93a0917845408a5c98ff.jpg,1,0,0,0
ennemy00621_jpg.rf.3369ce68378df5af68e92ede267bfc66.jpg,1,0,0,0
scena01361_jpg.rf.80fff1e131432adf92cc44678ccd46be.jpg,0,0,0,1
raze01881_jpg.rf.ff0a8322984453e15de59a63a85b024b.jpg,0,1,0,0
skye02301_jpg.rf.e1280f9aa674bf3aaf6191d06d0c6e87.jpg,0,1,0,0
ennemy200941_jpg.rf.6e5ba9316c857704d6f89cfb1259fb3c.jpg,1,0,0,0
killjoy01501_jpg.rf.2763a760608bb22c14d6f774de2706be.jpg,0,1,0,0
dm16576_jpg.rf.5a47e1a7d93527984bdcf754058e9362.jpg,1,0,0,0
ennemy201021_jpg.rf.ef5b371bce97ae8835d2a27d501814f1.jpg,1,0,0,0
kayo00451_jpg.rf.dcb7c120e23cf02787d9eb11c9afe74c.jpg,1,0,0,0
reyna01041_jpg.rf.b3f6ab9c6605f20ab28db06aaf8cc5c2.jpg,1,0,0,0
kayo00401_jpg.rf.d241cac69c0e9acf19abbd5835d6f576.jpg,1,0,0,0
enemy00681_jpg.rf.6a951ded12b5c795229b2ea5120c1fd1.jpg,1,0,0,0
droppedspikerino01101_jpg.rf.872ec37910f39850f1143f7bbf86ec5e.jpg,0,0,0,1
dm12971_jpg.rf.81e6ebf42e003ae6ea0a9a1d413f5854.jpg,1,0,0,0
Jett00531_jpg.rf.a12182f81e525c9d7c3d78ea2c51cb01.jpg,1,0,0,0
killjoy00891_jpg.rf.d14ac80da3018d457965c4d58f94ff52.jpg,1,0,0,0
raze01861_jpg.rf.6375a176a32c96f4672cb6a41610ca8e.jpg,0,1,0,0
killjoy00721_jpg.rf.301c72d98c1b7e3b951008f2cf71cf2a.jpg,1,0,0,0
killjoy00691_jpg.rf.d49b0e541e093bd77318c08c13131450.jpg,1,0,0,0
enemy300381_jpg.rf.8713d27d931594c6165533f77b21a0e4.jpg,1,0,0,0
enemy00821_jpg.rf.99923b6ff4852289f03dd3b294eb5c56.jpg,1,0,0,0
kayo00581_jpg.rf.d9aa35a58087ba6913f37bfd03c6261a.jpg,1,0,0,0
sage01601_jpg.rf.afe007d517b09fc4282e97fe82a383a2.jpg,0,1,0,0
reyna01171_jpg.rf.b8996ce203fe9d58e793a7a60a74f7b2.jpg,1,0,0,0
skye02331_jpg.rf.dc593f4c13383bd754ec0bbc243ff7c8.jpg,0,1,0,0
dm16626_jpg.rf.0ff600d264e2e64bcf7c2e5e1faed6ee.jpg,1,0,0,0
cypher01391_jpg.rf.495d94b7cd4adf091f87da7408338ab2.jpg,0,1,0,0
cypher02111_jpg.rf.316782b81006679e7e9b8ca6089bf93d.jpg,0,1,0,0
kayo00321_jpg.rf.1b54ba95bd0dde50b6878823135ef090.jpg,1,0,0,0
Jett02061_jpg.rf.8e61bb4dd9a85a28a105689af5041a98.jpg,0,1,0,0
cypher02031_jpg.rf.2b02029af037b8edfed60ed4ed2160f3.jpg,0,1,0,0
reyna02451_jpg.rf.cceaeb2ce96fa16796de8de5d8eb8767.jpg,0,1,0,0
ennemy00111_jpg.rf.796b9af50f6b489e5a5dd01a67e4043a.jpg,1,0,0,0
sova00741_jpg.rf.e63f744aebad03837a2f7e980e3716d9.jpg,1,0,0,0
reyna01061_jpg.rf.4a0487db2c6074d453b3111a35034927.jpg,1,0,0,0
cypher02051_jpg.rf.c10c779aa0efc7eda82764bf5e9fd879.jpg,0,1,0,0
sage01261_jpg.rf.5b96af48dc2f46e312912e31d0e14b6a.jpg,1,0,0,0
ennemy01301_jpg.rf.7b3cec9cfae77091f3a70e2d2c1da0bf.jpg,1,0,0,0
reyna01331_jpg.rf.ff5d118ca8754c4d599ae3251bfebd94.jpg,0,1,0,0
enemy300391_jpg.rf.045cc8d59a35a689b56c3aebc709f206.jpg,1,0,0,0
enemy00761_jpg.rf.d9d7107cd44f38a88a6d3098701dc6ce.jpg,1,0,0,0
ennemy201031_jpg.rf.1a89c9f3005e39c8533053a6ba9a74d2.jpg,1,0,0,0
raze00191_jpg.rf.c90302881af1712532e41e6ed3a90b55.jpg,1,0,0,0
reyna00741_jpg.rf.dab25d25628f356737060c29825065e6.jpg,1,0,0,0
sage01291_jpg.rf.70176f59f92fe7bd768b3f8402168a94.jpg,1,0,0,0
cypher02131_jpg.rf.dec0dfece0b545425a623923bad887a3.jpg,0,1,0,0
reyna01131_jpg.rf.c965122650cea69520fb992533c568bb.jpg,1,0,0,0
cypher01321_jpg.rf.2fb2f4e3e9425294ed5a5bec9ae4e860.jpg,0,1,0,0
dm16631_jpg.rf.50f564648f6bb7b78b343e5ae341e8d1.jpg,1,0,0,0
enemy00781_jpg.rf.da373ff4a6c3f7e8c302af1ca5d8a0b8.jpg,1,0,0,0
sova00751_jpg.rf.297265201260f081484ab75200f95621.jpg,1,0,0,0
Jett00581_jpg.rf.eff38d9c744e9d3719e4b4c251b442ce.jpg,1,0,0,0
Jett00501_jpg.rf.384b1a36316c192c22c655df26959cbf.jpg,1,0,0,0
scena01281_jpg.rf.29f33f19859a55bf3eaa46757e111a40.jpg,0,0,0,1
cypher01381_jpg.rf.14b9f8a7e8498c8e10177c110d45b418.jpg,0,1,0,0
droppedspikerino00081_jpg.rf.297c161d263886f8dca80f7914b1961c.jpg,0,0,0,1
ennemy00591_jpg.rf.a3c31665b88a107704edb9e1f8f4eeaf.jpg,1,0,0,0
cypher02251_jpg.rf.b4e16f2ffd231a9367ff3f7710850aec.jpg,0,1,0,0
ennemy01231_jpg.rf.f847b523ddcd1fb10f21fcffb986cad6.jpg,1,0,0,0
killjoy01521_jpg.rf.6ce085ef6e9397597dac1a4b21daee7a.jpg,0,1,0,0
droppedspikerino01261_jpg.rf.c2ef40bf3bd17f11e176691be1d279ae.jpg,0,0,0,1
killjoy00791_jpg.rf.149a014a4bd444b37f3efa434408e340.jpg,1,0,0,0
reyna01181_jpg.rf.38e84ca202ddccfa0649e45a8080f99b.jpg,1,0,0,0
scena00951_jpg.rf.fa6d1ec28db301e4724a65d0bb949aa8.jpg,0,0,0,1
Jett02161_jpg.rf.3c437b6901594170e9c4f4e9b6e494d6.jpg,0,1,0,0
kayo00561_jpg.rf.00b2d21e4aca9fb01f0c8b62635f6cb7.jpg,1,0,0,0
cypher02071_jpg.rf.d23270eac5fe286a9cc2e94ac11e420a.jpg,0,1,0,0
raze00941_jpg.rf.753fc9dfe9f87a02a8bad2ecdbd6bf4a.jpg,1,0,0,0
cypher01361_jpg.rf.e7cc40fc7aafe7a933ad3e7096eb6ce3.jpg,0,1,0,0
raze02401_jpg.rf.044a95b44ff7a23eecbc59b760ae83d4.jpg,0,1,0,0
reyna02311_jpg.rf.c5bab8cd5206a34618c7ce0ee3958b88.jpg,0,1,0,0
reyna01051_jpg.rf.4536350310659f0375c6ab646cda8050.jpg,1,0,0,0
killjoy00391_jpg.rf.ce168092e3fb344ecb3522f20c96f2f1.jpg,1,0,0,0
kayo00411_jpg.rf.005c7c9bf2e3ef40d6927141c6ed3319.jpg,1,0,0,0
dm12906_jpg.rf.5bcf10376ebf9b24134f27e7f037c8ba.jpg,1,0,0,0
reyna00681_jpg.rf.67eb8f76802685260fab7fdeae48a238.jpg,1,0,0,0
ennemy00101_jpg.rf.b1567e1fd5ce4bd331b68d3ef2f6d856.jpg,1,0,0,0
ennemy201131_jpg.rf.42d90781328d4b1061a39f0ab03f6255.jpg,1,0,0,0
sova00931_jpg.rf.e29e447288fa164889f0fd19fbce91cd.jpg,1,0,0,0
cypher01461_jpg.rf.1ffb0e64c2660f9d17425ca9a19b5c98.jpg,0,1,0,0
reyna02161_jpg.rf.7967e1970f72282ea2aac639743dff3d.jpg,0,1,0,0
Jett00111_jpg.rf.7bc913c45e2b09f80149e82ab4b6008e.jpg,1,0,0,0
Jett01891_jpg.rf.003f65345afea2625523e269282ffe27.jpg,0,1,0,0
reyna01521_jpg.rf.1561055ac2821fc06e1bd41436d58f35.jpg,0,1,0,0
reyna00851_jpg.rf.df9c0c23fdc3ffe6e0480ac56be8d533.jpg,1,0,0,0
killjoy00491_jpg.rf.76d775c7d570e4254bd0fe282f992de4.jpg,1,0,0,0
raze01141_jpg.rf.3cc31f64f845fd2b9b1c6fbb436af138.jpg,1,0,0,0
cypher02221_jpg.rf.94a87f5a02fad5e0b25d1f2b1ce06e5f.jpg,0,1,0,0
killjoy02101_jpg.rf.7b1aa71b2acb693ce896715122b09acc.jpg,0,1,0,0
raze02461_jpg.rf.5ac4a4ba1fe08a9748656d8426d03571.jpg,0,1,0,0
killjoy01671_jpg.rf.7a0911bbc27e2d2b43156a037b9f5894.jpg,0,1,0,0
astraenemy00161_jpg.rf.87e8039fc16fffd86eb6dbfa9fa53c50.jpg,1,0,0,0
dm13256_jpg.rf.a5439a4696fa1d1d58bf0af086371b1c.jpg,1,0,0,0
sova00911_jpg.rf.c3189355e47d1b952796fb53451eae83.jpg,1,0,0,0
scena00551_jpg.rf.ff18742ba74f7a18ade9765ea5d8301a.jpg,0,0,0,1
cypher01531_jpg.rf.7951280a61d9715d7edd53f49aa584d4.jpg,0,1,0,0
killjoy02111_jpg.rf.9328c92cb619a050ac2c841cc50aa658.jpg,0,1,0,0
enemy02191_jpg.rf.ad795402af785890956e00b7e10c6b24.jpg,1,0,0,0
killjoy00481_jpg.rf.0117e4f5c5636371a7ccf90a2f5ac55f.jpg,1,0,0,0
chamberteammate00631_jpg.rf.afe00dbf7adf9372651b41ff528e1bd6.jpg,0,1,0,0
enemy02321_jpg.rf.b70b15a452392763e60a2bbcedc08092.jpg,1,0,0,0
astrateammate00121_jpg.rf.23b40d3acb5e0d6ec2d1a63c981094d5.jpg,0,1,0,0
scena00521_jpg.rf.fc21fa3e2249fd6c9d11d8670bffcefc.jpg,0,0,0,1
killjoy00011_jpg.rf.1be07fa04433542fbc1eeb9341cd4c9d.jpg,1,0,0,0
cypher02211_jpg.rf.fc5a40f14b9b0b8026c3b9301343c26a.jpg,0,1,0,0
killjoy01211_jpg.rf.f1544605e5df77b031b7e824b82d4a87.jpg,1,0,0,0
ennemy01371_jpg.rf.14cd9a2f00b2e04cf20f29bca5644955.jpg,1,0,0,0
ennemy201211_jpg.rf.28fe63d4bd623a07e205ed3b62679cce.jpg,1,0,0,0
killjoy01261_jpg.rf.4c7e4539be9fd3e2e521547be2054fde.jpg,1,0,0,0
killjoy01621_jpg.rf.17c450b7e5d12c2654a329e6c99d4d31.jpg,0,1,0,0
raze02501_jpg.rf.510499a5d2a25f8700b93e14ecc8beba.jpg,0,1,0,0
sage00061_jpg.rf.e05745291b707b69210c8527dbcd8b64.jpg,1,0,0,0
scena00751_jpg.rf.f73adda0d3bc383fc5b6d0311be467d9.jpg,0,0,0,1
reyna01641_jpg.rf.557fce3cac3713ef5a02f9e06f890dc2.jpg,0,1,0,0
raze02451_jpg.rf.0364200e30a974bdf84358a7e203c167.jpg,0,1,0,0
killjoy01651_jpg.rf.5d1901b00c51110b71e6f396f4b4005c.jpg,0,1,0,0
astrateammate00261_jpg.rf.bb8e4941d8eaa728eb395299400a0d83.jpg,0,1,0,0
killjoy00971_jpg.rf.80e85e999aca41fa7488b3b03428b4b5.jpg,1,0,0,0
fade01401_jpg.rf.45168b2e58177aa8659937b94baa59fd.jpg,0,1,0,0
killjoy00001_jpg.rf.a9eb7878dc1fabb8a77e42146962908a.jpg,1,0,0,0
reyna00771_jpg.rf.d0777f232b19ed2b395618fd6d2426b9.jpg,1,0,0,0
raze01101_jpg.rf.75dd516903d75d220d75b33202adbd8b.jpg,1,0,0,0
raze00171_jpg.rf.f6aec2e483e943b1b10e29e0662d3657.jpg,1,0,0,0
killjoy01101_jpg.rf.150212cf7ea195bc995f43f33caeef15.jpg,1,0,0,0
dm13461_jpg.rf.435f362d9edf96d531db9d491d5b90f1.jpg,1,0,0,0
reyna01461_jpg.rf.557e0eabaa80d0c2946ba83bc6888371.jpg,0,1,0,0
raze02541_jpg.rf.d419f73727b37790de3c7f934271a4f7.jpg,0,1,0,0
cypher01541_jpg.rf.12293b0d49b64495e20d145dfb2ed53f.jpg,0,1,0,0
raze02481_jpg.rf.0e918079fe27a225cac243b83f06e12e.jpg,0,1,0,0
cypher01431_jpg.rf.ec3a813fb0c8227d7c040346aeb96271.jpg,0,1,0,0
killjoy01321_jpg.rf.2f4b8fcb14803229a69b2109b634cc1b.jpg,1,0,0,0
sova00591_jpg.rf.1b4158d26bdccc0504e180240f4bb31f.jpg,1,0,0,0
sage00161_jpg.rf.0c0f11ebc5089a044a43e6e0e70fbb9c.jpg,1,0,0,0
reyna02011_jpg.rf.6a64063a8d0ca2cb1bf1e3324ea47b70.jpg,0,1,0,0
ennemy201181_jpg.rf.24ea6ee2dcc238c6a8d00d94bdf0764f.jpg,1,0,0,0
fade01351_jpg.rf.6ddf72e715995478337032b120802afa.jpg,1,0,0,0
sage00081_jpg.rf.47f2a2cd3e71fa147eda2902225a5ce7.jpg,1,0,0,0
kayo01281_jpg.rf.8cfbb7f2ece08678d960333f7ccc7f80.jpg,0,1,0,0
killjoy02121_jpg.rf.d8a219d91652c376d09829ba2f14a9da.jpg,0,1,0,0
reyna02221_jpg.rf.c4ca92ba903c8f2891254dbd263e02cd.jpg,0,1,0,0
kayo02081_jpg.rf.3c0d899deea0ab94e99246da798c825d.jpg,0,1,0,0
kayo00681_jpg.rf.6480bad4c01f18af4f4de1c7f2cfa518.jpg,1,0,0,0
killjoy01271_jpg.rf.4c55c06f6ff45384b08989ef20ace4e1.jpg,1,0,0,0
kayo00771_jpg.rf.e98380ed500e319387bc6f0e96229444.jpg,1,0,0,0
kayo01111_jpg.rf.236674a2aea09e8a16e23920a53f0a5c.jpg,1,0,0,0
reyna01451_jpg.rf.55fd78fdd6a48f3c8b980ed5c624fb49.jpg,0,1,0,0
cypher01521_jpg.rf.445305a5da4540393cf97832e4fd4e2b.jpg,0,1,0,0
ennemy200051_jpg.rf.5e84db7191e2b25b2f1167a5ab85c62f.jpg,1,0,0,0
kayo02181_jpg.rf.535b30f2159cbb4d5f048c1d82fc8d67.jpg,0,1,0,0
reyna02371_jpg.rf.b0c70532da2e2ee0bed06681198241e8.jpg,0,1,0,0
reyna01551_jpg.rf.879422b4c7ddf0d01d7d16496ffb60b6.jpg,0,1,0,0
reyna01231_jpg.rf.de913094a5230b53597a0e0badec2d75.jpg,1,0,0,0
reyna01611_jpg.rf.b7efb11443101496e50f79bb24098ab9.jpg,0,1,0,0
scena00781_jpg.rf.9c3ccbbd21a606f3eb3b3784647233d1.jpg,0,0,0,1
astrateammate00221_jpg.rf.94cae1c6aa324081afb0ba86eaa9a42d.jpg,0,1,0,0
scena01051_jpg.rf.b873e50795094993ad8c06ee7a386039.jpg,0,0,0,1
scena00771_jpg.rf.2bf25ffc6e79146be6dbbdc7097f25f5.jpg,0,0,0,1
ennemy201851_jpg.rf.80c863569dd9fb631ddf1bcb1e10d02f.jpg,1,0,0,0
killjoy02131_jpg.rf.ba084e2c298f68937db347617277874f.jpg,0,1,0,0
brimenemy00861_jpg.rf.2512cfd02c32e394734dbde44a439d2e.jpg,1,0,0,0
cypher02191_jpg.rf.406299f4dc2dd87d3dfe998f0b9cc67b.jpg,0,1,0,0
astraenemy00801_jpg.rf.40a2c8b273eb82560f108e3ec5471848.jpg,1,0,0,0
reyna00861_jpg.rf.8f0b5c4b86611a5ffa1279431753ce63.jpg,1,0,0,0
astraenemy00191_jpg.rf.eed2b4a58243a3d14764b611d70f8437.jpg,1,0,0,0
ennemy201221_jpg.rf.9668bbb0956d7752c40207f7691c4149.jpg,1,0,0,0
reyna02401_jpg.rf.1a83f4b33841aefbf47156d313475037.jpg,0,1,0,0
cypher01551_jpg.rf.e47143423ddb8cd65c58d4da115714a2.jpg,0,1,0,0
ennemy201241_jpg.rf.9c244678fdb7898add4625751d07b628.jpg,1,0,0,0
killjoy00651_jpg.rf.bf5ac3916ee879e5770280da44aa652f.jpg,1,0,0,0
cypher01491_jpg.rf.7abe485091030f436321bcc21b1ce245.jpg,0,1,0,0
scena00501_jpg.rf.802fae2035359ed3eede586cec31e99f.jpg,0,0,0,1
reyna01941_jpg.rf.03220dee503857f0d2b15b3320bd7c87.jpg,0,1,0,0
brimenemy00891_jpg.rf.e55e370893bc02f332d3b7fea15d8ffd.jpg,1,0,0,0
killjoy01741_jpg.rf.202fe6201d59ae13afdcc95c61a95fce.jpg,0,1,0,0
killjoy00901_jpg.rf.3422af6688e4cba7e33191405fe230fd.jpg,1,0,0,0
killjoy01571_jpg.rf.53053504c4557d13b2616f4d99de9bb4.jpg,0,1,0,0
kayo01141_jpg.rf.f4477ed34c0144b75524caec19495fc4.jpg,1,0,0,0
cypher01561_jpg.rf.2f51c514c87afb60cb1ec1862de98823.jpg,0,1,0,0
raze01581_jpg.rf.4a5ee9b823a46b52952e9041025ecbf2.jpg,0,1,0,0
Jett01711_jpg.rf.6709a5e7383d3f345325eedccd19533e.jpg,0,1,0,0
cypher01831_jpg.rf.3d23a30f1c9e68d40f609cfbdb9023a4.jpg,0,1,0,0
killjoy01061_jpg.rf.407f4f348d70fcb28bbb0a953978d3e0.jpg,1,0,0,0
brimenemy00951_jpg.rf.d1ab3b9e3b47dffb36c40ddbc8a634dd.jpg,1,0,0,0
Jett01741_jpg.rf.f6f17869122667e7b4b9efe5de205fe9.jpg,0,1,0,0
raze01691_jpg.rf.0bc8b40aa5b49c85cfc7425a61d64ece.jpg,0,1,0,0
ennemy200041_jpg.rf.134b5fe59b21e6bead947b29fdaa55a6.jpg,1,0,0,0
ennemy00911_jpg.rf.1d2da35b7745df22cae50272cae4724d.jpg,1,0,0,0
dm13436_jpg.rf.a1ac90147ffcddf2949d9cec2a187098.jpg,1,0,0,0
dm13446_jpg.rf.4169327b895903904eb8adcb399d3b64.jpg,1,0,0,0
fade01361_jpg.rf.e0e1f4eac71561d1aadcd4fc5f3c3eb9.jpg,1,0,0,0
Breachenemy00081_jpg.rf.ddef3bc93f152689538a2f760efbcf3a.jpg,1,0,0,0
chamberteammate00641_jpg.rf.8bc50b487240d0becef35c86ca099159.jpg,0,1,0,0
ennemy00901_jpg.rf.a8f04aafc740156d8c830da0b885accf.jpg,1,0,0,0
sage00041_jpg.rf.424dc7346c5205c3932bbf2aeaa693f1.jpg,1,0,0,0
killjoy01421_jpg.rf.b939c28a395555a13052612d7adeeb51.jpg,1,0,0,0
astraenemy00781_jpg.rf.7f7566b206d09fa13c0940c7d41fba9f.jpg,1,0,0,0
reyna02251_jpg.rf.8ad10f80b80c16a35116a0337848086e.jpg,0,1,0,0
cypher01911_jpg.rf.f40adb90841f3ffddc2b398fb8c10bd9.jpg,0,1,0,0
Jett01881_jpg.rf.d18d6e1b0f36d39045fffa808d3cfea2.jpg,0,1,0,0
raze01601_jpg.rf.0c3c78438779217729dc7d1e9d030860.jpg,0,1,0,0
killjoy00681_jpg.rf.004f45c5e4356ef6a8e0449fe936ee49.jpg,1,0,0,0
kayo00871_jpg.rf.0fde597ad6e8a5851596d50a51f1545e.jpg,1,0,0,0
ennemy200771_jpg.rf.34fd0d1736b1cf67785086da28d2c5c5.jpg,1,0,0,0
astrateammate00191_jpg.rf.35761fd326650f6437da5502d0706fe2.jpg,0,1,0,0
raze01681_jpg.rf.4a617a1db95dcf3a16ff3f85d4aaf001.jpg,0,1,0,0
sage02001_jpg.rf.f365be069da8d6334972947923f27ff7.jpg,0,1,0,0
raze01591_jpg.rf.3341c98ce59777100e294226a8c70652.jpg,0,1,0,0
astraenemy00091_jpg.rf.57beae656c9a787ca4e1bd1d4cc0012f.jpg,1,0,0,0
raze01651_jpg.rf.32f251267f53f48cea340a7e9e3aba1f.jpg,0,1,0,0
sage00181_jpg.rf.dbdf15921d5d2de57f2db31c99a28d98.jpg,1,0,0,0
brimenemy00001_jpg.rf.5cf8d61d8ffc1693ee1c24bf05b29f3b.jpg,1,0,0,0
astraenemy00121_jpg.rf.e29bb5b6afaa43a288a4c5f075c7f168.jpg,1,0,0,0
astrateammate00211_jpg.rf.178c00cc3e862948320098dc3509f35b.jpg,0,1,0,0
sage02021_jpg.rf.97d3983cb98d1672539b0f21204dc0f6.jpg,0,1,0,0
reyna01951_jpg.rf.fb323094b84aa981b59db410d0752e8e.jpg,0,1,0,0
reyna01671_jpg.rf.2fc92e2a812e9e09de186821048f33b8.jpg,0,1,0,0
cypher01591_jpg.rf.01c9795906f033ca72156f0c691b888a.jpg,0,1,0,0
dm13456_jpg.rf.ca474c3b9cb12a595526cb26cb99f683.jpg,1,0,0,0
sage00131_jpg.rf.fc4858e4c38250429a6456353f1f5d4b.jpg,1,0,0,0
ennemy201771_jpg.rf.9f07633a0669a0bac287b100fab42823.jpg,1,0,0,0
killjoy01711_jpg.rf.a5a1c8bb6f367107d12525be024c08d7.jpg,0,1,0,0
astrateammate00251_jpg.rf.4dff40de18a56aa49a420babbe00080e.jpg,0,1,0,0
kayo01071_jpg.rf.529b7c7e327af2ceb703490daa553d7d.jpg,1,0,0,0
ennemy201261_jpg.rf.f9a303ff58003af85e5d9d984f1ef011.jpg,1,0,0,0
reyna02041_jpg.rf.6d332373a5bb5c0c9fac3428eba0207c.jpg,0,1,0,0
chamberteammate00731_jpg.rf.97edbb9cf4abb4724036f927261bf585.jpg,0,1,0,0
Jett01721_jpg.rf.e9339969da6ccf0847eaa91626789e5c.jpg,0,1,0,0
raze00851_jpg.rf.01620cba68d475f42be475bb10908741.jpg,1,0,0,0
astrateammate00281_jpg.rf.2a4fbe43d84940b365d5983a4307f27d.jpg,0,1,0,0
kayo02121_jpg.rf.3f5ae699d4a799ca4ccc691eb1e9c59e.jpg,0,1,0,0
killjoy00641_jpg.rf.56ec6e54c094ec85027c90b57c9334c3.jpg,1,0,0,0
raze00921_jpg.rf.6f9e35e355da8aa0e091c72c75826ea4.jpg,1,0,0,0
cypher01581_jpg.rf.ca9d8ff4820d53115a5f27318731f97b.jpg,0,1,0,0
killjoy00091_jpg.rf.661d28b31ff1e4f2ac31f431dfecb4b6.jpg,1,0,0,0
ennemy201281_jpg.rf.aaa9826c82485ba0954826097b9c70ed.jpg,1,0,0,0
sova00851_jpg.rf.61c774df7eb23a2061103c12c8f4898d.jpg,1,0,0,0
kayo01271_jpg.rf.72e33b82b1e1702f640577ccd5f9b2d5.jpg,0,1,0,0
reyna01601_jpg.rf.d814457bdbf2835be2867a381c5d99dd.jpg,0,1,0,0
Jett01731_jpg.rf.f1a467335252566beb4369d0ec780d05.jpg,0,1,0,0
reyna02121_jpg.rf.f7abac43e158097b721e6bf3d449215b.jpg,0,1,0,0
astraenemy00221_jpg.rf.11a239425611ac858f9d7c35b25a90a9.jpg,1,0,0,0
raze02521_jpg.rf.4407c199cb4f27441177684c3001d248.jpg,0,1,0,0
scena00901_jpg.rf.5564b5aa45cca66bfb7372aeabee4f47.jpg,0,0,0,1
sage01901_jpg.rf.788332182856aa63ff59f5c6f5e5528e.jpg,0,1,0,0
scena00921_jpg.rf.88e3d682a4fab9a8ccf668894d8aeff7.jpg,0,0,0,1
raze01631_jpg.rf.95ebf61f1fdcc5071343fc3d2a229eae.jpg,0,1,0,0
killjoy00101_jpg.rf.bbad84f48cc732b2c049213f48aff164.jpg,1,0,0,0
reyna00821_jpg.rf.e9e775f58d0fd7115d5e108f5af85b5c.jpg,1,0,0,0
killjoy00841_jpg.rf.8934b0aad8c255a13f48e6f704a91057.jpg,1,0,0,0
kayo01161_jpg.rf.f1560b3b3665a50b239dfcbb26c21ff6.jpg,1,0,0,0
Jett01921_jpg.rf.e0d5005670bd049de5b53e3081186b71.jpg,0,1,0,0
cypher01941_jpg.rf.21e96134f11ef51aa9dbb5d4f0105aae.jpg,0,1,0,0
reyna01471_jpg.rf.455e5c96e1348b99bab6774a137a7a29.jpg,0,1,0,0
ennemy200841_jpg.rf.f4dd347be0fd29d32b47d47283502928.jpg,1,0,0,0
sova00581_jpg.rf.5c1904f4858eac6ac5bc2f8fa7425ada.jpg,1,0,0,0
cypher01471_jpg.rf.19dda815e4c7bfe8051b985a53062181.jpg,0,1,0,0
kayo02201_jpg.rf.2a829a4c2c40c56333c4d86759426260.jpg,0,1,0,0
raze01701_jpg.rf.5a6db1bb9fa7895c563d11d91f1c1c43.jpg,0,1,0,0
chamberteammate00741_jpg.rf.a04eead6724f8b735a8bd040010e1148.jpg,0,1,0,0
Breachteammate01081_jpg.rf.ec34a3fdbb1178aab254d3c56268bcb9.jpg,0,1,0,0
raze02561_jpg.rf.63f074405b15eed0497c1a5fa4d6fba7.jpg,0,1,0,0
sage00111_jpg.rf.72c7c10f302833f0a1bbea56602bc443.jpg,1,0,0,0
raze01091_jpg.rf.7843bdc686ff2338925cd03e404071c1.jpg,1,0,0,0
astraenemy00261_jpg.rf.87a85713dae72527df820d1f052f4115.jpg,1,0,0,0
cypher00371_jpg.rf.ac02273282e2ba1d664df838e56f8641.jpg,1,0,0,0
kayo01171_jpg.rf.31107e35a840b60237d26908912cb66c.jpg,1,0,0,0
killjoy00611_jpg.rf.3b3faa484ba46eb0b9e11b316ec694fd.jpg,1,0,0,0
killjoy01661_jpg.rf.09559af97dd8346073ad0deb7ea292cd.jpg,0,1,0,0
Jett01941_jpg.rf.f6fe7385c4fad7fb7e031c0bfdfab9ee.jpg,0,1,0,0
reyna00361_jpg.rf.0c212d9ffad0df9da1cd4b6ee030fdd8.jpg,1,0,0,0
cypher01841_jpg.rf.fdb0acbe7e26aeaef031c0bd70ca62f7.jpg,0,1,0,0
ennemy01621_jpg.rf.153f241e5a5d69455e005ef4a6a0e9c7.jpg,1,0,0,0
astraenemy00131_jpg.rf.87c938da5241e210a45be732114280c0.jpg,1,0,0,0
killjoy00411_jpg.rf.bbb8b9a4e50678477ad08c188ff71423.jpg,1,0,0,0
brimenemy00811_jpg.rf.250d71973042826025a2a526387b8152.jpg,1,0,0,0
Jett00161_jpg.rf.d50db8bd9b388ad5b7c17238d15927ae.jpg,1,0,0,0
dm13451_jpg.rf.01be277474b1f20b95e5c7f848043fe7.jpg,1,0,0,0
scena00871_jpg.rf.0b2b0aa56555ccc2bb9e11d605bf187d.jpg,0,0,0,1
reyna01411_jpg.rf.4e83a2be8249eb60488afa16881f3ebd.jpg,0,1,0,0
kayo00641_jpg.rf.8deede1a06df6972a31d37555e926442.jpg,1,0,0,0
kayo00821_jpg.rf.dcfc635a56a53640c19f1e3bd82e6059.jpg,1,0,0,0
scena01031_jpg.rf.2bcfff54fac5d893023d98ee7feee5b1.jpg,0,0,0,1
sage02031_jpg.rf.565a62e675e01da995312a93fbcec790.jpg,0,1,0,0
ennemy200061_jpg.rf.65e2dc6645134e44a0dfb3e63d0b9eb9.jpg,1,0,0,0
ennemy01441_jpg.rf.f408d6b7d010d739c4e792a747573245.jpg,1,0,0,0
astraenemy00181_jpg.rf.db640bf0ac0c194b09d956a93706ebb5.jpg,1,0,0,0
ennemy201111_jpg.rf.34491fb31659ab3aff40245f349d173b.jpg,1,0,0,0
brimteammate00011_jpg.rf.2687823c0352948c910b5393719c98ab.jpg,0,1,0,0
reyna02181_jpg.rf.824adde6a350401502c08d2edfd1056a.jpg,0,1,0,0
killjoy01781_jpg.rf.3e5c010d913bc6342ebc5250b18b6e97.jpg,0,1,0,0
raze02441_jpg.rf.d9a0ec439fa768b63c234ad6933f2c1b.jpg,0,1,0,0
killjoy01771_jpg.rf.e4c70d0bdc8565c3cf00981966490ddf.jpg,0,1,0,0
Breachteammate01041_jpg.rf.e957ab42bf98f05627be4680e8c1c65b.jpg,0,1,0,0
kayo00701_jpg.rf.4a92dad8541adbdcd6d735df2d7fcef2.jpg,1,0,0,0
raze02571_jpg.rf.983bb00be4a3445ef44d871d42036050.jpg,0,1,0,0
Breachteammate01011_jpg.rf.c87385e591612a2713b709f67101e4ab.jpg,0,1,0,0
ennemy00861_jpg.rf.3fdfe53c24a51230ba0ca07b078f590e.jpg,1,0,0,0
killjoy00671_jpg.rf.51bcb97130b7b5703dcac5a42b44a518.jpg,1,0,0,0
ennemy201961_jpg.rf.862f230d0569691d599ca973bea702d3.jpg,1,0,0,0
astrateammate00271_jpg.rf.59ecbe84f0fcc872344d44ff1b4079c2.jpg,0,1,0,0
cypher01801_jpg.rf.a2414c59242408c504737898f96cc5c0.jpg,0,1,0,0
killjoy00021_jpg.rf.853c78a2a7f99a78312d688f5103c2ee.jpg,1,0,0,0
killjoy01141_jpg.rf.abe204c928871a0738b56c2537935ae7.jpg,1,0,0,0
Jett00181_jpg.rf.46ebc5121a606df6740ec5ac44bc8360.jpg,1,0,0,0
killjoy01751_jpg.rf.87d6b0f3bac52015932be2a004fc1d25.jpg,0,1,0,0
Breachteammate01091_jpg.rf.48cf56400b6a0e06b4b59eba65b0016e.jpg,0,1,0,0
sage01951_jpg.rf.91213d6934c0d7dc3cd082b3892901e0.jpg,0,1,0,0
ennemy01421_jpg.rf.4ea9ef27886f0c19cdbde3525843e295.jpg,1,0,0,0
killjoy00031_jpg.rf.cbb1e323b861179290e1d688f2603416.jpg,1,0,0,0
kayo02071_jpg.rf.6a04e89146ac1eca92282685fc150710.jpg,0,1,0,0
reyna00921_jpg.rf.2fa31b53562189ffd8b24150ea441294.jpg,1,0,0,0
reyna00351_jpg.rf.97c46a810140bd64a6ec57541b29e0ce.jpg,1,0,0,0
kayo01261_jpg.rf.2e78f5602129924ab1f81eddcdd6ac7e.jpg,0,1,0,0
dm13591_jpg.rf.9d11affa3336d99c397491e4f8bd4f8e.jpg,1,0,0,0
astraenemy00281_jpg.rf.0dc9a3ca8f93bdc54be438ed1cf60ae6.jpg,1,0,0,0
cypher00391_jpg.rf.a5fc74a4a20f227181b5e169f0cd9446.jpg,1,0,0,0
Breachenemy00041_jpg.rf.b995937147c6b554998aa9c3eec28b33.jpg,1,0,0,0
cypher01611_jpg.rf.155ade0ad72dca3cc7f75f9206d31804.jpg,0,1,0,0
reyna00811_jpg.rf.a10b1bc3f3643c4e4ba805d1b5bf9282.jpg,1,0,0,0
killjoy00501_jpg.rf.427374135ba48228206ca262a7af88be.jpg,1,0,0,0
killjoy01681_jpg.rf.1c525020794765b865a22d3744841b3e.jpg,0,1,0,0
cypher00331_jpg.rf.4bc7a8b0a9436fa02e1e7c95acdf1228.jpg,1,0,0,0
kayo02131_jpg.rf.56ecd612e704104f5995b4a427964430.jpg,0,1,0,0
sage01911_jpg.rf.e8a4a554a5cc57e42db947a75c383e07.jpg,0,1,0,0
brimenemy00941_jpg.rf.02edcd9f30b86b5371d78ba332b3c79d.jpg,1,0,0,0
fade01121_jpg.rf.3d21c0908ac327f1ab7e0c60aeea9cb5.jpg,1,0,0,0
fade01411_jpg.rf.a12b76c16902a1868a9c8f74a2d45039.jpg,0,1,0,0
brimenemy00991_jpg.rf.872ef8d6a08fad551c34b5ed3d9f8040.jpg,1,0,0,0
ennemy201991_jpg.rf.330003cb904327bb8d1022a585d9c00a.jpg,1,0,0,0
fade02211_jpg.rf.4498b9d60acfce6499188d7ec54034b9.jpg,0,1,0,0
sova00921_jpg.rf.b7a05ce1c85b565ba6654e1a148a59b6.jpg,1,0,0,0
dm13471_jpg.rf.c7dd7fa1a009e990233a03cbd288a761.jpg,1,0,0,0
chamberteammate00621_jpg.rf.6dcb8d174953254254b8d414e731451b.jpg,0,1,0,0
dm13601_jpg.rf.4e27ce76705e8d9f19f74b72d2365232.jpg,1,0,0,0
cypher01951_jpg.rf.6505660a38e58d7160e21ff7e517492e.jpg,0,1,0,0
Jett00121_jpg.rf.20134ad83747681e208e0341a87e139e.jpg,1,0,0,0
fade01431_jpg.rf.ce5c09940ab21580b228e4584ea68c44.jpg,0,1,0,0
killjoy01181_jpg.rf.5b677ba9632e26d18bc6d68604c4d69b.jpg,1,0,0,0
reyna01681_jpg.rf.2875f6bef9b5baed6debae1fa5905743.jpg,0,1,0,0
cypher01651_jpg.rf.81eb1ac3c7206aacfa0d94136cf245bb.jpg,0,1,0,0
Breachenemy00101_jpg.rf.9a61517e1267473fa599189a7f2db4e4.jpg,1,0,0,0
kayo02091_jpg.rf.051b736daf1ad32cbb0f0a05f856d87b.jpg,0,1,0,0
Jett01761_jpg.rf.12c2024adb04550c88c506958e0a3598.jpg,0,1,0,0
kayo01881_jpg.rf.7633329e09131ac77eb6de13fb7711e2.jpg,0,1,0,0
brimteammate00001_jpg.rf.bae3678fe9c9150b69b3e31f0077b2b4.jpg,0,1,0,0
reyna00531_jpg.rf.a0360252f056da88c0e59c2d9620c535.jpg,1,0,0,0
raze01671_jpg.rf.444a8130f89f74dbc75d7681f2f07799.jpg,0,1,0,0
astraenemy00271_jpg.rf.6b84889d0b3bed5e6215199f2b1ed332.jpg,1,0,0,0
reyna00391_jpg.rf.1b1ff711b4558a64f26e1cc3973d9551.jpg,1,0,0,0
cypher01971_jpg.rf.5e248681881c2fd97d8e9ac49f225308.jpg,0,1,0,0
reyna02101_jpg.rf.e53905e9f1c30e6542036b1828fce3f6.jpg,0,1,0,0
Jett02321_jpg.rf.c7f321e54849e145f190a5c63657b620.jpg,0,1,0,0
sage01941_jpg.rf.73db6dddf5aedf7cac842a18de13d950.jpg,0,1,0,0
kayo00801_jpg.rf.6a2bef71ef13c27fa82b12fe566d1e7b.jpg,1,0,0,0
reyna02281_jpg.rf.56440a6acab3ebdceabae812823d7188.jpg,0,1,0,0
fade00581_jpg.rf.c62ee4aa5594a4a5755b2360c0381dd5.jpg,1,0,0,0
Jett00141_jpg.rf.f270a84fdb29b0f844adb19176fd003c.jpg,1,0,0,0
kayo01331_jpg.rf.d14cb2eee4f505e008b8a5bdcd16a0fd.jpg,0,1,0,0
kayo01551_jpg.rf.7ab51222bdc0c3896c9aaa58a497eae2.jpg,0,1,0,0
Breachteammate00971_jpg.rf.7b78293a092a31bb94b77acee5f04f29.jpg,0,1,0,0
kayo01181_jpg.rf.6305eb2b2b3e4719cadb9591cb1fda2b.jpg,1,0,0,0
dm13466_jpg.rf.9f970e6fee508a1e6712013ea6c075b2.jpg,1,0,0,0
Jett01751_jpg.rf.9704b98601e8c21bc4b453d93d16432a.jpg,0,1,0,0
ennemy00871_jpg.rf.7fe44f0b82c1b2adf3a6148b59cffb12.jpg,1,0,0,0
scena00601_jpg.rf.a7970613e00540a1bf37c9870f641f59.jpg,0,0,0,1
sova00571_jpg.rf.67a183d77719086ba68bab31f38f1a7c.jpg,1,0,0,0
reyna00931_jpg.rf.9fe6da0ae20c7fd9db21550ad1ede311.jpg,1,0,0,0
killjoy01801_jpg.rf.100e909d8475bd3122062634e61a7a6e.jpg,0,1,0,0
kayo01291_jpg.rf.9f16785469492ea2761580159a0e1ce1.jpg,0,1,0,0
killjoy01731_jpg.rf.a651a018ea8af7f43a9233388c7d3f53.jpg,0,1,0,0
kayo01751_jpg.rf.a9a0e063b4618d1a39bd219e3bee10c7.jpg,0,1,0,0
fade01441_jpg.rf.f8734f05e24343004314dd9f92538df3.jpg,0,1,0,0
killjoy00141_jpg.rf.bbd329157d3a3566002787820607a69e.jpg,1,0,0,0
ennemy00941_jpg.rf.9f9976637ab52a9da01c6a3122495713.jpg,1,0,0,0
ennemy200011_jpg.rf.e868b868f78e510a0e2c7083e0d1cc5e.jpg,1,0,0,0
scena00651_jpg.rf.fafd86ec136bf639abedb0f1ea947ec0.jpg,0,0,0,1
plantedspike02351_jpg.rf.dd6797a9613b9eaa788b30f2220aaaa4.jpg,0,0,1,0
raze00461_jpg.rf.0f1e3614e740eb7d277beb1fee6f785d.jpg,1,0,0,0
raze00451_jpg.rf.c33e18f3b0f6c35e604fa03b6aab55d2.jpg,1,0,0,0
reyna01251_jpg.rf.24fe5b015c0b34be1ae5c6aec04ef7a0.jpg,1,0,0,0
reyna02021_jpg.rf.0d9f43174863943d6771ce2029f5079c.jpg,0,1,0,0
reyna00401_jpg.rf.26c75647c427986d769f3bbf0306d7eb.jpg,1,0,0,0
ennemy00701_jpg.rf.a90a2bfa61104c05495836231f3f4c63.jpg,1,0,0,0
scena01091_jpg.rf.3e4ffb20ec1e30cfe4a1ab58281b4c7a.jpg,0,0,0,1
enemy200301_jpg.rf.045cf433ce855a577217ac1005f6f9ca.jpg,1,0,0,0
astrateammate00661_jpg.rf.08894c916f93946294f873ddb89ba655.jpg,0,1,0,0
brimteammate00031_jpg.rf.815ceae0f3c26ea0bdaa55795e66080d.jpg,0,1,0,0
kayo01191_jpg.rf.43f78aa9c116abd5a14004e2d6541f7b.jpg,0,1,0,0
ennemy200021_jpg.rf.8766b94d855c439d78411ba793c6a78b.jpg,1,0,0,0
reyna00431_jpg.rf.d3780483ab0d0bf1a6a3af62733a3734.jpg,1,0,0,0
sova00521_jpg.rf.e7109b3de0e0894350b69b17a2eb2a8e.jpg,1,0,0,0
cypher01881_jpg.rf.56d285d6c0806593657afb45d1bb925b.jpg,0,1,0,0
astraenemy00291_jpg.rf.1be74ec1a117ce1ad8cac89335024a17.jpg,1,0,0,0
kayo01711_jpg.rf.37ab87ad70e2286de0f9319bdb08ed67.jpg,0,1,0,0
scena00591_jpg.rf.cab3f10993843b03f84381f08a0e3999.jpg,0,0,0,1
scena00571_jpg.rf.53dc889272926b0c72d1b90e07936187.jpg,0,0,0,1
kayo01321_jpg.rf.7cf2956e81b47bba181f03776d35b0da.jpg,0,1,0,0
ennemy200001_jpg.rf.9be04597753a8a785fcb10799a6f3ab4.jpg,1,0,0,0
skye02781_jpg.rf.b81ca4b5d7aa68f88800492d8ef2cbfb.jpg,0,1,0,0
ennemy201251_jpg.rf.ba5965baf582f5a935597b0a20e67d05.jpg,1,0,0,0
Breachteammate01001_jpg.rf.d1d4eeab0afb665755c7b6245b49530a.jpg,0,1,0,0
Jett01931_jpg.rf.5892d818761b89c56d62cd6e8e3171e1.jpg,0,1,0,0
kayo01201_jpg.rf.ad30a1536732a3d1e575cddb332283cb.jpg,0,1,0,0
Jett01691_jpg.rf.eeded48188f6013fb57f5a8474f86f2d.jpg,0,1,0,0
killjoy00571_jpg.rf.4b38ff53f73e41bf6b39e7df031d6f59.jpg,1,0,0,0
ennemy01021_jpg.rf.17f14578d472c362c1876a8d4c7efba2.jpg,1,0,0,0
kayo01411_jpg.rf.988a1e283ed12a9d81a0c668a73d82d4.jpg,0,1,0,0
chamberteammate00751_jpg.rf.6f4744f82a23a189b3d5d2d7d186b279.jpg,0,1,0,0
Jett00171_jpg.rf.bbc6f1cf8a08f855af473c2f7e615fd9.jpg,1,0,0,0
killjoy01131_jpg.rf.f6c7c12b886da95af85a3c86b2ec8f88.jpg,1,0,0,0
skye02821_jpg.rf.fb0e299e31d05b59515146c6be0853b7.jpg,0,1,0,0
ennemy200031_jpg.rf.6fef579ec111c8972abb0d5981f52f8a.jpg,1,0,0,0
fade00001_jpg.rf.7271f6cca8baf06e2b7bda79c08abf16.jpg,1,0,0,0
kayo00811_jpg.rf.a8367068d2922b7cf6d5f863a50b89be.jpg,1,0,0,0
ennemy201691_jpg.rf.b7a279382330b1897a6f758d00d2380c.jpg,1,0,0,0
ennemy201781_jpg.rf.c10ac49784bcb736c2b9d30258b3d342.jpg,1,0,0,0
ennemy201001_jpg.rf.fb2d5326ba4c3906f1f50d9d1e2b1995.jpg,1,0,0,0
kayo00751_jpg.rf.fcb30b4d8c46fb3b2313819dcb2251a2.jpg,1,0,0,0
kayo01841_jpg.rf.17981dcb3ea8dc6a1060c0a9d88450a3.jpg,0,1,0,0
brimteammate00051_jpg.rf.4170c52bbe4a4afe62ad44e97140bf7a.jpg,0,1,0,0
reyna00341_jpg.rf.4b9e01f00472b727e5525ff6daf82be3.jpg,1,0,0,0
chamberteammate00761_jpg.rf.5a843426fd8b6fe8c074c8e322dd194e.jpg,0,1,0,0
cypher01961_jpg.rf.b7d993c69273b0214b5b94b6688cc64e.jpg,0,1,0,0
killjoy00231_jpg.rf.9b292366d95c286ca39a943a2d1d7899.jpg,1,0,0,0
ennemy200791_jpg.rf.4f53331ce09e046c5c12f7d46988ce01.jpg,1,0,0,0
kayo01441_jpg.rf.24bfa193efe56b6743b8520ef0e4959a.jpg,0,1,0,0
sage01961_jpg.rf.32826450309d993bd02d8e92f754953c.jpg,0,1,0,0
fade00601_jpg.rf.47cf3c758eaab80ed48fa78b04b32afc.jpg,1,0,0,0
ennemy00921_jpg.rf.dca3543f032aa7e537efee3c04f8de50.jpg,1,0,0,0
astrateammate00701_jpg.rf.8c9d5ad7985908aeeb1416acdd48bcfb.jpg,0,1,0,0
cypher00901_jpg.rf.87bdde09929790ab90588c02ad8be868.jpg,1,0,0,0
ennemy201821_jpg.rf.8d8b7dc2047ccee5b7560074a1f54908.jpg,1,0,0,0
killjoy00151_jpg.rf.d2ecd59449a8671110e0010368fef132.jpg,1,0,0,0
kayo01821_jpg.rf.ce8cde3732f4bb79036c5d0a96602238.jpg,0,1,0,0
fade02371_jpg.rf.9762d520287353e6d333856fb5ac25af.jpg,0,1,0,0
astrateammate00671_jpg.rf.78a7b8b6743dc63f63b65ffe7f10c537.jpg,0,1,0,0
astrateammate00231_jpg.rf.4a06e148de469c52d7596d73706c7aca.jpg,0,1,0,0
teammmate3301131_jpg.rf.7931591c2ba0950a59d701e6c69c7bc8.jpg,0,1,0,0
enemy300571_jpg.rf.d09a80a1fb4cf4d475a1df4b4f40d597.jpg,1,0,0,0
kayo01451_jpg.rf.9e7e60c41777f6266abf13fd7eb369f7.jpg,0,1,0,0
defuser00251_jpg.rf.cd2a3e23e8c28c32107b59e37baa3ab6.jpg,1,0,1,0
raze00311_jpg.rf.f078ce35d2d822bc5c5aa1d94909a19f.jpg,1,0,0,0
ennemy201791_jpg.rf.1f6ec7e56e4b0803a2e16fa312dc706a.jpg,1,0,0,0
Breachteammate01051_jpg.rf.bd19f7c4eb578c3b489caa9028e024f0.jpg,0,1,0,0
Jett01791_jpg.rf.c611f78b6c6ffcc41345ee6d878f0fb8.jpg,0,1,0,0
brimenemy00971_jpg.rf.13b750ba2916eed4b7538e2d561a5d3e.jpg,1,0,0,0
brimteammate00041_jpg.rf.d3b2e8222e45084cf8ecce9cbc6b522d.jpg,0,1,0,0
reyna01981_jpg.rf.2924248344d2be60f81c2e82a7569762.jpg,0,1,0,0
chamberteammate01111_jpg.rf.b3600f7d299eb90bcc80a48b2553b86c.jpg,0,1,0,0
Jett00591_jpg.rf.5636a3dca344f81c916c85436732f56a.jpg,1,0,0,0
enemy02061_jpg.rf.f6f5001ff305629fc120accfc2c692ff.jpg,1,0,0,0
cypher00001_jpg.rf.f5bc4550f48ca6410773cc66a14bdf80.jpg,1,0,0,0
reyna00011_jpg.rf.d02b6afd32afff6bdfbe23593ca8305c.jpg,1,0,0,0
chamberteammate00791_jpg.rf.df3305481e711269027a05a715b73179.jpg,0,1,0,0
scena01121_jpg.rf.63a7869cf885c9a5d4bf1bff4b0e6fec.jpg,0,0,0,1
teammmate3301071_jpg.rf.4a8bd6d5a8795be42ceff991d85c1e02.jpg,0,1,0,0
fade00561_jpg.rf.820529cb74da4e8983ae6abb978e6eb6.jpg,1,0,0,0
Jett01651_jpg.rf.a93791bc0b5cc8ddeb6a32f7d966e141.jpg,0,1,0,0
reyna00001_jpg.rf.f37521bf280128f163d4e539492279df.jpg,1,0,0,0
ennemy200091_jpg.rf.23e0d9246b4ff17086b2e96f162c5282.jpg,1,0,0,0
Jett02361_jpg.rf.91a2d781a9bdc63763d7381a6ae6472c.jpg,0,1,0,0
brimenemy00581_jpg.rf.32f12cded90631de0c8612e17b07eb11.jpg,1,0,0,0
Jett02311_jpg.rf.42f0204c14e70f132841140ae8009143.jpg,0,1,0,0
killjoy00131_jpg.rf.a610f4d762da34df6ed5e75f0aca3875.jpg,1,0,0,0
ennemy01471_jpg.rf.44dd51afa03d117f36c4f8ffda30eee9.jpg,1,0,0,0
ennemy202111_jpg.rf.22e11c60196bf387ff2f5a2150500bad.jpg,1,0,0,0
fade00051_jpg.rf.7ef933bbc2701bceb08b1f10f764e104.jpg,1,0,0,0
ennemy201741_jpg.rf.f4a786e41ae86425f669bde47e8f27bb.jpg,1,0,0,0
raze01111_jpg.rf.0250c4f639668def7db170d191b20744.jpg,1,0,0,0
cypher00071_jpg.rf.0a2bac0513fce24449efa87657ac3c85.jpg,1,0,0,0
ennemy201881_jpg.rf.418281cb0dcb97ee4f30c153a19dbbbc.jpg,1,0,0,0
reyna00041_jpg.rf.3fd4db4041401d0c032f48ce5236a158.jpg,1,0,0,0
Jett01971_jpg.rf.21e63813a46af2b9e3c2764b2b6910cd.jpg,0,1,0,0
fade01771_jpg.rf.30bdc68e858754479db1844ecee2db0a.jpg,0,1,0,0
cypher00381_jpg.rf.7546bac7ccbe4f76e44e218c3914a1df.jpg,1,0,0,0
kayo02001_jpg.rf.8281da9df0180b37712baca60d39360b.jpg,0,1,0,0
reyna00271_jpg.rf.180766a42638cc0288a5a921369bacdd.jpg,1,0,0,0
defuser00181_jpg.rf.47b4c1c3311f00b784b98980b3ea1482.jpg,1,0,1,0
brimteammate00161_jpg.rf.0cd6f3ffa1992994adc1a21ff5626b6a.jpg,0,1,0,0
raze00661_jpg.rf.d7c2ed49a409aae88d5d32584d56f700.jpg,1,0,0,0
sova00391_jpg.rf.2901090b1e61bea016c335626e992ae9.jpg,1,0,0,0
ennemy202051_jpg.rf.d0e81b5addac7354d6eed24cf382768d.jpg,1,0,0,0
kayo00941_jpg.rf.34da7994270c78275a232d0493443c76.jpg,1,0,0,0
fade00591_jpg.rf.83df82c94a3a6db16b25f925d5357f76.jpg,1,0,0,0
fade00211_jpg.rf.8a6fd11e6a4cced7884c125a326f146f.jpg,1,0,0,0
cypher02331_jpg.rf.a09aa0df973f745777e590e78ebc696a.jpg,0,1,0,0
fade02791_jpg.rf.c9f2b01a398d025f116e4bcc66b84b27.jpg,0,1,0,0
Jett00601_jpg.rf.5329378af40693b4fb7ab48f8f97b3be.jpg,1,0,0,0
raze00581_jpg.rf.76cb7175d4e266288e2755e21626c567.jpg,1,0,0,0
astraenemy00431_jpg.rf.874752765dfb551250b8639fabf4022a.jpg,1,0,0,0
reyna02141_jpg.rf.04da166a861178a1fe12bb77652d3188.jpg,0,1,0,0
teammmate3301161_jpg.rf.8b700ccbe9113b88be59009a645b7a38.jpg,0,1,0,0
astraenemy00471_jpg.rf.e93f1e79ea204111df41f4e4fade841f.jpg,1,0,0,0
killjoy00281_jpg.rf.cd68f261d4a495a1bbf266cb48491b23.jpg,1,0,0,0
brimteammate00141_jpg.rf.a214e41973bed1f774834b03b94ccec5.jpg,0,1,0,0
raze00691_jpg.rf.9cef962228bcc59c5d4eee892bbd9cc6.jpg,1,0,0,0
brimteammate00501_jpg.rf.61197c91dede00631686b570837a96d1.jpg,0,1,0,0
Jett00871_jpg.rf.a0778520bd71e97170b0025b1465cd93.jpg,1,0,0,0
brimteammate00491_jpg.rf.adb8bdd634bf9b6a0ef5b4a2c1b95b48.jpg,0,1,0,0
Jett01521_jpg.rf.6ed7ba36ce098af3d987f7ad43d33430.jpg,0,1,0,0
cypher00021_jpg.rf.32d843776809060e9dc7bbe11e15a63a.jpg,1,0,0,0
sova00101_jpg.rf.bd8d2a5b459dd1ceee9a8772087f4bb0.jpg,1,0,0,0
raze00321_jpg.rf.faef2b83f5dc713de0828a009ec13fae.jpg,1,0,0,0
defuser00021_jpg.rf.93de492c4e4cd485bc74d5659475acae.jpg,0,0,1,0
raze00351_jpg.rf.c1e07cb01fc50b87d49ef86a5c2c2851.jpg,1,0,0,0
sova00421_jpg.rf.deb69b4171026245b561bda2042b215d.jpg,1,0,0,0
Jett01441_jpg.rf.119a5a429e63ecb4516cefbf5bd792d3.jpg,0,1,0,0
sage01561_jpg.rf.b90539b5d21785e6762fbcdd21437bc4.jpg,0,1,0,0
defuser00101_jpg.rf.247be92b8296d962e413bb732d59b96c.jpg,0,0,1,0
raze00071_jpg.rf.3649586d2ab6517fdacbfabbef18ce2f.jpg,1,0,0,0
fade00101_jpg.rf.6f17f82d38bd72658b47c35d753b99db.jpg,1,0,0,0
fade01271_jpg.rf.f88cbba606cff6aa49e6a3b9debb8f89.jpg,1,0,0,0
Jett00901_jpg.rf.4c6ee77558d5b8ce830d754ce6f80a67.jpg,1,0,0,0
fade02201_jpg.rf.c12e17608eb7a1e701f6ccb399e19a77.jpg,0,1,0,0
astraenemy00491_jpg.rf.c0b98f978a08c31a63387d8f29fccb3e.jpg,1,0,0,0
Jett01771_jpg.rf.1ee1e64c4994fd678054e6ed02a10340.jpg,0,1,0,0
chamberteammate00691_jpg.rf.638f9e9f6994689c813d6820256fdef6.jpg,0,1,0,0
ennemy01041_jpg.rf.e90d61717caa7282655b840b4ba156b4.jpg,1,0,0,0
brimteammate00131_jpg.rf.6d6adcbc926083330871492a29add5a9.jpg,0,1,0,0
Jett01581_jpg.rf.8c2d7b7701ad47890da277880eddd2be.jpg,0,1,0,0
kayo01561_jpg.rf.f1794763698a97bbf5e61f971a1a8f78.jpg,0,1,0,0
fade01101_jpg.rf.05f6e8c214ae6424e29fe5a318070443.jpg,1,0,0,0
reyna00141_jpg.rf.4bcd671dcc4f783d2b818dc99cfad4b8.jpg,1,0,0,0
fade00141_jpg.rf.f0fd7e2af66be585ba047343afce82de.jpg,1,0,0,0
cypher00521_jpg.rf.7491a4181cc711c124ecf250f5834c6f.jpg,1,0,0,0
fade00661_jpg.rf.94c32eed0bdfbff9b12a6c4413720bb6.jpg,1,0,0,0
ennemy201761_jpg.rf.c4103b1facc36b958466695dd526f53c.jpg,1,0,0,0
raze00651_jpg.rf.25bd5f30025fc5e383c2feeb367ac3bd.jpg,1,0,0,0
ennemy00821_jpg.rf.d9b174fbbf6bcdafa475e52965fe40d4.jpg,1,0,0,0
brimenemy00091_jpg.rf.a8035de3687acab2b30c77ee83928550.jpg,1,0,0,0
ennemy201931_jpg.rf.63a451689c213e092b5ef2af6aae21e9.jpg,1,0,0,0
astrateammate00631_jpg.rf.c5843885b3a3b15e3e64b78581cfea3b.jpg,0,1,0,0
ennemy201911_jpg.rf.308de6347a52fff189ba6603e6b16652.jpg,1,0,0,0
ennemy00751_jpg.rf.9e9f09e1a17af1e8cc1b724e4d7f5fcf.jpg,1,0,0,0
fade02771_jpg.rf.7dd50849d3844fafaba8534b49449175.jpg,0,1,0,0
brimenemy00681_jpg.rf.8b7cbd785d8cefdad7fedf2614fff130.jpg,1,0,0,0
sova00091_jpg.rf.b85751d56a0d3abf019ce445b58de9e6.jpg,1,0,0,0
sage02211_jpg.rf.c7a702648a5130dbfdaef6347527ced8.jpg,0,1,0,0
Jett00081_jpg.rf.ccdf499f4fe14794a050eb2b05ba865c.jpg,1,0,0,0
astrateammate00711_jpg.rf.b162af75dd49844a8dbf3239cdf7e271.jpg,0,1,0,0
raze00391_jpg.rf.075360403f9afd2070ea6e5bdc9f0cd7.jpg,1,0,0,0
fade00401_jpg.rf.7d28e0603333494a98dad146b1b6255f.jpg,1,0,0,0
sova00191_jpg.rf.290f5989b9073d78544d70504fa9fe00.jpg,1,0,0,0
kayo00851_jpg.rf.c301333a5be947b82f5433b0c736ac0c.jpg,1,0,0,0
kayo01771_jpg.rf.0433a753f137769987e35ef3f0413229.jpg,0,1,0,0
sova00431_jpg.rf.2a117cf7584bc5bd8291284f39690b48.jpg,1,0,0,0
ennemy201641_jpg.rf.09a7ad036f03ecb291e2dab7ab577d02.jpg,1,0,0,0
brimteammate00441_jpg.rf.2e784efe6de2ad4be875528daa7c6df7.jpg,0,1,0,0
ennemy00831_jpg.rf.70b58d472b2d763cd22db6e2052a6100.jpg,1,0,0,0
cypher00931_jpg.rf.8e630dd0d35ade2e00e5fd42e0cbc6d3.jpg,1,0,0,0
scena00081_jpg.rf.149a25985fa61b7049c9fa06e23d0419.jpg,0,0,0,1
reyna00021_jpg.rf.e121dacd1ed35745712004a12fd8d4f9.jpg,1,0,0,0
sova00461_jpg.rf.eaac80a498280d5ea7fac1f88c7e8ea2.jpg,1,0,0,0
teammmate3300861_jpg.rf.badc4fd7658e74bf217e0807026c3e1c.jpg,0,1,0,0
fade00221_jpg.rf.25f12ec83e4efa30d2a62b52654ab10d.jpg,1,0,0,0
reyna00251_jpg.rf.7f7640e1307a2a423ec25a277a6a2b92.jpg,1,0,0,0
astrateammate00301_jpg.rf.576c1cf9421557bd67f2db9e408db719.jpg,0,1,0,0
brimenemy00081_jpg.rf.aef83d406b4542d6a4dc49dd2c3cc690.jpg,1,0,0,0
kayo00921_jpg.rf.ec168873dd59258456f90dcc74bb92da.jpg,1,0,0,0
killjoy00271_jpg.rf.8812410bb971c2ef1fbcee1b7df4a3aa.jpg,1,0,0,0
fade02101_jpg.rf.f9da7a2a00be8e96557f2ef78fd28219.jpg,0,1,0,0
cypher00441_jpg.rf.eca110bd00e63129cbccaf867acbab15.jpg,1,0,0,0
fade01751_jpg.rf.ef2acfe5fe38b23301361e8b94eaec44.jpg,0,1,0,0
Jett01981_jpg.rf.64457f6794d26bde3c3c26bf0e284a3e.jpg,0,1,0,0
fade00831_jpg.rf.f260821260e14971fd75032a39e8c6c3.jpg,1,0,0,0
fade01201_jpg.rf.035caba9362bd63e04dab9959c77c7af.jpg,1,0,0,0
fade02271_jpg.rf.1fefc91db6eb01f142b94b76a42940d7.jpg,0,1,0,0
fade01831_jpg.rf.c678ea0e64d312af2942e3ed5077b295.jpg,0,1,0,0
fade00031_jpg.rf.e3871052ef4704a2f8226a0379249f35.jpg,1,0,0,0
ennemy00781_jpg.rf.e5c2fb2ce8cf2ba887b2883e719f1991.jpg,1,0,0,0
fade00641_jpg.rf.64ceeaa36b666377b7b37c827043f4d6.jpg,1,0,0,0
Jett00271_jpg.rf.064bdcefe7aed5a91f329397f56b3128.jpg,1,0,0,0
raze00001_jpg.rf.4e4888dcec8de6e9ace8f9a4f2377f0e.jpg,1,0,0,0
brimenemy00661_jpg.rf.c884a9b6d55e61d3e72e2bd5ca4b5e49.jpg,1,0,0,0
teammmate3300801_jpg.rf.9c128b7cbf38c5b5e56c62b0b8617805.jpg,0,1,0,0
skye02751_jpg.rf.7a262900c50c12ca4d01541a0c7682f6.jpg,0,1,0,0
fade00611_jpg.rf.8ab53e5114c1fe3993b758a11913f8f1.jpg,1,0,0,0
skye02491_jpg.rf.8b8bfe7e502d29a2dab2077f902dfd74.jpg,0,1,0,0
Jett01671_jpg.rf.badb8a5eb5a94cc3248cc481ca775958.jpg,0,1,0,0
teammmate3301151_jpg.rf.d926f03e0d639c9cefd92dc5ae936efc.jpg,0,1,0,0
fade00511_jpg.rf.6c2a4e464e2b3d64a1918245a6183296.jpg,1,0,0,0
ennemy201561_jpg.rf.e04c0bdac7555a564e0cd18127ba5ed8.jpg,1,0,0,0
fade00421_jpg.rf.e6c15f6ffc3d7830c9d878ac63e789b3.jpg,1,0,0,0
sage02551_jpg.rf.14aef6d672a738c4ebab4ae3d6a78df1.jpg,0,1,0,0
reyna00151_jpg.rf.4197bf51767dfeb3970cf0819921557d.jpg,1,0,0,0
raze00841_jpg.rf.f8ffa7b89c872654792811fe3261bb2a.jpg,1,0,0,0
cypher00481_jpg.rf.dc648de0408da6ca2f016016d806a6a2.jpg,1,0,0,0
teammmate3301141_jpg.rf.910dbd13ca5966b063a518e47cb35d09.jpg,0,1,0,0
skye02901_jpg.rf.c9562d01fa6ed5519fa877cbc05b9dd4.jpg,0,1,0,0
fade01811_jpg.rf.4c95a767a12f941c5894991b1a9e513d.jpg,0,1,0,0
sage02431_jpg.rf.96fdba542c3024885bc45578bb7bd5bb.jpg,0,1,0,0
teammmate3300811_jpg.rf.e7237a607a5df55d73661e624e98910b.jpg,0,1,0,0
fade00441_jpg.rf.e93d1d9b2de2036c3c88af1bf0179393.jpg,1,0,0,0
raze00061_jpg.rf.2e63ea148bcd890a403513c4c29e76f8.jpg,1,0,0,0
cypher00111_jpg.rf.877d3f596a7d766f5755b1a4c04db841.jpg,1,0,0,0
sova00161_jpg.rf.a2cab827e6847178bf334e4ae4169311.jpg,1,0,0,0
kayo00061_jpg.rf.bc24f614d3f0d51a3ae47fd59ed7458f.jpg,1,0,0,0
fade02841_jpg.rf.39129ec7ef2a0dbd783975f0e020976c.jpg,0,1,0,0
Jett01331_jpg.rf.40854156368e7c4472e8e898d227bc14.jpg,1,0,0,0
sova00351_jpg.rf.85faadd7d25eb585f40e4e76ffca32de.jpg,1,0,0,0
astrateammate00791_jpg.rf.ace24a3ac4bbee175f1c64637beedae2.jpg,0,1,0,0
astrateammate00751_jpg.rf.b831e23899513654314ec4e5ed15ef40.jpg,0,1,0,0
cypher01011_jpg.rf.abca31c7e297d9ee7a600cddcf0b3177.jpg,1,0,0,0
fade01711_jpg.rf.d2cce6bbdc5b38d61ecf90da89e3067b.jpg,0,1,0,0
reyna00211_jpg.rf.2b0497073e59e2f590f7c697cc6a39c7.jpg,1,0,0,0
teammmate3300781_jpg.rf.625bd6e0c5f90875794e129ab516cb32.jpg,0,1,0,0
Jett00291_jpg.rf.1d930dfc55b87b44a41cb4909b3e1d0a.jpg,1,0,0,0
brimenemy00701_jpg.rf.22b74469c70aeea1a1b495d51434cfcf.jpg,1,0,0,0
Jett02401_jpg.rf.c229066c3e3c8d321da3a47cd15ffa85.jpg,0,1,0,0
reyna00311_jpg.rf.c748d80ad2ba0a4a0fb389d53791528c.jpg,1,0,0,0
teammmate3300731_jpg.rf.f3a4ee5858cb9206bb9fd0fed42004d1.jpg,0,1,0,0
cypher00131_jpg.rf.ca918f62ea40c3e48a313a5b356e018f.jpg,1,0,0,0
sova00381_jpg.rf.252739a7fff2ce30eb2693c7acd82005.jpg,1,0,0,0
Jett01311_jpg.rf.4c9b64c592d493402e0a51a0dc5851c1.jpg,1,0,0,0
teammmate3300511_jpg.rf.ad9deedc97bd8b0fb22db98d2d7e9a8a.jpg,0,1,0,0
Jett00341_jpg.rf.1951e6d78f546aa9f30370d0847195eb.jpg,1,0,0,0
sova00121_jpg.rf.5c860bb3d0cc0a5ccd9f8d15369270c6.jpg,1,0,0,0
fade01841_jpg.rf.939eef93730f1eb24e79efc3598850c3.jpg,0,1,0,0
fade00281_jpg.rf.e5be0c1c9425b50bd413d8882c8a8cf9.jpg,1,0,0,0
Jett01501_jpg.rf.7c1eb2b76c59184c5596aa1a2796e005.jpg,0,1,0,0
ennemy201571_jpg.rf.fc9d225a76af66e8c0413115f876efe8.jpg,1,0,0,0
fade00131_jpg.rf.922151429774766b3e17fc00c0f8e1ab.jpg,1,0,0,0
teammmate3300831_jpg.rf.01368eca8dde674135c32d92f1238e1a.jpg,0,1,0,0
kayo00891_jpg.rf.34ea3c92e9063e381bea91ebb75ff8f0.jpg,1,0,0,0
Jett00311_jpg.rf.22c92a9cbf65d38be2b6a6d948ced621.jpg,1,0,0,0
raze00671_jpg.rf.7b897d21e62f51eaff9d8615fcf3bef7.jpg,1,0,0,0
defuser00121_jpg.rf.1f0ee64f1832debe80865925daa719ff.jpg,0,0,1,0
fade02151_jpg.rf.7f92a6eb3a0284d0e8c04d753741438f.jpg,0,1,0,0
astraenemy00561_jpg.rf.896147e63ed0e5f49dd475ec383b1846.jpg,1,0,0,0
skye02511_jpg.rf.245d0255fae8f8382f1ad24759e59fc6.jpg,0,1,0,0
raze00441_jpg.rf.c0cc91b2c0e6912a5c40dc832f1cb0dd.jpg,1,0,0,0
Jett01991_jpg.rf.07b09c2d8ca95d837047ade152b36968.jpg,0,1,0,0
Jett00611_jpg.rf.72fdcb4b0d810ba24367bd03a737cfda.jpg,1,0,0,0
Jett01461_jpg.rf.5f029139a5b223fece16d89ebccef004.jpg,0,1,0,0
astrateammate00401_jpg.rf.6f17a531098189146ed3c46e561064b1.jpg,0,1,0,0
teammmate3300771_jpg.rf.987c12dc0778769763818039641d0297.jpg,0,1,0,0
cypher00031_jpg.rf.00792a12442756ad3efda4464c633b85.jpg,1,0,0,0
Breachteammate00081_jpg.rf.17ce2fa74af11372642745d6bfe2397a.jpg,0,1,0,0
fade01291_jpg.rf.2c13bbccae9b40ef1f9cfed143a02880.jpg,1,0,0,0
fade00081_jpg.rf.3f3092df6bfb2dca9eb6fab2e828e994.jpg,1,0,0,0
sova00501_jpg.rf.920b4c5beff71a911076b7fb6022d0ee.jpg,1,0,0,0
fade00121_jpg.rf.ed04907735324999590a7f7538a31e18.jpg,1,0,0,0
ennemy201661_jpg.rf.66b1f218f80cc851ae5e6fc89c7afaaa.jpg,1,0,0,0
fade02171_jpg.rf.3460059de5401d7ff980ef5327c8dd60.jpg,0,1,0,0
sova00481_jpg.rf.3cab0cb6da13f97da56f7f1a0946f939.jpg,1,0,0,0
raze00711_jpg.rf.98ab25754091e7d400c6615daca59e37.jpg,1,0,0,0
fade02221_jpg.rf.be532d7b80ab0bf5954592af3a8b62ba.jpg,0,1,0,0
fade01701_jpg.rf.adf9b18e3ec0d9577523b17f7518cf6d.jpg,0,1,0,0
sage02491_jpg.rf.f02605350a0d3225d884ee4cb3c0331d.jpg,0,1,0,0
defuser00191_jpg.rf.acfb4897f7f7977d823d6a69a5a25f11.jpg,1,0,1,0
Jett01471_jpg.rf.923218c98f8c4a8371acdb433dd722fb.jpg,0,1,0,0
astraenemy00461_jpg.rf.4dcbbcd9bafc691bbc864728e1d0ea1b.jpg,1,0,0,0
cypher00121_jpg.rf.b8d8d2706417b10d24bc2842c983cc5f.jpg,1,0,0,0
Jett00001_jpg.rf.ee701194fe301c00de460b89dfcc4919.jpg,1,0,0,0
defuser00081_jpg.rf.107d555bafb3a53d6582a5a6a52306da.jpg,0,0,1,0
raze00421_jpg.rf.efc41d201865c16478a22b35985fb74f.jpg,1,0,0,0
fade01281_jpg.rf.fd42cc45fcbd5f92e82952d2277b69e4.jpg,1,0,0,0
skye02381_jpg.rf.7de1db2e1201cfee92565d1d3fdb22be.jpg,0,1,0,0
brimteammate00551_jpg.rf.bb34692c1ccecdf784ae114141a6a540.jpg,0,1,0,0
astrateammate00841_jpg.rf.8f08fbf66b9aff3231b28eab8df38fd8.jpg,0,1,0,0
sova00211_jpg.rf.9fe12695985ef5e7b8b3cefbb7486389.jpg,1,0,0,0
teammmate3301201_jpg.rf.62ababfe96517a3d9c9fc8b31b9693ee.jpg,0,1,0,0
Jett01361_jpg.rf.dfb1c7d7cd90c80f309ee7756a8985c0.jpg,0,1,0,0
sova00231_jpg.rf.3c2c3c8dad918015796f7a3b81aab441.jpg,1,0,0,0
ennemy00761_jpg.rf.efba15e11e183a90fa81be2a6dfd32b6.jpg,1,0,0,0
raze00681_jpg.rf.6c9a644ecbe7fc2077609e31dc6ac3e9.jpg,1,0,0,0
defuser00001_jpg.rf.12ad48fcb90bc0b5eb79361025f89ea3.jpg,0,0,1,0
fade00431_jpg.rf.e5c45f9c68bdbe21698c2229ca0987f5.jpg,1,0,0,0
sage02301_jpg.rf.a8b354e2df50e50099e877a95be6fd64.jpg,0,1,0,0
brimteammate00611_jpg.rf.862949aad6514b87cc9b43a749c25cbf.jpg,0,1,0,0
skye02391_jpg.rf.2c142490d791a80b4786d5b529b86a51.jpg,0,1,0,0
brimteammate00541_jpg.rf.a13bb4aac77ba8765784adbbb6a6188a.jpg,0,1,0,0
brimteammate00621_jpg.rf.aefe9b0710eaf7ba42fc0a7962c72aba.jpg,0,1,0,0
fade01901_jpg.rf.f6933e8e3ff20ab7e2f5c503e38e649c.jpg,0,1,0,0
fade01851_jpg.rf.21e4d1257dbc5b47809efa2125453007.jpg,0,1,0,0
brimteammate00511_jpg.rf.40ec853ce26156473cdb60f5592b9340.jpg,0,1,0,0
teammmate3300521_jpg.rf.9399dc323eb1eac09009754ffe1a5e0e.jpg,0,1,0,0
fade01761_jpg.rf.552754992948a992ffd5e0cf821481c3.jpg,0,1,0,0
fade02191_jpg.rf.33aab8bcfff153238ac50d45562cb00e.jpg,0,1,0,0
cypher01071_jpg.rf.a2fa53730e02dccb088b7d00402e29cd.jpg,1,0,0,0
fade01881_jpg.rf.e23cd8d093eff579635e555b2699bf03.jpg,0,1,0,0
astrateammate00321_jpg.rf.908331b8855b1233f0eef5eb394d8638.jpg,0,1,0,0
fade01491_jpg.rf.11c9ef3013e4968c47543ab7a9080c6c.jpg,0,1,0,0
defuser00091_jpg.rf.72771557b9bd4f31724c22789da3098f.jpg,0,0,1,0
ennemy201671_jpg.rf.2a42384f2163184c6cd03a2067c99d63.jpg,1,0,0,0
sova00221_jpg.rf.a950d31a673ae8a52892d42403a066ab.jpg,1,0,0,0
Breachteammate00041_jpg.rf.2823e1d3b0f7942ec74f1ecc1bdaf836.jpg,0,1,0,0
astraenemy00551_jpg.rf.1c5775056124975d1279424b118fcea3.jpg,1,0,0,0
Jett01121_jpg.rf.d7888e78fcc50377b47039863f4651d6.jpg,1,0,0,0
sova00181_jpg.rf.f77dc34ddd016e4ecd504ba2b9fa975a.jpg,1,0,0,0
fade00171_jpg.rf.05aea52b1f4bbb65f8b9fed21b4fbde2.jpg,1,0,0,0
kayo01671_jpg.rf.1286d4ad1bc6a1b8491dadae9eb282d5.jpg,0,1,0,0
sova00201_jpg.rf.17c816cff23f86b756813415bb992305.jpg,1,0,0,0
fade01941_jpg.rf.28540e0b29d2872fafc00fa732c59740.jpg,0,1,0,0
teammmate3300621_jpg.rf.5d1559685beca16df4c6608a58964a07.jpg,0,1,0,0
fade02291_jpg.rf.93c0b3e067019eb0947a9deba75c9de3.jpg,0,1,0,0
fade02381_jpg.rf.9231fbf1c7227bd539da55c60e76e337.jpg,0,1,0,0
cypher00761_jpg.rf.02dec0364466e6b2ab7bdb7f451ce49e.jpg,1,0,0,0
brimteammate00651_jpg.rf.dc653631570c10579a89a67d1586cf81.jpg,0,1,0,0
Jett01561_jpg.rf.2407c898dd9b0849ecf00ef10cbd1f8a.jpg,0,1,0,0
reyna00501_jpg.rf.e720a08f79194151366f9cd50ca5169a.jpg,1,0,0,0
teammmate3300531_jpg.rf.760fdf26d1dba3b9cd3ada7327bbbb8e.jpg,0,1,0,0
Jett01401_jpg.rf.2a9939d769d9e63e064a3df043496394.jpg,0,1,0,0
Jett00021_jpg.rf.19e85b7f2c11e4ac8755a87db3dac98d.jpg,1,0,0,0
Jett01381_jpg.rf.62af8690320188797d9641c3128bab42.jpg,0,1,0,0
fade00461_jpg.rf.ba569dc6993ca60709cc6f9b2609cd37.jpg,1,0,0,0
fade00341_jpg.rf.1f1abbdf8e4878e3e6aad1852f9e6f0e.jpg,1,0,0,0
Jett01291_jpg.rf.31d49b8bb3afa323bafbce33f8f67ccc.jpg,1,0,0,0
cypher01091_jpg.rf.58859cd7603fcf4130e75b987f5487ef.jpg,1,0,0,0
fade00821_jpg.rf.9017d4f9cc380dc8870e5080b0ee1f63.jpg,1,0,0,0
sage02311_jpg.rf.99bb3e118e4f0f289f69ae6a649e522c.jpg,0,1,0,0
ennemy201521_jpg.rf.b15a2bb67513890aa56696c72b8b44dc.jpg,1,0,0,0
fade01821_jpg.rf.46c88879fb9da91026c95842d793dc90.jpg,0,1,0,0
fade01251_jpg.rf.613bb2e0fc384502b558f49779cb8e62.jpg,1,0,0,0
fade01241_jpg.rf.483b511f207f190a53c6a9aa6e235e28.jpg,1,0,0,0
fade00811_jpg.rf.38584cdc61ec1baaff93e9e5f894e7ae.jpg,1,0,0,0
Jett01351_jpg.rf.97538fb306131216d3ae6a7400848b58.jpg,1,0,0,0
scena00111_jpg.rf.68a0b0b2239fed4c3ae5da5fc50c8208.jpg,0,0,0,1
teammmate3300891_jpg.rf.9be5462470d20b54e7af1d11aa9c960b.jpg,0,1,0,0
chamberenemy00411_jpg.rf.5ac8fd31d2526096b34aa3dab45ce0cb.jpg,1,0,0,0
cypher00731_jpg.rf.0dc72eeb12f76cf1c29595cde0a687e8.jpg,1,0,0,0
astraenemy00481_jpg.rf.3b61d289e9f70573037ac94512ef9482.jpg,1,0,0,0
chamberenemy00491_jpg.rf.2b6521465062928edfa6c0487c715ae5.jpg,1,0,0,0
astraenemy00871_jpg.rf.84a84c01fcfa1f5788a0ba43699eef18.jpg,1,0,0,0
scena00291_jpg.rf.cfc3c97a2355839f4e3cf332c01c5132.jpg,0,0,0,1
sage02121_jpg.rf.11e23f16d337c83c0afe9818cc5fc1ee.jpg,0,1,0,0
Jett00621_jpg.rf.8a733059365e28fe12843b0881c74c43.jpg,1,0,0,0
astraenemy00011_jpg.rf.11c92ec7080b8e1742799c2ae9ae9007.jpg,1,0,0,0
sage02231_jpg.rf.4ee669da169a967d914ace7942971ec5.jpg,0,1,0,0
brimteammate00591_jpg.rf.476ab148abce232e55c030964d983af1.jpg,0,1,0,0
sage02481_jpg.rf.1d6720e280d5aad313b2504b5e01af39.jpg,0,1,0,0
fade00261_jpg.rf.950a35280009c20c37e38861a2366762.jpg,1,0,0,0
fade02241_jpg.rf.df6fa3242b06c422ea1ca61128976db8.jpg,0,1,0,0
fade00311_jpg.rf.bd0bb0b19f681616f6bab6831289c5a8.jpg,1,0,0,0
Jett01141_jpg.rf.9d30f4556309f0aefcc89a029cf12a9f.jpg,1,0,0,0
chamberenemy00371_jpg.rf.2af556377c0bc3dd62f619eaa1e055f2.jpg,1,0,0,0
sage02091_jpg.rf.8366afe83059d2738875f76d75ae0a2c.jpg,0,1,0,0
sage02111_jpg.rf.213144416978895c668e604335676cd2.jpg,0,1,0,0
fade00331_jpg.rf.3efaf47f6edee9419b728bd9496fbfda.jpg,1,0,0,0
Jett01551_jpg.rf.32c8fdf9e884d32fd33f053f1bab065a.jpg,0,1,0,0
scena00101_jpg.rf.0778c9c70fb1b94b62e90ac971c579b6.jpg,0,0,0,1
reyna00291_jpg.rf.962ec7d33aef53c88e4354b9a630d87a.jpg,1,0,0,0
astrateammate00441_jpg.rf.3c36348e4a7755470aebe605dc9d577b.jpg,0,1,0,0
cypher00641_jpg.rf.85a6b036f4888538613b75c7808bc555.jpg,1,0,0,0
skye02431_jpg.rf.aaeee233d33558019f6470113bbb4fb5.jpg,0,1,0,0
fade00291_jpg.rf.dd0c3ba61d101cd9aed48fec9f60ff2f.jpg,1,0,0,0
brimenemy00671_jpg.rf.1c83d526d32c9b26f7544c326d0bd8eb.jpg,1,0,0,0
cypher00681_jpg.rf.97904240282aa076b7865363988f418b.jpg,1,0,0,0
fade00181_jpg.rf.e7c762518ae1c27094c4691aff74e8b2.jpg,1,0,0,0
fade00921_jpg.rf.cc8bcd2eedb955fbb27e3c3a0e38e6d4.jpg,1,0,0,0
scena00031_jpg.rf.e394c5cebb7e4c590990257c30116c99.jpg,0,0,0,1
teammmate3300841_jpg.rf.4ba50fdfb089f5c2685f1300579087d1.jpg,0,1,0,0
fade02231_jpg.rf.f662f93ad8ab01ee8484c0b1e518781d.jpg,0,1,0,0
sage02151_jpg.rf.9c061abf730c62800b3aa86517a769af.jpg,0,1,0,0
scena00091_jpg.rf.ec1fe9bbcea3eb12a47f0468fd666a6b.jpg,0,0,0,1
cypher00141_jpg.rf.9a357a715751f64ea88b76c98edc4136.jpg,1,0,0,0
cypher00661_jpg.rf.9d6d064c62e2696fd3ae08e9fb3d8269.jpg,1,0,0,0
fade01871_jpg.rf.5151bd77dbf9c3561a42827e29952406.jpg,0,1,0,0
chamberenemy00381_jpg.rf.012d450b4dff25fb3da3beca42fde1a2.jpg,1,0,0,0
chamberenemy00421_jpg.rf.349e93878f7922bd62256a89b95aecc3.jpg,1,0,0,0
sage02041_jpg.rf.663d389b370ce6018d5e21ec013c14d2.jpg,0,1,0,0
fade01861_jpg.rf.b32e350ced1b35f92de8faf6576e3b36.jpg,0,1,0,0
sova00171_jpg.rf.f20c2239630cb68108501cb5224fc4eb.jpg,1,0,0,0
ennemy00841_jpg.rf.9d80649770d0dd2a418f41fdbf210ec1.jpg,1,0,0,0
ennemy201631_jpg.rf.2a493808f6dfa9c1ffb95786ca01a925.jpg,1,0,0,0
fade01691_jpg.rf.6706d5d8a9517aa68df74ed3b4b66fde.jpg,0,1,0,0
fade00801_jpg.rf.5dfce2ed88d789383de1d9d6073b111f.jpg,1,0,0,0
sage02171_jpg.rf.b62a337e516719191bfe5252f0533263.jpg,0,1,0,0
chamberenemy00201_jpg.rf.7cdfa1dd81a8af1fae88f51f545769ed.jpg,1,0,0,0
fade00531_jpg.rf.8a91a5103985d676322007ddac0f28fc.jpg,1,0,0,0
fade00471_jpg.rf.7acae310480660a6596d46d24bc96a45.jpg,1,0,0,0
defuser00171_jpg.rf.bb01e074db2b4fd7a41be25e0a25c903.jpg,1,0,1,0
cypher00601_jpg.rf.c3ce6a47c9ac4af8666687423e25f4f1.jpg,1,0,0,0
astraenemy00001_jpg.rf.6a35294f4736b9ffdcabb1b3a41a5a00.jpg,1,0,0,0
chamberenemy00281_jpg.rf.6b59f69a5d90564c7f1c4b316997b04e.jpg,1,0,0,0
fade00951_jpg.rf.1c2f4cd365e62c68bc5da72f26b3d90b.jpg,1,0,0,0
skye02501_jpg.rf.5b2a1851f4b1f538ba3091135232a320.jpg,0,1,0,0
teammmate3300581_jpg.rf.b6b236a5c2e32bdf230b8be98cb395e0.jpg,0,1,0,0
cypher00691_jpg.rf.6633d46db6f92c8553003cebeea639da.jpg,1,0,0,0
Jett02251_jpg.rf.e94b0ec1e1733ea969817d4048da276f.jpg,0,1,0,0
astraenemy00511_jpg.rf.1195d64b61fda9a0b52d770c04624597.jpg,1,0,0,0
teammmate3301171_jpg.rf.15bd57bcf153dd4051d68227d42a046d.jpg,0,1,0,0
skye02551_jpg.rf.e851c28a15d9f84ef02b476a7a83b1cf.jpg,0,1,0,0
Jett01281_jpg.rf.afa5aa09a931432d0a57ceeaf58ef9cb.jpg,1,0,0,0
sage02161_jpg.rf.820ed5a8e08117817e13a4b3010afeba.jpg,0,1,0,0
cypher01001_jpg.rf.f5fd741265380d7113c9274629da3593.jpg,1,0,0,0
brimenemy00721_jpg.rf.8f8bc579b0a946e8a8b19cefc7ea9b41.jpg,1,0,0,0
skye02421_jpg.rf.d74bb15c731b1cd2e852a0a89a6fbb6c.jpg,0,1,0,0
chamberenemy00211_jpg.rf.fe29a1408f59a53ad7b07204533925fe.jpg,1,0,0,0
cypher00741_jpg.rf.615c03e51662753a983854fce423d39d.jpg,1,0,0,0
astraenemy00521_jpg.rf.9a7b224f8f9cae683f867b4e4899d5a7.jpg,1,0,0,0
fade02011_jpg.rf.99bb05983e2cb6572678e1e8b25a26b4.jpg,0,1,0,0
astraenemy00621_jpg.rf.57810faf61c04d121dacefc4cc52976a.jpg,1,0,0,0
brimteammate00571_jpg.rf.c7f06058483c6908b62b0269e4f96451.jpg,0,1,0,0
scena00191_jpg.rf.320c58767979d27eee5932ee3f47f791.jpg,0,0,0,1
fade00881_jpg.rf.7de7c6cf2aa2840e78bd8bf7e8ef9473.jpg,1,0,0,0
Jett00381_jpg.rf.1c87f90aab54fafa027ada685b09612d.jpg,1,0,0,0
astrateammate00891_jpg.rf.eb6ab2221181084283fcf37c2facb3ef.jpg,0,1,0,0
brimteammate00291_jpg.rf.a5f40be8859c05ac9e533869dcaa3273.jpg,0,1,0,0
chamberteammate00951_jpg.rf.f472c0f732fb7d2005aeac7235370b50.jpg,0,1,0,0
Jett01211_jpg.rf.615416398ce6028b4fa32c4a97db197f.jpg,1,0,0,0
chamberenemy00321_jpg.rf.ef67e17d795cfb085251668fefb0a3d2.jpg,1,0,0,0
fade01011_jpg.rf.7d9db660421e05f489b9225b2ce2b809.jpg,1,0,0,0
cypher01191_jpg.rf.af89dd9e2a27a1e9532ab579055458c1.jpg,1,0,0,0
teammmate3302381_jpg.rf.cc5be5486a481a806935fa912b957d0b.jpg,0,1,0,0
Jett00331_jpg.rf.6a90f99893ccecd5977859d04f98dd54.jpg,1,0,0,0
fade01651_jpg.rf.ea62b129ba7d56ab0bf3cbf2a7ddd467.jpg,0,1,0,0
chamberteammate00861_jpg.rf.379ee9b07d5e3105bc2bfefc90da9f5c.jpg,0,1,0,0
brimteammate00821_jpg.rf.a50ca3d00198b929c1882d24ea538ee7.jpg,0,1,0,0
chamberenemy00291_jpg.rf.d083d3227f2ad30c101b2cf91c1c3513.jpg,1,0,0,0
fade01041_jpg.rf.7068b8279a887f6f5663f80bbf9da45d.jpg,1,0,0,0
yoru01231_jpg.rf.b29da4a668281696bc741ed8a0916ef3.jpg,1,0,0,0
scena00211_jpg.rf.900b4238f66ac41d8ac030137ba48165.jpg,0,0,0,1
Jett01081_jpg.rf.9ef687e78f844fe27fef87df103aa4ad.jpg,1,0,0,0
fade01591_jpg.rf.159878842002a1f8d6dfaa65ad5e3d9e.jpg,0,1,0,0
yoru02571_jpg.rf.96ddf28e4b282c9dafa70674f1dc9291.jpg,0,1,0,0
yoru00651_jpg.rf.b98f3c45a09ae6691d71c58e9d2aea08.jpg,1,0,0,0
astraenemy00031_jpg.rf.370361f5fc995e78b521535dc9e1dee3.jpg,1,0,0,0
chamberenemy00551_jpg.rf.ad31954819a2ecc8232755a601c29404.jpg,1,0,0,0
viper02041_jpg.rf.9a80bd810f533aa5682f06d9b6668c6a.jpg,0,1,0,0
brimenemy00741_jpg.rf.1908a603f5a6a2bf60b586c1cc45d2dc.jpg,1,0,0,0
astraenemy00741_jpg.rf.88fe1a01b35088e0bbd96ccd6fb9ed1b.jpg,1,0,0,0
astraenemy00981_jpg.rf.54803affe8911a8b35d178e024489a9a.jpg,1,0,0,0
teammmate3301281_jpg.rf.2e7c1a0413b56a7203de766838bef58c.jpg,0,1,0,0
scena00351_jpg.rf.ce7d8fe12314cb357dbacde6d668e4a8.jpg,0,0,0,1
Jett00751_jpg.rf.26d1fe43e0863f7a8acff9ff9a14816b.jpg,1,0,0,0
yoru00701_jpg.rf.6c63e8367f81cf7edbd3165057e38922.jpg,1,0,0,0
scena00271_jpg.rf.345ae048037063ad729ab6797da9fc23.jpg,0,0,0,1
Breachteammate00051_jpg.rf.3123c2b1c838ff96286626cba94c13d7.jpg,0,1,0,0
teammmate3300961_jpg.rf.5bdc5474466c35d05fa0531335987b1c.jpg,0,1,0,0
yoru00331_jpg.rf.936b8d43a61449457ce6ca2379f58afb.jpg,1,0,0,0
astrateammate00931_jpg.rf.ccadacf11c0c40e4d893937b3f41b686.jpg,0,1,0,0
fade02441_jpg.rf.e495f3dbeeede67227206da753a1ecc8.jpg,0,1,0,0
brimteammate00221_jpg.rf.f504b3554801f52d5bb9437b9b6c1434.jpg,0,1,0,0
fade00541_jpg.rf.6abdb893a66a75679a1a5431c53c6e07.jpg,1,0,0,0
yoru02641_jpg.rf.c82ceafa8a8e233bc378788b45d28516.jpg,0,1,0,0
astrateammate00861_jpg.rf.d732997e4c33af6c45aafaaf2423dca8.jpg,0,1,0,0
chamberenemy00301_jpg.rf.a3fed3c109a2ed7375d03524de013192.jpg,1,0,0,0
brimteammate00711_jpg.rf.d4e7d09b0853a2df34971cc444ebc675.jpg,0,1,0,0
scena00201_jpg.rf.f35a3884377efd52275048b2dc226490.jpg,0,0,0,1
astraenemy00991_jpg.rf.f7c470491310689603b33fffbde58b69.jpg,1,0,0,0
yoru02691_jpg.rf.22b3f7f46d2cdde46fda769e923d055a.jpg,0,1,0,0
teammmate2203471_jpg.rf.7a9fea114ebad9c67594c7485c2200d6.jpg,0,1,0,0
sova00401_jpg.rf.68ce246561fa6a2a3e69ad5b268e258e.jpg,1,0,0,0
ennemy01521_jpg.rf.a64015a27467becdcb0ddfd376ca453b.jpg,1,0,0,0
astraenemy01001_jpg.rf.486d1e60483d14b74d8d4ad038215987.jpg,1,0,0,0
chamberenemy00471_jpg.rf.b148314e92d3f3a5f0873a308612fe10.jpg,1,0,0,0
teammmate3300631_jpg.rf.dd044a9c1ae3cc71537f7d1f2874337b.jpg,0,1,0,0
teammmate3301291_jpg.rf.3c16c6bdee9095cede83a2812fcb31a0.jpg,0,1,0,0
astraenemy00721_jpg.rf.235cd943ec6784744e949bf5e7176322.jpg,1,0,0,0
astrateammate00551_jpg.rf.8f76a4747fa01c7a310a298d124bfe2e.jpg,0,1,0,0
astrateammate00901_jpg.rf.314b57ff42cf1c9ba790b3c11d2a8311.jpg,0,1,0,0
teammmate3300051_jpg.rf.341fcf9dd352b324a52e50b967a1ae5b.jpg,0,1,0,0
teammmate3301331_jpg.rf.9c74eca301dba772022e8b391f56e6e2.jpg,0,1,0,0
viper02031_jpg.rf.a2507b338d965f9c29b7d605e4176415.jpg,0,1,0,0
cypher00871_jpg.rf.96e3fbf339af85188954a2292c09d0c7.jpg,1,0,0,0
Jett01071_jpg.rf.d6a3c8f35a12075035cac86895848c56.jpg,1,0,0,0
scena00231_jpg.rf.d75789d1f2733c15a109965368d342eb.jpg,0,0,0,1
yoru02591_jpg.rf.f2e19d2f2e11238e823616b445ba9343.jpg,0,1,0,0
fade02301_jpg.rf.28c648cbc1f46ee4d351f7e380d5fd88.jpg,0,1,0,0
astrateammate00361_jpg.rf.5f25a6f5f7bb0e5cc7f6a2100af86dc9.jpg,0,1,0,0
cypher00781_jpg.rf.68338a5349d824f947a3bd8684988eee.jpg,1,0,0,0
chamberteammate01011_jpg.rf.389d6fec08e4a7f1c174b54cc57ba106.jpg,0,1,0,0
astraenemy01021_jpg.rf.658a17d8222f1a509283fa0649d7325c.jpg,1,0,0,0
Breachteammate00291_jpg.rf.ab1b5aa62fd71717b5087d33a669ec84.jpg,0,1,0,0
viper02061_jpg.rf.3dd1151dce8ed0386a829b09f08f6dae.jpg,0,1,0,0
chamberenemy00331_jpg.rf.7c70bf63fd31518c9f87054a53fd34ab.jpg,1,0,0,0
yoru02561_jpg.rf.018518eae413f7f40360183aa2719062.jpg,0,1,0,0
skye02441_jpg.rf.e0dd250f51ec9c73b0c6ec4fbf5fb6f5.jpg,0,1,0,0
astraenemy00051_jpg.rf.0e4db7fd7f3552817983c737a2bb6aad.jpg,1,0,0,0
chamberteammate01021_jpg.rf.57ee49b5c2e6fc45e9b6d68f0459e759.jpg,0,1,0,0
fade01511_jpg.rf.4c0f484f2e32958fc81681629328a4d5.jpg,0,1,0,0
astraenemy01051_jpg.rf.39191d88fdaabca21d3882e4f5b8a5e1.jpg,1,0,0,0
yoru00311_jpg.rf.d69ff7a385a571b4e3d8ed1c98be9cb3.jpg,1,0,0,0
Jett01101_jpg.rf.0dfc783966745c89a2f3a8ef990095e5.jpg,1,0,0,0
chamberenemy00911_jpg.rf.aa7e6ce0322859f1d0f05d2526e082d2.jpg,1,0,0,0
teammmate3300711_jpg.rf.57d5b5105d2906356a40683d7aa84dcc.jpg,0,1,0,0
yoru00381_jpg.rf.294e54dd0d4db8db9cb9bc255e3473af.jpg,1,0,0,0
viper02141_jpg.rf.c0b08e560bc15511599ca624a1cdce07.jpg,0,1,0,0
cypher01231_jpg.rf.f14f178cfe4b813c5752d3326e216c04.jpg,1,0,0,0
fade01621_jpg.rf.f22cb1f4d15e03b19d74bf7ce120b4a4.jpg,0,1,0,0
yoru02721_jpg.rf.c7bc0360cae81117c779fd94362df16d.jpg,0,1,0,0
viper02531_jpg.rf.963acb8e8edab026b24ee12a231580ac.jpg,0,1,0,0
ennemy01541_jpg.rf.6980833f1dfa47ade1c7c189af2c9bdb.jpg,1,0,0,0
Breachteammate00271_jpg.rf.643abcdb88267edfc856710f46b941c8.jpg,0,1,0,0
teammmate3302421_jpg.rf.4ccf03ef3420602723fdf4f337918e74.jpg,0,1,0,0
scena00441_jpg.rf.98b69d864d5e55b76a891825d51f4dcc.jpg,0,0,0,1
Jett01041_jpg.rf.c1baae8fe393387f7e5c6a790be585b7.jpg,1,0,0,0
teammmate2203521_jpg.rf.1780807afc098276678b821febb771bf.jpg,0,1,0,0
ennemy01561_jpg.rf.2cce9288a8e1beb423b73687c8fd4c75.jpg,1,0,0,0
yoru01131_jpg.rf.1a2bf7bba1e246c183e78d8dc3d19e0d.jpg,1,0,0,0
viper02171_jpg.rf.dc272488235d29abacc64fd7d81bfffd.jpg,0,1,0,0
astraenemy01101_jpg.rf.317dedbe10ef79c0697563652e14309b.jpg,1,0,0,0
astrateammate00961_jpg.rf.f964158fc248bde37a1a381cbadb01e3.jpg,0,1,0,0
astrateammate00971_jpg.rf.0b1f13522d91732b827a3d3a4aa685fe.jpg,0,1,0,0
Jett00991_jpg.rf.a69af80a84539483edd97998b2600055.jpg,1,0,0,0
viper02161_jpg.rf.efef1263675ecc32c70827434ab2b024.jpg,0,1,0,0
brimenemy00781_jpg.rf.0dce511ebc81229575f79291163d143a.jpg,1,0,0,0
Breachteammate00311_jpg.rf.fc8ea7a0fa3a80fc07eb3855c9e90e7d.jpg,0,1,0,0
viper02121_jpg.rf.dac13ad1a540fb1e54cf8cd3e282809f.jpg,0,1,0,0
scena00421_jpg.rf.902e63d3107080c1ad6324ea1f7b5f11.jpg,0,0,0,1
teammmate3302481_jpg.rf.ccbb11e34457177a5ee946de32185865.jpg,0,1,0,0
chamberteammate01051_jpg.rf.779feefb19442ad19f32d0800e729d0b.jpg,0,1,0,0
brimenemy00121_jpg.rf.29ff535a3ed629327f477e929a5e8c8f.jpg,1,0,0,0
teammmate3302161_jpg.rf.19d14deae86976becdb34182dfd8d7e4.jpg,0,1,0,0
Breachteammate00301_jpg.rf.984b33d1a9ebcf58698bfafddd603498.jpg,0,1,0,0
astrateammate00981_jpg.rf.40b3bfa18bae731cae3c3bc6982fc2ee.jpg,0,1,0,0
yoru00371_jpg.rf.768f0899251232ad17a6e2f9502dec2f.jpg,1,0,0,0
yoru00151_jpg.rf.eea602ea4e132fd13dfefa5f43c81db4.jpg,1,0,0,0
teammmate3300021_jpg.rf.ef8740515c17529e8cd2e66d838d8c2e.jpg,0,1,0,0
yoru01201_jpg.rf.8b6034e523d64686ce1b68aaf93e4917.jpg,1,0,0,0
astrateammate00571_jpg.rf.c99a99020fc1e67ba42894c18801b403.jpg,0,1,0,0
brimteammate00801_jpg.rf.d2d04b1ca6caca807f810f4ee7a8aef9.jpg,0,1,0,0
brimteammate00941_jpg.rf.08c105140efdbb26d50c3baa888a6c14.jpg,0,1,0,0
viper02151_jpg.rf.2294e729a06430703a84a3e091e54eb1.jpg,0,1,0,0
cypher01151_jpg.rf.9e8d12647b417af7732cdb89b929c260.jpg,1,0,0,0
cypher01241_jpg.rf.0506f0431d693f92e6ee23327b7b4be6.jpg,1,0,0,0
brimteammate00831_jpg.rf.34eaa84ba9ad5f40fb0c0f52099a3499.jpg,0,1,0,0
brimenemy00161_jpg.rf.c80cd58d1a65f300b421c415d93b3a2f.jpg,1,0,0,0
astrateammate00991_jpg.rf.8f59c04e43b7249fb3f4ab6ba2a78c49.jpg,0,1,0,0
brimteammate00851_jpg.rf.3ef6aba10c5ac3f455005cd43f6b6b74.jpg,0,1,0,0
teammmate3301411_jpg.rf.4710db2a97446e88cd04f891990c587b.jpg,0,1,0,0
yoru00341_jpg.rf.fc22cfdb47f1c6a362754e1e9ef0ea17.jpg,1,0,0,0
Breachteammate00511_jpg.rf.cf3204cf5c1d52ac47449114c4560e11.jpg,0,1,0,0
brimteammate00661_jpg.rf.d529500414972d1b185364edb1b2c807.jpg,0,1,0,0
brimteammate00401_jpg.rf.62d71e49ec82f1aef8c8b47f8806946e.jpg,0,1,0,0
viper02501_jpg.rf.cdaaba7f625460ea7edbeae637ef226b.jpg,0,1,0,0
teammmate3301441_jpg.rf.0d6b5adc453466ef5b86b5f251e46ca0.jpg,0,1,0,0
chamberenemy00961_jpg.rf.d87d07a3024250a13c2318854cae81f5.jpg,1,0,0,0
brimteammate00931_jpg.rf.9fea70cc43e16d62f1b2d9279e22f17b.jpg,0,1,0,0
cypher00151_jpg.rf.a085fb6c22222a8f01fd69b4890f66ce.jpg,1,0,0,0
yoru02661_jpg.rf.4826168ab1d589d7520990c4f3601574.jpg,0,1,0,0
yoru00691_jpg.rf.bc872ca33bf48a55b12656a5d9bec5f8.jpg,1,0,0,0
brimteammate00921_jpg.rf.8df40224a152d0beb831af230855f411.jpg,0,1,0,0
chamberenemy00951_jpg.rf.6e9650bd47e1caa8e7df61ca56921104.jpg,1,0,0,0
yoru00351_jpg.rf.82f546c0e9eefc1ee3e8f9c1501aa96c.jpg,1,0,0,0
teammmate3301381_jpg.rf.d810eda555d7af9e10ce15c96fd9226d.jpg,0,1,0,0
cypher01281_jpg.rf.05c2c8de63c8fda2f7680c1115ff8813.jpg,0,1,0,0
astraenemy01041_jpg.rf.b6e66f2645483de8cd0d01ca228c93e3.jpg,1,0,0,0
brimteammate00791_jpg.rf.8a6a913abf9a43e58e0580c829cd706d.jpg,0,1,0,0
teammmate3300081_jpg.rf.298cc1bca7d241ff143b298b89102985.jpg,0,1,0,0
brimteammate00771_jpg.rf.96ef9caf2949336c08acc387656d4cbc.jpg,0,1,0,0
viper02491_jpg.rf.a52fc2b42cb269bc2e19b76e4a77d436.jpg,0,1,0,0
brimenemy00761_jpg.rf.b10b054993261ab7fde872d9d2dfcb7d.jpg,1,0,0,0
scena00471_jpg.rf.53dc16e77f6682edd03f49a2aa630994.jpg,0,0,0,1
brimteammate00981_jpg.rf.25744a95822c39dfcd91eeaec926900b.jpg,0,1,0,0
brimenemy00141_jpg.rf.25c5c216f03a56d9fe1fe6d3f3045b78.jpg,1,0,0,0
teammmate3301461_jpg.rf.4ca0357cf67505718a6382f05ad78f36.jpg,0,1,0,0
Jett00651_jpg.rf.e706cdd3f9401f004a0d831e06ca9384.jpg,1,0,0,0
yoru01221_jpg.rf.e422c04eccc611e9324d46b8b598d3df.jpg,1,0,0,0
astraenemy01181_jpg.rf.294d8b9bd9c8968dbef9b4cf12e01e06.jpg,1,0,0,0
Breachteammate00341_jpg.rf.3ad85570553bb677fd7fe514463a987b.jpg,0,1,0,0
brimteammate00881_jpg.rf.a8b5f480cc8fc0244510ab64a9e923ba.jpg,0,1,0,0
Jett01021_jpg.rf.f45c6f2d96f0633aa444a83d7bc75d69.jpg,1,0,0,0
chamberenemy00981_jpg.rf.10348ebb670e4c259175310dddc45c21.jpg,1,0,0,0
teammmate3302151_jpg.rf.8ed1eed49cb966f95e6b79e32c02e5f3.jpg,0,1,0,0
astraenemy01131_jpg.rf.f6b26cd654142ed9ac6dcf8ec1cb9f88.jpg,1,0,0,0
yoru01141_jpg.rf.52a79d5a2dbbacaa1d676501caf81383.jpg,1,0,0,0
brimenemy00181_jpg.rf.e8cefc511cd5fb3ed92ca36565a12994.jpg,1,0,0,0
teammmate3300071_jpg.rf.249f2e2f72c0493c016c76303c9fb333.jpg,0,1,0,0
brimteammate00421_jpg.rf.e30164cd0e3cb137c028e2551a822280.jpg,0,1,0,0
astrateammate00911_jpg.rf.0f85a7339e8e656b2e88930a4f587255.jpg,0,1,0,0
cypher01261_jpg.rf.93f10d934afadf42d0258f9463486869.jpg,1,0,0,0
viper01311_jpg.rf.c11c02e83de72acacd4648f96b861383.jpg,1,0,0,0
Breachteammate00371_jpg.rf.c87f040519612283006459d610a6e19e.jpg,0,1,0,0
teammmate3301421_jpg.rf.1d34e6e19ec80a8722ba78a0c1f23011.jpg,0,1,0,0
teammmate3302491_jpg.rf.a046c6fc8e0a1e3f4cbc86ea50fdaa51.jpg,0,1,0,0
brimenemy00771_jpg.rf.f7df4c95f5b8b7b7edd3c31355735905.jpg,1,0,0,0
brimteammate00971_jpg.rf.e8deead3db6f5d3e995446a7e09b8ce3.jpg,0,1,0,0
brimenemy00271_jpg.rf.0394cfc75c08578ab376c0cc355320ab.jpg,1,0,0,0
viper02521_jpg.rf.ed291a9c4e96d96d1ee43c277d3c0908.jpg,0,1,0,0
Breachteammate00401_jpg.rf.3a30ca3c0c3f8a2d142f6d3879e3fc70.jpg,0,1,0,0
teammmate3300121_jpg.rf.3b7922dd5b32f08981c6408c2166df84.jpg,0,1,0,0
yoru00711_jpg.rf.932d956eb083dc82cae8c31ef7581806.jpg,1,0,0,0
yoru01631_jpg.rf.0db57bb57f2f25553285d762ea0b1c54.jpg,0,1,0,0
viper00841_jpg.rf.8df2d60bafec1cab09f3a2d05636a9e2.jpg,1,0,0,0
viper00851_jpg.rf.5fd1fc37377a3ea445033ad3195e20e2.jpg,1,0,0,0
viper00071_jpg.rf.0c9c212357c5657c20adcaf867cebc05.jpg,1,0,0,0
viper00151_jpg.rf.b998dc723ab62bae73a6693a915b1cb4.jpg,1,0,0,0
viper00161_jpg.rf.8bf898e432f69b6a6c15344bff01d367.jpg,1,0,0,0
viper00101_jpg.rf.60b84d8979d0bad725111796088277e9.jpg,1,0,0,0
viper00871_jpg.rf.ec1e0be8de5bfc81757973ef2ea09821.jpg,1,0,0,0
yoru01671_jpg.rf.ddd89ee84d9be0a6b72d052eb75628e0.jpg,0,1,0,0
viper00811_jpg.rf.e7b479ae2fa58fd89ea492c4efe86327.jpg,1,0,0,0
yoru01701_jpg.rf.e6581ea64cd1bc8ff8c0eb7a1d45a8a5.jpg,0,1,0,0
yoru01721_jpg.rf.327b20c5a3478f621f38684eb2909c1a.jpg,0,1,0,0
viper00441_jpg.rf.64af1f60071edbc247bb52ccd83f671d.jpg,1,0,0,0
yoru01731_jpg.rf.d805ce4ad983b2e42b5ce889c0ad28cb.jpg,0,1,0,0
viper00451_jpg.rf.a12c7ca7d6a48221c131dab8b34e4636.jpg,1,0,0,0
viper00821_jpg.rf.bedf89bb8e69e70c7d4c9a9eb082e21c.jpg,1,0,0,0
viper00461_jpg.rf.df74d38158badab64c2267bfdcc242f3.jpg,1,0,0,0
viper00431_jpg.rf.a3366a4b5198589ef94f15ff211a10b6.jpg,1,0,0,0
viper00861_jpg.rf.25fdb5f8f0e6952092191bda8a1fa365.jpg,1,0,0,0
viper00491_jpg.rf.640e7b1fb1b16e9f5fc6a7f563f0468e.jpg,1,0,0,0
viper00391_jpg.rf.b7506d14f1a1a889e2040e87bc374de8.jpg,1,0,0,0
viper00831_jpg.rf.0ab5297a2ec1bbe6bfaf16750b9e3302.jpg,1,0,0,0
yoru00771_jpg.rf.8f18aaaffa1ecf8d391dfe6b6bdcb66f.jpg,1,0,0,0
viper00511_jpg.rf.5a6bf68055c6a3d0f72204b0c70da70b.jpg,1,0,0,0
viper00571_jpg.rf.7cbfc9fb9d7e4c3ca9655b6a68d8b2fc.jpg,1,0,0,0
viper00471_jpg.rf.e4ebbbcde91204734d6f4f803eb4e2ab.jpg,1,0,0,0
viper00501_jpg.rf.2551232b38bc7885ed74ee987dcbe1c7.jpg,1,0,0,0
viper00611_jpg.rf.76895b1a7257877a66df957955124e1a.jpg,1,0,0,0
viper00591_jpg.rf.59c63869c5eedf86096068e7202b7957.jpg,1,0,0,0
viper00481_jpg.rf.1c04abded218480f470d1592bd5ac1f1.jpg,1,0,0,0
viper00521_jpg.rf.07d22359bd8dcf9a258ba35b362cf114.jpg,1,0,0,0
viper00561_jpg.rf.b45de2209fa75069e703bcfd317a40ac.jpg,1,0,0,0
viper00621_jpg.rf.6196ad1609df9ac645a8c2aeed6033e8.jpg,1,0,0,0
pheonix01211_jpg.rf.32d32d508a7a2d913bf602103b7b7ad4.jpg,1,0,0,0
pheonix01091_jpg.rf.b43c0c318f0bf9f5bb0c03753a3de18e.jpg,1,0,0,0
plantedspike01201_jpg.rf.7229ec312192a5337976bb13c25ddea4.jpg,0,0,1,0
neon00791_jpg.rf.9bbb3220a29713ac5c34d6874b9f0275.jpg,1,0,0,0
pheonix01511_jpg.rf.a4e63880c183bcd5bdcd4f4b4e33ac12.jpg,0,1,0,0
omen02751_jpg.rf.0fb55fc2be853b3935a1d8ba2bdd6a19.jpg,0,1,0,0
dm01171_jpg.rf.9ecde71ea689711a7d531a4ce8420b9e.jpg,1,0,0,0
dm09976_jpg.rf.ee3dfe980017bef1b72540b619d4eab3.jpg,1,0,0,0
orb00141_jpg.rf.c82b04b4ffb4db5d2d3689f45b7dcfc2.jpg,0,0,1,0
dm01916_jpg.rf.63e6a0ec81588881141bc1786ed0be92.jpg,1,0,0,0
dm01186_jpg.rf.ae9a3a0124889ca7b556f941cd3f95b9.jpg,1,0,0,0
defuser101211_jpg.rf.99f29a95b69de096d2d233bc9a00e889.jpg,1,0,1,0
dm04886_jpg.rf.196886f2762e4f3510020a6012d0d5f5.jpg,1,0,0,0
dm09766_jpg.rf.c8dae31bb18d2431e41b36a73934059f.jpg,1,0,0,0
defuser101301_jpg.rf.a2964f9844d9daf4173529752afa73fc.jpg,1,0,1,0
defuser100901_jpg.rf.32e2c47ef7750a70df203736c8bc8568.jpg,1,0,1,0
dm01191_jpg.rf.755b6266dbd198b89477e0d07497f8a9.jpg,1,0,0,0
defuser100961_jpg.rf.dbf858b459a871fb59d52d101f62afda.jpg,1,0,1,0
dm10581_jpg.rf.d80b831a391373783a74e5b1971a79da.jpg,1,0,0,0
defuser100891_jpg.rf.33c61c4aa1705409fd914891d38edea5.jpg,1,0,1,0
dm04901_jpg.rf.ef6df54ddff4bb510f01c268e73ae2d4.jpg,1,0,0,0
dm11246_jpg.rf.68dfa36055aef2582e6e8860dbb57fc8.jpg,1,0,0,0
defuser101251_jpg.rf.1e49237cfc09905743ab4704f1ab1c6b.jpg,1,0,1,0
dm10126_jpg.rf.60c1a601cd218aef7b21b3153ac12e60.jpg,1,0,0,0
dm11251_jpg.rf.2b440bb985bfa8e0df3ee6b9647368b1.jpg,1,0,0,0
dm10161_jpg.rf.e136ffc841351002f42b34bca054da12.jpg,1,0,0,0
dm04891_jpg.rf.8724f9f3519a50313a74cf6c3405f07a.jpg,1,0,0,0
defuser101331_jpg.rf.64e4350f93cc9a6fb4a415293bc25024.jpg,1,0,1,0
dm10131_jpg.rf.bd540611eed2fec8fb25fd0e448780fe.jpg,1,0,0,0
defuser100921_jpg.rf.c1aa58157f313d1ce3915ea520e6e856.jpg,1,0,1,0
defuser101051_jpg.rf.05c706ea058d50f09baf971e4048b113.jpg,1,0,1,0
dm10111_jpg.rf.1a19182ec9fe71326358bb0d6df56846.jpg,1,0,0,0
plantedspike01381_jpg.rf.827dc1740c65543386ee80047e6348e6.jpg,0,0,1,0
neon01341_jpg.rf.e70ea67890c2e8b1b30198ef1433dcab.jpg,0,1,0,0
neon01381_jpg.rf.a0c079e210c1e5c34b0f289aaca595ac.jpg,0,1,0,0
dm11256_jpg.rf.ed7f114e70ec9390ba567a2b51065da0.jpg,1,0,0,0
neon01411_jpg.rf.56458926917ae4c3f862d744a32a0b56.jpg,0,1,0,0
dm10176_jpg.rf.d1b7f9ad98ad33cc69cd57b22697f2d3.jpg,1,0,0,0
dm01606_jpg.rf.2b5ac00ee8e45ca33e0a8628d7dec35d.jpg,1,0,0,0
dm10116_jpg.rf.7307d644b0db4edcd66340e583eb7387.jpg,1,0,0,0
defuser101221_jpg.rf.c0df1913d257dccf9a3f2556a318dec6.jpg,1,0,1,0
dm02006_jpg.rf.2406683bd1808bbe7f4171a3fb9e22de.jpg,1,0,0,0
defuser101201_jpg.rf.26beaf9ad0030a92a3e8cb4d20c5b0e2.jpg,1,0,1,0
defuser100861_jpg.rf.46723c98db24c75d42b6aa62c1c5a05b.jpg,1,0,1,0
pheonix01021_jpg.rf.c8c52484282030b52c53b255ac3ec700.jpg,1,0,0,0
dm09756_jpg.rf.7b8c17bf9293f059de58267d25c99bf9.jpg,1,0,0,0
dm10181_jpg.rf.870b6ce2a2018209048235fcf38277e6.jpg,1,0,0,0
dm09206_jpg.rf.612a74d8bf1f817c6dbab9a396159320.jpg,1,0,0,0
dm02016_jpg.rf.059a1ab55af466593c7ee04f258a1467.jpg,1,0,0,0
dm09366_jpg.rf.0279b2ccb2d74b8067e5ac1472d0fbc4.jpg,1,0,0,0
defuser101451_jpg.rf.192a721b8e8fd98cc6569a5fac8fee91.jpg,1,0,0,0
defuser101011_jpg.rf.cd11ab8c78fd2373629a89def7442187.jpg,1,0,1,0
dm10106_jpg.rf.558f2945b2b6c1da6af1d55cb6fac5f1.jpg,1,0,0,0
dm01466_jpg.rf.70cbf5af43ff8f6458ecb5a112182e24.jpg,1,0,0,0
dm01616_jpg.rf.27c1e6acebb5b0d556ed73ae2c4844bb.jpg,1,0,0,0
dm11236_jpg.rf.76264d7575a4504f808b00c89faee1c6.jpg,1,0,0,0
defuser101401_jpg.rf.dcf772078cb442d5d0ce35fce6979fc4.jpg,1,0,1,0
defuser100871_jpg.rf.75fc4f8006646f7137cc42028ebc6a66.jpg,1,0,1,0
dm01621_jpg.rf.49a5ce4f4b11b7e89094e6292f0fd4eb.jpg,1,0,0,0
defuser100831_jpg.rf.181541e3910210f162b76c0db5f23083.jpg,1,0,1,0
defuser101431_jpg.rf.7de157327350c1a1d19c403918888e45.jpg,1,0,1,0
defuser101031_jpg.rf.3db3a2207f9d75317f1411837e1faf76.jpg,1,0,1,0
dm08926_jpg.rf.efc9dc73b5ab99735f8bd38b9e5ef30a.jpg,1,0,0,0
dm08916_jpg.rf.d970ffd7ed172e83fc120c411418cf62.jpg,1,0,0,0
defuser100941_jpg.rf.5209d45fddd269e58b1ede53e8cbb90d.jpg,1,0,1,0
dm01921_jpg.rf.55b166a65586ec930c6c0896478fbef8.jpg,1,0,0,0
orb00301_jpg.rf.c1b168dc7e4f155d190afcab80ec0638.jpg,0,0,1,0
neon01141_jpg.rf.6231fc18c41376f4031c958ca4793c6d.jpg,1,0,0,0
neon01551_jpg.rf.303d2cca288d429f0a393af13e67a8fb.jpg,0,1,0,0
orb00531_jpg.rf.60f273a0d4fd3ac1770ce9ea301674d0.jpg,0,0,1,0
defuser101191_jpg.rf.0bc328d1773abd0c42348279889c8c1f.jpg,1,0,1,0
orb02031_jpg.rf.d29445d006870b5d9ec2f386e7451a0f.jpg,0,0,1,0
defuser100571_jpg.rf.74d1ec1eb47772bfb6b44a96c45a6744.jpg,1,0,1,0
neon00341_jpg.rf.021fddce9576ced7e46464b33b6578b0.jpg,1,0,0,0
neon01131_jpg.rf.dad9bb1bcf7a9b244aad365ae6746034.jpg,1,0,0,0
orb01941_jpg.rf.df598ab14c487544be0176f734f2f205.jpg,0,0,1,0
teammate300911_jpg.rf.4b8d53b720e5079f37d166097a51f625.jpg,0,1,0,0
teammmate2201921_jpg.rf.c6d0c535c5e91ab072925cc26c3ad40d.jpg,0,1,0,0
teammate101361_jpg.rf.4baed029a98d15f6a7a6d0b8fe12607b.jpg,0,1,0,0
teammmate2201881_jpg.rf.5a78e36b3c6ac2595e88ad2fc068ce86.jpg,0,1,0,0
teammmate2201131_jpg.rf.36d3537e4adef9625779a763940dc0c5.jpg,0,1,0,0
teammmate00921_jpg.rf.3e3744808ca7de517d0c3e4ef43be28c.jpg,0,1,0,0
teammate100471_jpg.rf.7af9d468d9eae436e8d1c86ace59157f.jpg,0,1,0,0
teammmate00781_jpg.rf.7bdf8cabe754e945a4c204d727cac594.jpg,0,1,0,0
sova02141_jpg.rf.c494449d272290e3bc80b00ae676702a.jpg,0,1,0,0
teammmate2201091_jpg.rf.732aa9f8fe751e07215430795448eb4c.jpg,0,1,0,0
teammmate2201911_jpg.rf.aaf5f742002b4f988eabfcc7c650e035.jpg,0,1,0,0
teammmate00851_jpg.rf.c494e40fe5189c4c2cfc1f92ebd3c041.jpg,0,1,0,0
killjoy02251_jpg.rf.73a8932da751d3184ee7b02b8f5dca25.jpg,0,1,0,0
dm06581_jpg.rf.8385acb80d2bd70c718144e70d0e555c.jpg,1,0,0,0
teammmate2203291_jpg.rf.7b09e42a96b1d0deec1fbac2351e91d4.jpg,0,1,0,0
omen00471_jpg.rf.e94c6edbf6107f840fc6b151b458eefa.jpg,1,0,0,0
pheonix01571_jpg.rf.6c72f51b8d1cc7a3907ecd365d1684b4.jpg,0,1,0,0
neon01021_jpg.rf.6af0298d39886015c3e57c229452069c.jpg,1,0,0,0
neon01531_jpg.rf.e53e18d142047768f861188a5d84649e.jpg,0,1,0,0
orb00321_jpg.rf.db28733f6388bac985b56881f03bad63.jpg,0,0,1,0
teammmate2200941_jpg.rf.0e2f7f43dc3101b8d30e06f81f434650.jpg,0,1,0,0
orb00841_jpg.rf.2a569e484d0656bde0dd3ed53a965fff.jpg,0,0,1,0
dm04946_jpg.rf.68542115163247c274b67a10ca49cf52.jpg,1,0,0,0
sova00951_jpg.rf.d6539ac20864c36ce13dfb42694faa60.jpg,1,0,0,0
plantedspike01901_jpg.rf.778b933bf8c9a0752f827e997626d707.jpg,0,0,1,0
dm08491_jpg.rf.d06cf04f36bd21f17d832cb63e2c7839.jpg,1,0,0,0
omen01841_jpg.rf.f787c2700cc865fd8c47d2c2a4eba7fd.jpg,0,1,0,0
teammate01461_jpg.rf.252d21caea524aefaab80a1e4b5b6511.jpg,0,1,0,1
sova02731_jpg.rf.cf518918c48ab12c094a8f0164409ec9.jpg,0,1,0,0
defuser101561_jpg.rf.31acff28620c940cde15ea2d5336926e.jpg,1,0,1,0
dm10196_jpg.rf.0ae5bcf7dc767e4f107154e99b87e39d.jpg,1,0,0,0
teammate100501_jpg.rf.7c09a27b2e06c41a289c65a113868545.jpg,0,1,0,0
sova02701_jpg.rf.9af4ec53ae0a78ac7ae917904c5ed952.jpg,0,1,0,0
killjoy02141_jpg.rf.90852ea1b8bc4b1f4cf20c4d8c4ccc64.jpg,0,1,0,0
sova02781_jpg.rf.02d6b3a55848a3b1be0aed84d960d109.jpg,0,1,0,0
teammmate2200931_jpg.rf.ce510c3e0cfc91675ec7dfb11250df77.jpg,0,1,0,0
teammmate2203201_jpg.rf.3ea4d8a1e8476f54619da057baa49a9e.jpg,0,1,0,0
sova02791_jpg.rf.d31cea0e41573a669604964155ac065c.jpg,0,1,0,0
dm02666_jpg.rf.ebe5cc4c4a975b3833be193b04197e7d.jpg,1,0,0,0
omen00321_jpg.rf.c7f7e2cc9603501d02510b39b6b9ff33.jpg,1,0,0,0
orb00051_jpg.rf.40497a6500097e7a8793d53e7adf58fb.jpg,0,0,1,0
teammmate00761_jpg.rf.5b3966a839f8c8de49b538de57b7d057.jpg,0,1,0,0
dm02661_jpg.rf.8f21d4417db2948ca3ab9dc585ab27d3.jpg,1,0,0,0
dm09396_jpg.rf.089d6c11cda8ca4e5e444e067359231a.jpg,1,0,0,0
teammate101281_jpg.rf.0aec27fe0d7312adf4e2fa58183ec803.jpg,0,1,0,0
sova02211_jpg.rf.b3d1c9dce5382cb4fda35577ec68fc47.jpg,0,1,0,0
defuser00521_jpg.rf.f5922d7967a099f1618158be9c82a8ef.jpg,1,0,1,0
teammmate01401_jpg.rf.24c9f813cbf811459774d1a550bce59b.jpg,0,1,0,0
orb00281_jpg.rf.50e22f23df4fd6b5c4bbc8ca26273690.jpg,0,0,1,0
teammmate00811_jpg.rf.540dc1e7ecbb55f99b6ad16fd974fb78.jpg,0,1,0,0
dm08626_jpg.rf.78c73d95e32c8247726bddf0e6bd27f2.jpg,1,0,0,0
defuser101651_jpg.rf.c5992f4c34a8983e70d774a6ecf7af01.jpg,1,0,1,0
omen00431_jpg.rf.6e5e9a24a04a4dc16c5eb2a71b64d64f.jpg,1,0,0,0
sova02191_jpg.rf.8f80f75c1542c3cea4005f1d0d5368f3.jpg,0,1,0,0
teammmate00911_jpg.rf.71f43eefe4e9395f593196f62413f68a.jpg,0,1,0,0
sova02111_jpg.rf.d0736617751fb42f6b5c82c798e6e287.jpg,0,1,0,0
dm06571_jpg.rf.85161c03a3c08a78250e0e43b7f9ee58.jpg,1,0,0,0
teammmate2203211_jpg.rf.bfc17b6c611cd528614e9f2111805ee3.jpg,0,1,0,0
teammmate00011_jpg.rf.fbc0fef2814a304764b7c6525ea07852.jpg,0,1,0,0
dm06636_jpg.rf.32cae129f95f59869bb40db7a19c9714.jpg,1,0,0,0
teammate101311_jpg.rf.dcbbcbb253979555bbf9088d7c2af8f0.jpg,0,1,0,0
teammate300901_jpg.rf.db1a4793135df65fdf43fea88678dc61.jpg,0,1,0,0
teammmate2201951_jpg.rf.e867823cfb5ca229d7600add07fe717c.jpg,0,1,0,0
sova01031_jpg.rf.f783329ab744977ecb7268c66df35ff8.jpg,1,0,0,0
teammate01051_jpg.rf.1d436c4510c7ef865d4a74f99d457e2c.jpg,0,1,0,1
neon01511_jpg.rf.928e845420ff6782fa64b2af7a6186af.jpg,0,1,0,0
teammmate2200391_jpg.rf.ddda7cb5ded9a882bf68ef260f03003b.jpg,0,1,0,0
dm04736_jpg.rf.1668a1a0a9cc91680c7c0963d379c585.jpg,1,0,0,0
teammmate2200981_jpg.rf.59a235d7cea21c3ceb7b1d5a4f0c4389.jpg,0,1,0,0
omen00451_jpg.rf.61338c06b21375e1ee53f445b295e88d.jpg,1,0,0,0
teammmate2203111_jpg.rf.9b0658feaf24ed0749c24674fd0ac5c5.jpg,0,1,0,0
dm10051_jpg.rf.c25a902d7bab94a2c9f94cb6f883e814.jpg,1,0,0,0
teammmate2200101_jpg.rf.1469ee47bd6d1919d9c2c95e34ccee23.jpg,0,1,0,0
sova02671_jpg.rf.7e0ef780c5ebc85d7e26c65a1faa3ebb.jpg,0,1,0,0
dm10041_jpg.rf.0a0be55e53f7f68f8bbdd4254944b383.jpg,1,0,0,0
neon00411_jpg.rf.5be9955b0809e710f2c14a46c3cf3ca2.jpg,1,0,0,0
dm09381_jpg.rf.896644469126e2cb2a8926e99b663686.jpg,1,0,0,0
teammate100391_jpg.rf.e55b43210faaf9080f3fd9aebe50f3f6.jpg,0,1,0,0
sova02691_jpg.rf.e571c7c75eae019d56c1b844c401e9fb.jpg,0,1,0,0
pheonix01331_jpg.rf.04471d1d90c2f7dbb9158dce6a6868c6.jpg,1,0,0,0
defuser101501_jpg.rf.3c1eb3a8023b85b8e55d0689f5ddc778.jpg,1,0,1,0
dm10081_jpg.rf.67ea8b62dc2198b59ef3cf1055b7c830.jpg,1,0,0,0
teammmate01441_jpg.rf.ac1f976dce050668570b9f6d88afb475.jpg,0,1,0,0
defuser100171_jpg.rf.119e0e60e995c3797978745a3d68ebf6.jpg,1,0,0,0
teammmate00351_jpg.rf.94eb3d223af4c42f0d4d4faa29282b1f.jpg,0,1,0,0
sova02081_jpg.rf.a5e3516cd5dc703003c53c0c61c0a379.jpg,0,1,0,0
teammate101321_jpg.rf.d4ea17d6ad5e5342dc0cfb6c191a09e1.jpg,0,1,0,0
neon01151_jpg.rf.0e27d8c72716808ba5bcd972e284c863.jpg,1,0,0,0
teammmate01411_jpg.rf.a1f7eaf89b8cd0c4cf677286cc5882ee.jpg,0,1,0,0
teammate01381_jpg.rf.b1e04f9e51ee71f2f1f7ecae340dac3d.jpg,0,1,0,1
teammate01571_jpg.rf.7d30456f44022a9ce2a412830c830849.jpg,0,1,0,1
teammate01481_jpg.rf.4a25b275ffc7ada24bc3007dda5c9296.jpg,0,1,0,1
teammmate01431_jpg.rf.62760a22e6a53ea2d578e3bcea6f28d4.jpg,0,1,0,0
teammmate2201111_jpg.rf.a8c0d72ba911cd756bf6816fc92efde8.jpg,0,1,0,0
dm08211_jpg.rf.0f05c42a0e72fc055ed96aa0cbb1bf31.jpg,1,0,0,0
dm10091_jpg.rf.df2b34534e457b0e5da2a9790357d8e8.jpg,1,0,0,0
defuser101421_jpg.rf.1e475bf4e61acc50ec927fa0a333a304.jpg,1,0,1,0
teammate01001_jpg.rf.3b27741abe3c6928e2e23ec1196c5b0e.jpg,0,1,0,1
sova00981_jpg.rf.508814981bf0f0536f27856d236f4ad5.jpg,1,0,0,0
teammmate2200381_jpg.rf.52897b1185590d8c5ba2bd9ba1c6471c.jpg,0,1,0,0
sova02661_jpg.rf.89755d4f821660ab9014d3172141162b.jpg,0,1,0,0
teammate01391_jpg.rf.aeb61fcf87ac6da202820a7e9fa83adb.jpg,0,1,0,1
teammate101291_jpg.rf.fa4a4392f0478794aa241a49e4542093.jpg,0,1,0,0
dm06576_jpg.rf.83a26eb435d34343c4f19c5e48d49123.jpg,1,0,0,0
teammmate2200181_jpg.rf.c826f617cb9c586f6605e5f11e131004.jpg,0,1,0,0
teammate100461_jpg.rf.33f3fb3f2e9f097683fff80918ed2670.jpg,0,1,0,0
teammate01341_jpg.rf.9fb861e2833580b4963f42b08582e8da.jpg,0,1,0,1
dm02676_jpg.rf.3a3daf87be86f0b496b60d1a8d1769e4.jpg,1,0,0,0
teammmate2203271_jpg.rf.513b1640793782617286536766e0c0d7.jpg,0,1,0,0
teammmate2201931_jpg.rf.d7c22fe6d20926adfc57c8e24a7db8f6.jpg,0,1,0,0
sova00971_jpg.rf.32c51e54b6c9864fce78cb4cbb69e025.jpg,1,0,0,0
teammate101941_jpg.rf.2916de95b04e55a88c24b69a778b5e1b.jpg,0,1,0,0
teammate100491_jpg.rf.3a8a713cd7bcd7ab5c698bf5ddc162b4.jpg,0,1,0,0
dm10076_jpg.rf.29e39f29ce5c5f0c4c3c310e4fc64c18.jpg,1,0,0,0
teammmate2201421_jpg.rf.9b3dc66d896b28f0d8c52e2dcd5c01a2.jpg,0,1,0,0
defuser101581_jpg.rf.b2b7e72e0bb564838f36b004f5f2145b.jpg,1,0,1,0
teammate101341_jpg.rf.d518db6868740ca8651dd55d2ba44f91.jpg,0,1,0,0
dm09416_jpg.rf.da80077df96692b7b07447c574b4cc39.jpg,1,0,0,0
teammate300931_jpg.rf.e0c7728ae0e4076206d67f385f382c53.jpg,0,1,0,0
sova02631_jpg.rf.eda13e96c2587a952be26647851f06fc.jpg,0,1,0,0
dm04911_jpg.rf.0bd988f8e9575e92ca95768c80985bf1.jpg,1,0,0,0
omen01861_jpg.rf.41634f14f20134bd747b8df9299ba1e8.jpg,0,1,0,0
teammmate2201941_jpg.rf.4ecf2928442627d2992d20bcd461c400.jpg,0,1,0,0
sova01271_jpg.rf.59594dd16e217e125c7a240aae02d5c6.jpg,1,0,0,0
dm10096_jpg.rf.789f9e10698ce59c5f8a1e4b17e783c6.jpg,1,0,0,0
teammmate2201011_jpg.rf.829df4d53b4316ca9ca1d5c2cd424989.jpg,0,1,0,0
dm02646_jpg.rf.50702273112bbd8eb50de6e2ea63c247.jpg,1,0,0,0
dm04871_jpg.rf.aa62af6364cab5d7d120909fa3a1cac6.jpg,1,0,0,0
sova02151_jpg.rf.c7dc363348086d6f2dbfdb063311a48d.jpg,0,1,0,0
orb00441_jpg.rf.bdaa46ebc0acdc9d772436e534376e42.jpg,0,0,1,0
plantedspike00151_jpg.rf.eba964942a9ad36a0ae736a6cbe92921.jpg,0,0,1,0
dm06601_jpg.rf.281f2b423998e4eba8d47ea16147f738.jpg,1,0,0,0
defuser100531_jpg.rf.34c276f2230799122de801e610f2d5af.jpg,1,0,1,0
teammmate2201981_jpg.rf.a8b50db18ee8c41b47afe454b1ff2d83.jpg,0,1,0,0
teammate00241_jpg.rf.649dd44aa1f3d4c787aca0d5d8d89aff.jpg,0,1,0,1
dm09856_jpg.rf.2e86c9948cd94c74eb7f714e69af1ebb.jpg,1,0,0,0
omen00661_jpg.rf.9abc8d2f0535dcb22057a0b89da8b147.jpg,1,0,0,0
dm00836_jpg.rf.d47ea43787be36cce54404f8fb60166f.jpg,1,0,0,0
dm01141_jpg.rf.9517d2353bdfe707cd87df71133a78da.jpg,1,0,0,0
dm00871_jpg.rf.3d0d3e6c2ffe7176655db597919866db.jpg,1,0,0,0
teammate101841_jpg.rf.7e26bd1a9825b26caa5f55d28d2ce096.jpg,0,1,0,0
teammate01671_jpg.rf.7ee4aa64033f7f973e04fa770ce50db0.jpg,0,1,0,0
orb01021_jpg.rf.a251227b6571d74ee6098dc7a38a8f02.jpg,0,0,1,0
dm02386_jpg.rf.d2715be2ac769ffa13b31fdab600ebe6.jpg,1,0,0,0
neon02211_jpg.rf.f70b059a1b70edc542745158868a9034.jpg,0,1,0,0
orb01001_jpg.rf.2063fccc4597412d1583d1528dd9e745.jpg,0,0,1,0
dm02521_jpg.rf.4b6321b1ebe9aa3f7ba6a5b9793584ae.jpg,1,0,0,0
omen00651_jpg.rf.d5f9b7e4709a0ee3293cd5d712b2f74a.jpg,1,0,0,0
enemy200691_jpg.rf.e49105e383f6d1e19d1f6c1312764bb1.jpg,1,0,0,0
enemy01061_jpg.rf.58f3e9f9a2f1a231c8caa7e01b9762bb.jpg,1,0,0,0
neon01611_jpg.rf.32dcb62c6539a71b265f24056ae7605c.jpg,0,1,0,0
pheonix02591_jpg.rf.fb891f029f48f8e6a697ef254c597586.jpg,0,1,0,0
orb00931_jpg.rf.2821f8808c6d38d4bf937627e2079719.jpg,0,0,1,0
defuser100681_jpg.rf.f2d815ae705a648978ac0d49a06aecd7.jpg,1,0,1,0
teammmate2202271_jpg.rf.27fe4d0bd888d38fc91e210fc7f90fdc.jpg,0,1,0,0
teammmate01591_jpg.rf.26c51270845b9b43f8f613f997d1ff66.jpg,0,1,0,0
orb02051_jpg.rf.43bd9f4762f909e551fc1075761505a8.jpg,0,0,1,0
dm04511_jpg.rf.2ac4d31fbea1ef388bc36d04963aa61d.jpg,1,0,0,0
orb00991_jpg.rf.63ea13c8d713f25459d40bc767bd2746.jpg,0,0,1,0
sova01491_jpg.rf.678ca1dfae6deefd46c115e59a73e884.jpg,1,0,0,0
teammate300621_jpg.rf.a1e77f2039003079ee7efa21fa3e980e.jpg,0,1,0,0
orb02441_jpg.rf.38a4587d5c84ec4fc59f8f4e3b369282.jpg,0,0,1,0
teammate300311_jpg.rf.2d4ed000af246c6f742611c3d6a72c3c.jpg,0,1,0,0
teammmate2202331_jpg.rf.6c14ecf8955b2a86c2908ce2e34f4259.jpg,0,1,0,0
omen00741_jpg.rf.65f731ed3cf9d065c0c04b5a906a5a1d.jpg,1,0,0,0
omen02171_jpg.rf.3a0a1fbd43f2cde49a51eb827c0bb8f5.jpg,0,1,0,0
dm03806_jpg.rf.05b3e476ba335f6433a13b78319fb292.jpg,1,0,0,0
teammate101571_jpg.rf.2e07c1b051894fda56ebead52db5da4b.jpg,0,1,0,0
teammate101001_jpg.rf.5a2221fe824b3efe61897a1026b0c25f.jpg,0,1,0,0
dm08791_jpg.rf.0379018916d8e903c254e0cb3bb9b304.jpg,1,0,0,0
teammate01081_jpg.rf.4e8df7f1ea91e78f3d90a5e19098a64a.jpg,0,1,0,1
omen02131_jpg.rf.05984a25e313ae3c9c3a1e69da7429c1.jpg,0,1,0,0
teammate300411_jpg.rf.3b2cf2fe113b8c41ff97e2caca2b7244.jpg,0,1,0,0
teammate01181_jpg.rf.c0ae1b96259c78c2de7dae8d0a4c9d80.jpg,0,1,0,1
teammate101621_jpg.rf.25d1a18a27a89ecf9e59bd244051cc90.jpg,0,1,0,0
droppedspike00331_jpg.rf.8ffb5e8c6e4354e92989699355c90153.jpg,0,0,0,1
teammate00361_jpg.rf.9f39718ee2599bf0c1539ef4e6cfc8d8.jpg,0,1,0,1
dm04731_jpg.rf.f63a121ba77a772b357b2c12cd83a42e.jpg,1,0,0,0
omen00731_jpg.rf.93cc0e5f6bb854badcce9f4b2323590a.jpg,1,0,0,0
dm13656_jpg.rf.d1966a7d6fb1c41084dd5383915b1d4b.jpg,1,0,0,0
orb01101_jpg.rf.b0c634c4d5c57b56909ec633025f9f48.jpg,0,0,1,0
neon00121_jpg.rf.223bf84c2a3f3a2038fe3c489bc2227c.jpg,1,0,0,0
droppedspike00361_jpg.rf.d1604ee5c82798bea3cec1753e56b514.jpg,0,0,0,1
teammate200441_jpg.rf.e450a21c97b6698dfb6aa94b3a3ca5c8.jpg,0,1,0,0
teammmate2202611_jpg.rf.37fa5a2b68fde19b3af0d784ed2846ca.jpg,0,1,0,0
sova02341_jpg.rf.a9f49e86144f583f2744da50a28abd33.jpg,0,1,0,0
defuser00421_jpg.rf.5f09d40da896577c6f65193674ffec6b.jpg,1,0,1,0
dm06946_jpg.rf.4c341848db38921ee340b019b208d83b.jpg,1,0,0,0
enemy01711_jpg.rf.68238cb8ac389f91f4fe3bf5cc59f5f4.jpg,1,0,0,0
teammmate2200451_jpg.rf.ba70a31b94334add452532f0bac2b1c7.jpg,0,1,0,0
teammate101561_jpg.rf.b64be5f8ea6c787202fb54a3e14ff19c.jpg,0,1,0,0
teammmate01571_jpg.rf.41c20b05fc79bd279fe825a304e598de.jpg,0,1,0,0
killjoy02311_jpg.rf.705672f3cd16560b846545ea7c5dcf33.jpg,0,1,0,0
dm18376_jpg.rf.d98a123a66f6ac7f124be487dc42ea05.jpg,1,0,0,0
killjoy02381_jpg.rf.40e1ef9455e0d08b1f8b8398e0c5a4c6.jpg,0,1,0,0
pheonix01841_jpg.rf.4f6ec5aa6f4efa8fb006b6f32f166ccb.jpg,0,1,0,0
omen01101_jpg.rf.8ee07a188de7c588cb70484fed742825.jpg,1,0,0,0
dm18106_jpg.rf.3859e02e3504076cb5573196a9b9c6a9.jpg,1,0,0,0
enemy300071_jpg.rf.4ee747cc1f4a141a0a75782808e0eb92.jpg,1,0,0,0
dm09971_jpg.rf.3fb06ada7e017b2f9b6046107c28d554.jpg,1,0,0,0
teammmate2201681_jpg.rf.61c5c3dd48b97500a786269cdd179430.jpg,0,1,0,0
pheonix01781_jpg.rf.fd16adcffb865dbc5174058724b17c41.jpg,0,1,0,0
teammmate2201571_jpg.rf.24deea8ce8678c435a2f589ae9727c82.jpg,0,1,0,0
dm17701_jpg.rf.b534e3feaa890b944af85a82243d9eff.jpg,1,0,0,0
dm13896_jpg.rf.2a1ef4f42d2b9331587eadfd8c3acee0.jpg,1,0,0,0
pheonix01901_jpg.rf.34ff7c0bac2e21021d6d9a2804e21631.jpg,0,1,0,0
dm09636_jpg.rf.70aba6f068e484fa7f4400bbcedee1eb.jpg,1,0,0,0
dm09816_jpg.rf.787eee7571fce8c01f9ad88c6c2be168.jpg,1,0,0,0
teammmate2202401_jpg.rf.2aa24e5133e99c351f8d84cec93f354f.jpg,0,1,0,0
teammate01741_jpg.rf.88bfed1cf687cfe6f547e77d62d13491.jpg,0,1,0,1
sova01151_jpg.rf.dfedb15504b5c1a0ec639fd94718f7ff.jpg,1,0,0,0
sova01211_jpg.rf.8aad91bd3b01734feb83fa4c889743d2.jpg,1,0,0,0
dm01461_jpg.rf.c4e5a646e457210c51f0fa30b9e0d057.jpg,1,0,0,0
teammmate00521_jpg.rf.9c89959f1c642222981b35efaa94d377.jpg,0,1,0,0
killjoy02341_jpg.rf.25ec002fce1660be3e72e825a98b9c08.jpg,0,1,0,0
dm00876_jpg.rf.7f2c44feda64b2dbf224354df2796d04.jpg,1,0,0,0
teammmate00231_jpg.rf.abf089acae7ab7c5089e9ab579280b64.jpg,0,1,0,0
pheonix01771_jpg.rf.11b9fb68fa52d8cc2b9268fa60708912.jpg,0,1,0,0
teammate101141_jpg.rf.f2bfbbdc204b8eac4a8adceef8b62f89.jpg,0,1,0,0
dm14656_jpg.rf.e1fd2a1d8f7fd5baf5865620e388c0fd.jpg,1,0,0,0
omen00801_jpg.rf.f337d007f2757031ef54bf13096c699c.jpg,1,0,0,0
teammmate00201_jpg.rf.09c5cdd5fc74086d1438860cb4a1f64c.jpg,0,1,0,0
teammate101071_jpg.rf.62f0d90d3ea396f7828df4203e12778b.jpg,0,1,0,0
enemy01701_jpg.rf.b14ac1d94e903babc95db6e75c7c664b.jpg,1,0,0,0
neon02001_jpg.rf.c17361bef221de317567702ba05fc11b.jpg,0,1,0,0
omen00681_jpg.rf.f3b8ca27121eaed548360869ddf9785d.jpg,1,0,0,0
sova01111_jpg.rf.3ef07fce0c036af74fe206be329271ee.jpg,1,0,0,0
droppedspike00161_jpg.rf.9f3237b56c536d6c2835fb14f04a5daa.jpg,0,0,0,1
dm06521_jpg.rf.0c1947950b528c5771b6925cd6012faf.jpg,1,0,0,0
dm04691_jpg.rf.e212dca25ae80b69518e730149813d51.jpg,1,0,0,0
teammate200461_jpg.rf.2647d1cdb11a0a58b2aa3d0120db2c21.jpg,0,1,0,0
neon01971_jpg.rf.73cae296004e9f91d4046b1064bf034e.jpg,0,1,0,0
defuser101781_jpg.rf.ba494df9de03970e0130f6e8c6776f05.jpg,1,0,0,0
teammate101111_jpg.rf.2ea34b1f8d2e4256204400f59449720b.jpg,0,1,0,0
teammate00961_jpg.rf.92f0c648abb497faf0f9c3ac75e78f98.jpg,0,1,0,1
dm04726_jpg.rf.63be1285bb1752dc11235ad043a295d8.jpg,1,0,0,0
defuser101681_jpg.rf.d1e5da2c1e2f62676636ef202c07ed9b.jpg,1,0,1,0
teammmate01761_jpg.rf.939d51b75cf8e78f1895e05591f155ad.jpg,0,1,0,0
dm01311_jpg.rf.ae0e6b89c6961ea18df343f9a71d91e6.jpg,1,0,0,0
teammate200371_jpg.rf.f0948dd47d4d89c7f51747ed82dcf24f.jpg,0,1,0,0
dm03771_jpg.rf.a9f5dfc6767e1239da311042431807db.jpg,1,0,0,0
omen01461_jpg.rf.4e6d2c40c0ffe6599be589b231ed6e4a.jpg,1,0,0,0
omen00751_jpg.rf.b6051d7bb94dfe906644fece7d5aa113.jpg,1,0,0,0
dm04716_jpg.rf.be7902bb5967a89d3eb782b877187c1a.jpg,1,0,0,0
neon00711_jpg.rf.96f5a7d79fd01fadb1cbf3bd9050f204.jpg,1,0,0,0
teammate101501_jpg.rf.ea987d7d42748ae7d0e454ea06293081.jpg,0,1,0,0
enemy01621_jpg.rf.7c446ed494b5b4104f605931fdcd4948.jpg,1,0,0,0
omen02381_jpg.rf.cbe398c0e045e5240eb65f9a86b58972.jpg,0,1,0,0
omen02281_jpg.rf.bb2ffb640ac1f169e2a1ceb177d16955.jpg,0,1,0,0
omen01421_jpg.rf.dacfa566231a3d761d126ffd698feb11.jpg,1,0,0,0
teammmate02131_jpg.rf.a927ae5a7ead1b963364bd26e1159736.jpg,0,1,0,0
neon00691_jpg.rf.e480c873ee19ae397ecb30b3267f7742.jpg,1,0,0,0
enemy01761_jpg.rf.e9e2a5d4099deb7ba6190f5c187320c8.jpg,1,0,0,0
teammate01721_jpg.rf.6b2faa2c887857d97fe1c11cf48a3f4e.jpg,0,1,0,1
sova02301_jpg.rf.587cc9170b988de6d9cdb3bab9d1e905.jpg,0,1,0,0
teammate200091_jpg.rf.b33f988c041b5f50faab86b3a3867fe1.jpg,0,1,0,0
teammate101131_jpg.rf.da468ecbbb6181994361a17dc2a0959f.jpg,0,1,0,0
omen02241_jpg.rf.db6e17ec224403d892e7bf9253411c6b.jpg,0,1,0,0
teammmate00461_jpg.rf.0bee4a118ce9140bbfba397d6e130394.jpg,0,1,0,0
dm08781_jpg.rf.6857bfcb8a750259fb628d4639ad4b5f.jpg,1,0,0,0
dm06256_jpg.rf.0176e590191db025d13b659a81d33f8b.jpg,1,0,0,0
dm05276_jpg.rf.b2e0b6a68c0fa1ac6287c44fa39317e1.jpg,1,0,0,0
dm08036_jpg.rf.547b9976098da6198af88825ac2894b5.jpg,1,0,0,0
dm06531_jpg.rf.7bd260365ce487a8ff23e7035d42bfc5.jpg,1,0,0,0
dm06991_jpg.rf.7c67ecc4c2241d215832ef8949c28e31.jpg,1,0,0,0
dm07966_jpg.rf.3a08b48111b943c0bb212520ab146da4.jpg,1,0,0,0
dm15746_jpg.rf.9cb7f2136c65a4d75b0fa320830cd1a4.jpg,1,0,0,0
teammate200481_jpg.rf.0c6acf34ec53f52a1dfd451873133306.jpg,0,1,0,0
enemy301001_jpg.rf.07c232136e691b19d852c3690fdd797d.jpg,1,0,0,0
droppedspikerino00531_jpg.rf.4695366ed80dfcb78c02cd49b3794542.jpg,0,0,0,1
enemy301081_jpg.rf.619052fce47c060e45e9b0fb83561827.jpg,1,0,0,0
skye01211_jpg.rf.280244f679731a3410b637181f0d5b1b.jpg,1,0,0,0
enemy01451_jpg.rf.519b5b459fdf564d6da04d6e401147f0.jpg,1,0,0,0
droppedspikerino00861_jpg.rf.57059a84d2854ad2f5644e79660c97c7.jpg,0,0,0,1
sage00611_jpg.rf.2a5aa858a1f82afa885997b0f7b70200.jpg,1,0,0,0
ennemy200161_jpg.rf.fdf440c00caa8227abe417407c81b51a.jpg,1,0,0,0
teammate100241_jpg.rf.d33337cfc8bca2de2ec7cb46097c50f4.jpg,0,1,0,0
droppedspikerino01011_jpg.rf.dec697c5a0d37fb5076933f3c79610a0.jpg,0,0,0,1
skye01731_jpg.rf.08125deb54c9cc7904544a6c9c38b9c8.jpg,0,1,0,0
enemy100551_jpg.rf.e1e31c742a50aaa8587fd3b0e49f6b08.jpg,1,0,0,0
droppedspikerino00991_jpg.rf.251f073ed258f56b599a524b4eb0887c.jpg,0,0,0,1
raze02171_jpg.rf.5336182229d60a619007bf568ea28388.jpg,0,1,0,0
enemy200901_jpg.rf.596398b87cfd52cf144a36e1badb4bd7.jpg,1,0,0,0
enemy00341_jpg.rf.4391a1042fd71412976ad4545620e243.jpg,1,0,0,0
skye01701_jpg.rf.41b7e632b86c1cd887540398edcb286c.jpg,0,1,0,0
droppedspikerino00921_jpg.rf.472db82b3ccfeff47ab52db2643617a6.jpg,0,0,0,1
raze01241_jpg.rf.58ec17ddb88bfc478207404d58f4e9bb.jpg,1,0,0,0
enemy100531_jpg.rf.7bbaa4b698dde893ea05acf11ffa94bb.jpg,1,0,0,0
kayo00261_jpg.rf.bd617f2c2f695ed4ce3245daf94dd143.jpg,1,0,0,0
teammate100211_jpg.rf.072faea24b2ceda7fb22fea5461c0898.jpg,0,1,0,0
teammmate2202751_jpg.rf.88f19d38bd6734938a84f10b958e8adf.jpg,0,1,0,0
teammmate2202821_jpg.rf.4d134919e3c644e93e502ee0bd6b14a2.jpg,0,1,0,0
skye00851_jpg.rf.1ee3d3bd46705f8decd20d6b0e92ce3d.jpg,1,0,0,0
skye01421_jpg.rf.639d5f6de626f61c7add525a8545b3dd.jpg,1,0,0,0
enemy01341_jpg.rf.fbbca6049eb4c9b6e16e7f6f3ca754bb.jpg,1,0,0,0
enemy301011_jpg.rf.b239444b75d408495016ea965b20d381.jpg,1,0,0,0
enemy01501_jpg.rf.3b608da7cabd36a0e37005926a44fc60.jpg,1,0,0,0
dm16191_jpg.rf.0b5d3a6991d1b5c5426743a56929413a.jpg,1,0,0,0
sage00561_jpg.rf.9639f445b7c2175752c159f641f4f82b.jpg,1,0,0,0
droppedspike00621_jpg.rf.d758f5c8133d1add1df44eb98ac6ff81.jpg,0,0,0,1
teammmate02051_jpg.rf.3f1a12787e2923d964a3a12da1a7d918.jpg,0,1,0,0
dm16171_jpg.rf.a2db9216bba222c82edb91ef64070613.jpg,1,0,0,0
kayo00241_jpg.rf.666ea6e411073ded81a2a8964c76ec7f.jpg,1,0,0,0
enemy01441_jpg.rf.3a50e1afb07adf210c88b7dc4dca63f1.jpg,1,0,0,0
teammate100851_jpg.rf.9a0053cd899654f214e805ebfc6bb8cd.jpg,0,1,0,0
sage00661_jpg.rf.bc48d0844dd379668a37ea66fa909967.jpg,1,0,0,0
teammate00671_jpg.rf.322df9c3a1e4d581c87f41bb73c85500.jpg,0,1,0,1
droppedspikerino00101_jpg.rf.7d5d7a7bfe01a806be6290c19e939b41.jpg,0,0,0,1
enemy201011_jpg.rf.4af17501cf30ac36271257828b02759f.jpg,1,0,0,0
enemy00261_jpg.rf.bc3bf0b77083580f3fc2a378a53ba1aa.jpg,1,0,0,0
dm15911_jpg.rf.6bba0b729aecf0a49459139aee117eb5.jpg,1,0,0,0
ennemy201491_jpg.rf.8a104ab0d0cf2dd8dcc66313cddfe45e.jpg,1,0,0,0
skye01641_jpg.rf.0fc0ba4f3b2a671aaf1c7f492bbe85e8.jpg,0,1,0,0
killjoy01931_jpg.rf.2892488017c9b6485434dafbd9d4bfaa.jpg,0,1,0,0
enemy01361_jpg.rf.5d87e97224287fae9b830efba0e2aad1.jpg,1,0,0,0
droppedspikerino00231_jpg.rf.612225255adb2b45b85a65d93c92f427.jpg,0,0,0,1
raze01921_jpg.rf.913abb318c02c7d95abdcb631f080f99.jpg,0,1,0,0
ennemy200221_jpg.rf.e36c6ba00e6709c74f31002e6b8faf17.jpg,1,0,0,0
sova01661_jpg.rf.a86a55d7cea7795808901db6d0c55811.jpg,0,1,0,0
ennemy201391_jpg.rf.5d9d75cb628b91352ff70c601dc19db8.jpg,1,0,0,0
raze02301_jpg.rf.f7607e4b5e7d9b388e8f6fae2250f2f6.jpg,0,1,0,0
skye01201_jpg.rf.c5512a777668d3d98f87112780bd6862.jpg,1,0,0,0
dm12776_jpg.rf.267238796767c4b8ede5d618579411ca.jpg,1,0,0,0
fade02541_jpg.rf.2068c13ff6d07c453db6e15c79f9ec11.jpg,0,1,0,0
droppedspike00931_jpg.rf.e3cac8ebfed54eaf4545ba9446136306.jpg,0,0,0,1
teammmate2200871_jpg.rf.f6b43ba38ee29fc2dd0986e48960cbe2.jpg,0,1,0,0
dm16196_jpg.rf.8bc546e069ae570231d71b40bc171093.jpg,1,0,0,0
droppedspikerino00151_jpg.rf.41fa4c3077893bf7eb1edc911da96857.jpg,0,0,0,1
enemy02541_jpg.rf.93946cf6aca92ccfe1e3c0fad9d6b07b.jpg,1,0,0,0
sage00621_jpg.rf.753adbbb4c8bdb29e18b915ddee0d012.jpg,1,0,0,0
teammmate02071_jpg.rf.ab2384efccb1f089f4e8bb6d080a7c95.jpg,0,1,0,0
ennemy200591_jpg.rf.7416c028735535a87bb897cc20188588.jpg,1,0,0,0
raze01961_jpg.rf.6be036d44915677241a1d37cb85824b4.jpg,0,1,0,0
skye01171_jpg.rf.9ac53d2c24ef1c0a8fa4c8b316a3ad2d.jpg,1,0,0,0
enemy00321_jpg.rf.66c57fb37ba533dabe741c56ce6d0578.jpg,1,0,0,0
killjoy01871_jpg.rf.a70007ad48df449e26f842c99595445e.jpg,0,1,0,0
enemy02511_jpg.rf.cf0998ee57520e2b96a5b977563ee363.jpg,1,0,0,0
skye01631_jpg.rf.e9c6366273861693f8066466a10fa6ac.jpg,0,1,0,0
sage00241_jpg.rf.1e83fe04a62db7b7518bb274576805a9.jpg,1,0,0,0
enemy02521_jpg.rf.731410d0e5e00a9e9d0ee3e396314a0f.jpg,1,0,0,0
raze02331_jpg.rf.341da6b4595994ba76985eba6940050e.jpg,0,1,0,0
teammate100771_jpg.rf.7160301d05115c9125e50ab1636f884a.jpg,0,1,0,0
enemy300031_jpg.rf.429759bd5a65ae6ef17acedaa3cf5fd4.jpg,1,0,0,0
raze02341_jpg.rf.fed23bd051823bcf09b3bdbce0113724.jpg,0,1,0,0
teammmate2202671_jpg.rf.10193fd08e32a07b4cebf23fccd4c488.jpg,0,1,0,0
enemy02581_jpg.rf.af05bddf818418d791f51a536c51ddd4.jpg,1,0,0,0
kayo00171_jpg.rf.1c67a73ac8be46f47c7d210574607895.jpg,1,0,0,0
teammmate2202831_jpg.rf.6fc79690ae48e9c0547050c87d1fba91.jpg,0,1,0,0
kayo00191_jpg.rf.7046ffd3ca73522d966c5504adfea713.jpg,1,0,0,0
sage01621_jpg.rf.b03995977fda429875d5e764dd10c271.jpg,0,1,0,0
reyna02481_jpg.rf.b6a2d3e49d2613e1ba2e575a0072745d.jpg,0,1,0,0
enemy02601_jpg.rf.d7ec149e90168e4528d7eda4a79c0af4.jpg,1,0,0,0
enemy100171_jpg.rf.9b80d7d70f38cbaee4f265a39768cd16.jpg,1,0,0,0
enemy300021_jpg.rf.0a8c650c5c7112ad0d3714020375624a.jpg,1,0,0,0
ennemy201431_jpg.rf.f8ffa59e90a2732fa74cdb76a542922a.jpg,1,0,0,0
enemy100431_jpg.rf.4d669e0955f74b54c0372f3348a6ef3f.jpg,1,0,0,0
teammmate02041_jpg.rf.4f8129d9365888afff970784441692fb.jpg,0,1,0,0
teammmate01941_jpg.rf.688f1c3ad817a66e0942c952d8c0732b.jpg,0,1,0,0
enemy200061_jpg.rf.b89912d92ed3cad7d4cf7e3b876c76f2.jpg,1,0,0,0
sage00671_jpg.rf.987b6fd764c5959a60d43b23d0677335.jpg,1,0,0,0
enemy00351_jpg.rf.60bf18db206c0a1747ac9a14438be88d.jpg,1,0,0,0
droppedspikerino00521_jpg.rf.8f916b1ad30d481644bd409f32f85190.jpg,0,0,0,1
ennemy201481_jpg.rf.7ceddd2c61c6fbcfde508445f2e17094.jpg,1,0,0,0
droppedspikerino00191_jpg.rf.2efce34e3245946d7d4ccc8a062edee4.jpg,0,0,0,1
ennemy200211_jpg.rf.faf4aca196a13af67ca17ce41f57f8f2.jpg,1,0,0,0
teammate300811_jpg.rf.e8d5e36bc483ee87c99a1b8f4c1c10c9.jpg,0,1,0,0
sova01681_jpg.rf.373ed5107646451d6d73ce3bfffec2a5.jpg,0,1,0,0
teammmate01071_jpg.rf.449fea42543fe048f18a149d0f0f2e23.jpg,0,1,0,0
skye00921_jpg.rf.ea734044688d053bbd963e93f59a23b1.jpg,1,0,0,0
scena00021_jpg.rf.8410cecb7821026e921de8456dddd028.jpg,0,0,0,1
ennemy01061_jpg.rf.e5daa7395ab5427eddc2624ba8e3ae52.jpg,1,0,0,0
brimteammate00451_jpg.rf.c487ededca14c08542c0a41498a0b9dc.jpg,0,1,0,0
fade02141_jpg.rf.1770b225e129850d5d3e99b2f40e3e0b.jpg,0,1,0,0
ennemy200821_jpg.rf.39868c2f7dba7d7c781e7ebc428f4860.jpg,1,0,0,0
reyna01631_jpg.rf.99d6c4ee21fa30ba7d4899bebc90d378.jpg,0,1,0,0
ennemy00971_jpg.rf.c5a78b989eccc16df19bc2f2a622d5a6.jpg,1,0,0,0
reyna01291_jpg.rf.7470556b13c4aa5c547b75c47fdafce7.jpg,1,0,0,0
astraenemy00231_jpg.rf.e88a50dac77fc07b05e2c6574b09e8cd.jpg,1,0,0,0
fade02051_jpg.rf.55c04e3b36d1272f3c691267da12375a.jpg,0,1,0,0
teammmate3301121_jpg.rf.f5ed19dd573c8b77dc9d860dc1533a9e.jpg,0,1,0,0
chamberteammate00801_jpg.rf.c43986f09cb247b61fdc684b9cdc6076.jpg,0,1,0,0
reyna01271_jpg.rf.37a29f37f4c1e509a02055b8297f64af.jpg,1,0,0,0
reyna01621_jpg.rf.566e021b2f1938c04d870bec13444f39.jpg,0,1,0,0
ennemy00991_jpg.rf.b3b8c18f36330b8283256cb142ee883b.jpg,1,0,0,0
killjoy01171_jpg.rf.bd0420b1d7c760b3eda662765eb72663.jpg,1,0,0,0
sage01991_jpg.rf.00eaeb9b73de66fd014a48cb6aa1de4a.jpg,0,1,0,0
cypher00341_jpg.rf.277c7889f8ef392f47eaa7c8c07df841.jpg,1,0,0,0
killjoy00211_jpg.rf.795faf2c0819f14b9bf12d871857be16.jpg,1,0,0,0
skye02711_jpg.rf.de8e9a05d0b99cd55a49ba72be37c912.jpg,0,1,0,0
fade01081_jpg.rf.02a3983f1f628d2a2f5766c76b36ed35.jpg,1,0,0,0
ennemy00721_jpg.rf.1083caadb1504e8b8630b6a2bfd6fa16.jpg,1,0,0,0
Jett00411_jpg.rf.61bbaf8667838caf3251e3780fac25bb.jpg,1,0,0,0
Jett00241_jpg.rf.3a67c2747a9d4fddd162fe1ea4ad81d5.jpg,1,0,0,0
Jett00201_jpg.rf.719a4817fe1c28dfb7fc477f35cfe36a.jpg,1,0,0,0
kayo01341_jpg.rf.cc14ce126dab0ba6515c655d698cc644.jpg,0,1,0,0
chamberteammate01121_jpg.rf.ea5bdee8ab69b1ba0791785bc87e198e.jpg,0,1,0,0
Jett02351_jpg.rf.e664f5a073ade6aa7d90dc8de6acc98f.jpg,0,1,0,0
kayo01851_jpg.rf.0b9515baa407da409f58a4e54976e1ec.jpg,0,1,0,0
dm13621_jpg.rf.41bc8ef00fcb3083134be7163a491408.jpg,1,0,0,0
Jett02331_jpg.rf.59045dd267651965193b56dee59cbb22.jpg,0,1,0,0
reyna00171_jpg.rf.f7e95476e7c1f1d0769d59e0c0fe8449.jpg,1,0,0,0
raze02651_jpg.rf.66ead3c02063515272d31d9a3c1ffc00.jpg,0,1,0,0
killjoy01041_jpg.rf.8fbadc2c40fd1279eaf72dddfbc92a8e.jpg,1,0,0,0
raze00481_jpg.rf.80f275b0954a47fb30ecc6db03ba6521.jpg,1,0,0,0
Jett00191_jpg.rf.a5320ea8cd7efb71d63a54327c58a017.jpg,1,0,0,0
raze00301_jpg.rf.57c4bb6d6ef04224e0d9eab2f702eaba.jpg,1,0,0,0
scena00891_jpg.rf.9eba3592ae4bdcaf7bb1d7c2eb41b6ae.jpg,0,0,0,1
ennemy200831_jpg.rf.d9a40e18749b6a4c118d38bda20ea3c3.jpg,1,0,0,0
ennemy202021_jpg.rf.74e0263cfd9fd4d75c82a66183f72077.jpg,1,0,0,0
chamberteammate01091_jpg.rf.3fd8a711ada9330310c5ad4854cafc75.jpg,0,1,0,0
ennemy200851_jpg.rf.7197ac7cf936e7a840c8a87d632cfde7.jpg,1,0,0,0
ennemy202031_jpg.rf.859a258c2abf3eff5cc4fc93892d721c.jpg,1,0,0,0
reyna01301_jpg.rf.316084793c9b1247bf2dfbe6a7c04d0d.jpg,1,0,0,0
killjoy00581_jpg.rf.c6ea839cc327d1f2044b24141c0a1075.jpg,1,0,0,0
fade00691_jpg.rf.2dd1e3e2367234f916b1e520086edcd7.jpg,1,0,0,0
Jett00231_jpg.rf.f2a992d2fce1fc1f45f20e6d3b9a2741.jpg,1,0,0,0
scena00621_jpg.rf.b7385444100f70e475ae987217971f19.jpg,0,0,0,1
Jett00891_jpg.rf.84877a079d09b4e3d7fe16ff8cc90e3a.jpg,1,0,0,0
reyna01281_jpg.rf.8f76defaa46e122f81afa2a8940ede40.jpg,1,0,0,0
sage01981_jpg.rf.012a52749385abd37280b793d99d6491.jpg,0,1,0,0
fade00011_jpg.rf.01b72a1ba7a8b7fced3b1c1f700e1f23.jpg,1,0,0,0
skye02661_jpg.rf.6e12d5e260ea403fd2c1fbcae6b6067a.jpg,0,1,0,0
fade01421_jpg.rf.7cf3ff10091097fdac40e597a7a8bc73.jpg,0,1,0,0
cypher00351_jpg.rf.a8a7af4e61ba4c643af7b054aa00231f.jpg,1,0,0,0
cypher00631_jpg.rf.fe537527214fa1a454681d0cef06a163.jpg,1,0,0,0
kayo01521_jpg.rf.c4b6ea14ef3b6484cd2d192f04c539fc.jpg,0,1,0,0
ennemy202161_jpg.rf.e217e6a2ec2ff469bf5727d3ce112012.jpg,1,0,0,0
reyna02131_jpg.rf.376018713f3a13b9776a8853270b7fb4.jpg,0,1,0,0
Jett02291_jpg.rf.17159e38380e048f9233fdf39df83760.jpg,0,1,0,0
kayo01781_jpg.rf.197a7249b874a3b422695cc3e35a204a.jpg,0,1,0,0
Jett01171_jpg.rf.7374e406c1b77d2a8d56ab10edc3959a.jpg,1,0,0,0
astraenemy00881_jpg.rf.bc6d70dffff45ea4352ed5a87599583c.jpg,1,0,0,0
Jett00351_jpg.rf.4fa671ed437f73b4237e03dec2233b66.jpg,1,0,0,0
teammmate3300601_jpg.rf.9c34b9f33bb1d5d65be509119ba3292f.jpg,0,1,0,0
Breachteammate00121_jpg.rf.0fc62121e88398159efbaf2bd392ae56.jpg,0,1,0,0
teammmate3300561_jpg.rf.d74e3409d18428df7a94ca873712f1e0.jpg,0,1,0,0
brimenemy00731_jpg.rf.633aacbc430eebf313abca7c806bd394.jpg,1,0,0,0
fade00191_jpg.rf.2b1db529d62b56b06d52896d42603b39.jpg,1,0,0,0
Breachteammate00031_jpg.rf.a1fce8973b6b90dfae2b8b31325e030b.jpg,0,1,0,0
sage02251_jpg.rf.188374d6d9664eb144960ade7efceb5f.jpg,0,1,0,0
sage02321_jpg.rf.191b9c1ff0209bd17d536a3e237796ac.jpg,0,1,0,0
scena00331_jpg.rf.797734b45a1c6f96b69b80ec1849924d.jpg,0,0,0,1
astrateammate00481_jpg.rf.d0ea1c15a17e18e3be0a6df1aa5bec88.jpg,0,1,0,0
sage02361_jpg.rf.23bd61ff544a68015c2dcca061c6317e.jpg,0,1,0,0
sova00241_jpg.rf.b14093f9fe92ee4eec0a3aa2845f2207.jpg,1,0,0,0
Jett01231_jpg.rf.fb14ecfa6ac2255452d7caffa1c54b94.jpg,1,0,0,0
Jett01181_jpg.rf.2daf4dfe18da20ac24126ea74eb680dc.jpg,1,0,0,0
yoru02731_jpg.rf.3ccc17bbf1600684f662b9f37944823a.jpg,0,1,0,0
raze00821_jpg.rf.6f01666e81fa441152bd3e77151fc25b.jpg,1,0,0,0
reyna00301_jpg.rf.cd21c1be8f92a64b5d35bd6f889f9129.jpg,1,0,0,0
sage02351_jpg.rf.60d77a475976a8f38c4035b0d7f094f9.jpg,0,1,0,0
ennemy00851_jpg.rf.65fbff71c433737e6fa57f3d50d4febe.jpg,1,0,0,0
sova00261_jpg.rf.72baebed3c1d774103008b310d13dfaa.jpg,1,0,0,0
yoru00581_jpg.rf.25e8d7fad16a1321b5e38e77a4139142.jpg,1,0,0,0
Jett00361_jpg.rf.11fab57c4a6ef2320652138448ed90f4.jpg,1,0,0,0
teammmate3300641_jpg.rf.74497656dfa9624850d0d4bdf4d9d70a.jpg,0,1,0,0
Jett00911_jpg.rf.b1f1742267f6c75a7553e953af4922ed.jpg,1,0,0,0
fade02281_jpg.rf.82082e02532ce574bba45c650eadf2fd.jpg,0,1,0,0
cypher01111_jpg.rf.d0ce2af537f959a140d70d726a52670f.jpg,1,0,0,0
fade00321_jpg.rf.4e8fec033783fdb515c7768b19d7d489.jpg,1,0,0,0
chamberenemy00231_jpg.rf.c92edf8a615ec4f2bb717c9fda6479a8.jpg,1,0,0,0
astraenemy00021_jpg.rf.3d5022abbe74a04a29407d30129a26a0.jpg,1,0,0,0
cypher01181_jpg.rf.195f7acbf9aa0bd0db566ed31bec0330.jpg,1,0,0,0
sage02191_jpg.rf.b6ae497f23a9ecf3a8cac32612842037.jpg,0,1,0,0
sage02201_jpg.rf.30019d9ae43a0126bab94a892db4d5ca.jpg,0,1,0,0
cypher01061_jpg.rf.33545106eb3f3e9b46a587bde8772091.jpg,1,0,0,0
sage02341_jpg.rf.866c6a38ac8c39a1ab6ca8ec3bc7b879.jpg,0,1,0,0
fade01991_jpg.rf.a929804f24c8286771110d011de46c55.jpg,0,1,0,0
yoru02611_jpg.rf.d8331078d6003bc687cf10bec252d8a0.jpg,0,1,0,0
fade00971_jpg.rf.3e0b190a77580ea86d7e2adc98273949.jpg,1,0,0,0
chamberenemy00431_jpg.rf.8aec58c483964931cdc7c65c4a4e4950.jpg,1,0,0,0
cypher01121_jpg.rf.4aa37ed2cd9fb30eae5383edfd437c0e.jpg,1,0,0,0
raze00791_jpg.rf.34b0b440c2ab2185e5db85630fb197ae.jpg,1,0,0,0
scena00131_jpg.rf.1ac858626e077aaa1f38c45527d87cbd.jpg,0,0,0,1
Jett00961_jpg.rf.9a5757b0cef807d4e7d6b41db413df21.jpg,1,0,0,0
chamberenemy00181_jpg.rf.aedf6ac46f57c485808fab01e13be0e4.jpg,1,0,0,0
cypher01131_jpg.rf.b4d3d63db29e8d478a37188643cd69a2.jpg,1,0,0,0
ennemy01071_jpg.rf.4da7ac7b4063db6579dd105fd84c1f7c.jpg,1,0,0,0
fade02001_jpg.rf.0e4072739f9cb7a7791590801080ae44.jpg,0,1,0,0
fade00071_jpg.rf.45b5543a91b8e0755b431b6eb9058f26.jpg,1,0,0,0
sage02281_jpg.rf.1af534798f10763293f247f639f6ae36.jpg,0,1,0,0
Jett01241_jpg.rf.5c18f7b6eb8b82774fc0ea1a026b4a8b.jpg,1,0,0,0
chamberteammate00841_jpg.rf.c1c3d2b95998d63d181a7f158a0866af.jpg,0,1,0,0
fade00911_jpg.rf.d4258ec2d339d6cda0adae951797a47a.jpg,1,0,0,0
Jett01431_jpg.rf.77b727e671d69264d83fde78ba613e98.jpg,0,1,0,0
yoru00551_jpg.rf.2b9ba73a03dd9305c2955edc09f5d083.jpg,1,0,0,0
astraenemy00691_jpg.rf.87d9b0585298ebcd3ebf167510e34adb.jpg,1,0,0,0
sage02381_jpg.rf.f25af914f12555daf04dcbf0af6dbca4.jpg,0,1,0,0
astrateammate00431_jpg.rf.faa26f8708a907b54d925fdb452397aa.jpg,0,1,0,0
Breachteammate00011_jpg.rf.454ad4771fb15ea5552512214f8f714c.jpg,0,1,0,0
Breachteammate00231_jpg.rf.64e64643f07be85004498c61c0cb4260.jpg,0,1,0,0
brimteammate00691_jpg.rf.911ba6e4510aa0f7db1def8cae5f2682.jpg,0,1,0,0
astrateammate00311_jpg.rf.c5aadb5f88f0189184cdc544650a26ed.jpg,0,1,0,0
scena00041_jpg.rf.c982eb3478c803417ad98a960fdced1f.jpg,0,0,0,1
cypher01081_jpg.rf.1c2231e8ac5033219e12b31a5c9d6a7b.jpg,1,0,0,0
scena00161_jpg.rf.38d3e327dddbd9bddd01be88af09b2dd.jpg,0,0,0,1
teammmate3300721_jpg.rf.95475ccf1a8ff19e6c69b8a223eb69ab.jpg,0,1,0,0
fade02311_jpg.rf.3a4c07c923ac2e77c623b5d952af8a25.jpg,0,1,0,0
chamberteammate01041_jpg.rf.d205b016fe9f1753c4758eaa671e31d1.jpg,0,1,0,0
teammmate3300091_jpg.rf.83c60601c218e430318aafd0e7a1dc05.jpg,0,1,0,0
teammmate2203501_jpg.rf.ed148400e38a5aaa2e613e99871ecb78.jpg,0,1,0,0
yoru00021_jpg.rf.e0d95405205678c4144c692508e7aab2.jpg,1,0,0,0
Breachteammate00381_jpg.rf.b04202d9da1e0a780ab48a84394b889c.jpg,0,1,0,0
chamberenemy00991_jpg.rf.28f51494d31ef930f94055660cfd14fc.jpg,1,0,0,0
astrateammate00941_jpg.rf.516d0e4dfcbe9109ecf17a70f873cedb.jpg,0,1,0,0
scena00401_jpg.rf.c9d6099af6c6608cdc61fcf900cc6f9d.jpg,0,0,0,1
yoru00401_jpg.rf.2d4e294ce0f977ee769ffb43cdae30f8.jpg,1,0,0,0
teammmate3302451_jpg.rf.7a7a67395cc3ec05c440677309ffe1b0.jpg,0,1,0,0
Breachteammate00521_jpg.rf.8e43e93747b41c9698a875ae2ebded16.jpg,0,1,0,0
yoru00131_jpg.rf.9ad244cc15a867d739f3fc237d00f6a3.jpg,1,0,0,0
chamberteammate01031_jpg.rf.6bf8353915b1ed173b8b4f7c4c9b884f.jpg,0,1,0,0
teammmate3302181_jpg.rf.aba2bca4a939d64cd508083a01fb5585.jpg,0,1,0,0
brimteammate00901_jpg.rf.63290daedc1cff80017aa304711cff7d.jpg,0,1,0,0
teammmate3300151_jpg.rf.33f7ec0b5ce1f5a45de58f1a7cac62e2.jpg,0,1,0,0
yoru01241_jpg.rf.6e7c1fa7ac39357d79c7cfcf92ab1f35.jpg,1,0,0,0
astrateammate00011_jpg.rf.73918a89c53f0a68efba7d290d5815bf.jpg,0,1,0,0
viper01291_jpg.rf.fef033e2e6c63fe843a9ac935c167201.jpg,1,0,0,0
yoru00411_jpg.rf.0bf8e42bfe3b075332909e5c4c219871.jpg,1,0,0,0
teammmate3302531_jpg.rf.9bdb68d44f3ce8bdfaa63004c46abb3b.jpg,0,1,0,0
scena00451_jpg.rf.61de69900d475f5f534652aa2f4d1f28.jpg,0,0,0,1
Jett00951_jpg.rf.3c1274bed300a6d150aeb1489ec33f2d.jpg,1,0,0,0
brimenemy00211_jpg.rf.cafef25b253adbb56f7dad9485b495b2.jpg,1,0,0,0
Jett00731_jpg.rf.08daf454742aceabfbe01b4de3b2217c.jpg,1,0,0,0
brimenemy00231_jpg.rf.1618413ddff4bbe282d45af74ecbceef.jpg,1,0,0,0
chamberenemy01031_jpg.rf.2374f0a15e0b70e04481b25f8b93c2cf.jpg,1,0,0,0
scena00461_jpg.rf.2112e3636c23b822dbd9d629cd7924df.jpg,0,0,0,1
viper01331_jpg.rf.38c15bfcd00185f453e1c07e4aad2053.jpg,1,0,0,0
viper01251_jpg.rf.42ec4ca4e9bdc169b1298a201cc99216.jpg,1,0,0,0
chamberenemy01021_jpg.rf.a3ab78033dc531f1ab0c37a7345c7a75.jpg,1,0,0,0
astraenemy01171_jpg.rf.31760ad170161ae6c295b602ff32cbfa.jpg,1,0,0,0
teammmate3300101_jpg.rf.d055ec792bdca5d3078aaf6b8b725f91.jpg,0,1,0,0
yoru01281_jpg.rf.dcbc5c3afd38ffa410f3894005d523c3.jpg,1,0,0,0
cypher00191_jpg.rf.3b48f6ee7df6a347f2a8e3cb9306f36f.jpg,1,0,0,0
yoru00121_jpg.rf.bc86b0924301c2b03e61626300ab88e2.jpg,1,0,0,0
viper01261_jpg.rf.b312ca19aa1b3b997314e583ada4a426.jpg,1,0,0,0
cypher00171_jpg.rf.d7a0f81624bdb91549e68c80e26df8a8.jpg,1,0,0,0
chamberenemy01011_jpg.rf.669e59a52455bc931483cdd036a0b320.jpg,1,0,0,0
teammmate3300181_jpg.rf.aa2b957bc07078a15eb8a15574da3092.jpg,0,1,0,0
cypher00181_jpg.rf.bcf86cb47effa916769440d7e73df616.jpg,1,0,0,0
brimteammate00431_jpg.rf.a5ea1c34ee8aa512f1bd776e49e40c0a.jpg,0,1,0,0
viper02631_jpg.rf.c3f286032b2c53b15dbff2790de15b1b.jpg,0,1,0,0
yoru00391_jpg.rf.7a00e09766010f119b1e6a590523e923.jpg,1,0,0,0
Breachteammate00391_jpg.rf.df96b12a6d0ad53f75dbf19b98799058.jpg,0,1,0,0
chamberteammate00261_jpg.rf.0726b70b3eb463d9815bfc1b8a80a458.jpg,0,1,0,0
yoru00321_jpg.rf.6f099d679f5b8fec1fb7178e0d894fa6.jpg,1,0,0,0
viper02181_jpg.rf.9ffd612877a71f4500fe729fa48a5b7c.jpg,0,1,0,0
brimenemy00351_jpg.rf.2d48400af942a12cec6de4e9759fa57c.jpg,1,0,0,0
teammmate3300201_jpg.rf.3246fa547a192a86ed6efc9ebd1fd372.jpg,0,1,0,0
chamberteammate01081_jpg.rf.34097351d8af0fffa03fde4d91e6efff.jpg,0,1,0,0
teammmate3301271_jpg.rf.3bca018d3952bad22464030583e7f00c.jpg,0,1,0,0
brimteammate01021_jpg.rf.97689c1f0be35ba37d6c8e50ea5e1549.jpg,0,1,0,0
astrateammate00031_jpg.rf.0ffe9f84a1c67dffc90c3260479ab9ae.jpg,0,1,0,0
teammmate3302541_jpg.rf.2f738ab7b72a1fdde04e39505d964c34.jpg,0,1,0,0
chamberenemy01001_jpg.rf.ecdd8e24434a2705b4b1829522671324.jpg,1,0,0,0
brimenemy00251_jpg.rf.ef78675fedd2af30b76e98dd22c1c456.jpg,1,0,0,0
viper01281_jpg.rf.84a5f2b0db7c3a444e771b62f3a39d54.jpg,1,0,0,0
chamberteammate00001_jpg.rf.036c3b3bff12b5cd650400e8cf376a7a.jpg,0,1,0,0
Jett00701_jpg.rf.f8985ddb2af09a282a0997e63626d380.jpg,1,0,0,0
brimenemy00321_jpg.rf.e265406c692de73b8bdd89fe34c52c99.jpg,1,0,0,0
brimenemy00281_jpg.rf.23d5459b820c1da11b0f4e2d25a61a67.jpg,1,0,0,0
yoru00481_jpg.rf.a8d61d7dc4f226047e2d6f9ea2a88679.jpg,1,0,0,0
yoru00071_jpg.rf.65701745b054db75457827ecb12ba811.jpg,1,0,0,0
astrateammate01001_jpg.rf.86d23d6e050e8bfac7dae1891e65e118.jpg,0,1,0,0
astrateammate00041_jpg.rf.0041311d74a24894992efde8b280353f.jpg,0,1,0,0
teammmate3300061_jpg.rf.03adcb9d0679c4765bff42778410c44a.jpg,0,1,0,0
chamberteammate00011_jpg.rf.8ed798f587165e11e765bad10688cc71.jpg,0,1,0,0
viper02481_jpg.rf.b69633d6576701e39e2c0051c8ff4143.jpg,0,1,0,0
teammmate3302501_jpg.rf.19ad6164110e9a9854381835471252fa.jpg,0,1,0,0
brimteammate00861_jpg.rf.6113c1812588ea98212ea1bec73d1bcf.jpg,0,1,0,0
Breachteammate00421_jpg.rf.16cdfe3e6431c3b54bb17c91784b40b0.jpg,0,1,0,0
viper02551_jpg.rf.6bcda3de5998a05a4a566ebc46da41ff.jpg,0,1,0,0
brimteammate00961_jpg.rf.c9c21c5440857c427df2da188c3694fb.jpg,0,1,0,0
teammmate3302191_jpg.rf.1e751aeb7f6d673802552e9345edc35c.jpg,0,1,0,0
sova02811_jpg.rf.b1c84f5306aceef7a60367722ccc3295.jpg,0,1,0,0
orb01831_jpg.rf.cd8b703ab8e8f5db508a31d6c7429d29.jpg,0,0,1,0
defuser101491_jpg.rf.32588945a4a6b57f6100417b39148fd7.jpg,1,0,1,0
teammmate2200431_jpg.rf.39aed30858f1514dfa905751f378e0f9.jpg,0,1,0,0
dm08651_jpg.rf.436b3b3616337cdf678da6d3ec0f52d1.jpg,1,0,0,0
orb00311_jpg.rf.4daf911e34c4b91b14805b2cd29ca51d.jpg,0,0,1,0
teammmate00271_jpg.rf.5f83fcc9f01a498ab2745800725ff9e7.jpg,0,1,0,0
omen01311_jpg.rf.9555735056a7220387289b381e728ecd.jpg,1,0,0,0
dm11231_jpg.rf.9d769be759d56c85be6fbb0e5d67f83c.jpg,1,0,0,0
dm02636_jpg.rf.a6398fe93a09248dd74573e3f6288108.jpg,1,0,0,0
orb00831_jpg.rf.a762df03c5880ff16a151aa5d744984d.jpg,0,0,1,0
teammmate2200411_jpg.rf.8bd44703eca9348db0dac72d6a7630c2.jpg,0,1,0,0
defuser101621_jpg.rf.e6c563dc2ab80f68aa5d4792b1d5229b.jpg,1,0,1,0
teammate300391_jpg.rf.a3a250e19b3fd54c88a2f41202b12fbe.jpg,0,1,0,0
omen00671_jpg.rf.675a54d18786a1728b26fdb62a9133ab.jpg,1,0,0,0
teammate01141_jpg.rf.731b9fa4a91f5f32ec29630debb3c064.jpg,0,1,0,1
dm05011_jpg.rf.efdbf3bd491adc66ae37573853206b71.jpg,1,0,0,0
enemy01821_jpg.rf.f47a83e96186055253b340f97f5d3b84.jpg,1,0,0,0
defuser101751_jpg.rf.3c4fc0862a90a4352dc0ee5a0ef00a5d.jpg,1,0,0,0
omen02271_jpg.rf.f448b9d1fe9deca07410ebb42f296aab.jpg,0,1,0,0
sova02321_jpg.rf.5f58da1e9de3e878b4130b33fe5a214b.jpg,0,1,0,0
pheonix02231_jpg.rf.6ac170227833743c7d2cb6c99b10e738.jpg,0,1,0,0
teammate300661_jpg.rf.164ba602670353aea0ce43775eb6accf.jpg,0,1,0,0
enemy200761_jpg.rf.73a73fe6c63164e839b187734e27d365.jpg,1,0,0,0
teammate00711_jpg.rf.b06914e797081a96722e600e364d9f32.jpg,0,1,0,1
kayo00181_jpg.rf.4120433172a02de57e21ff5dd52b1b3d.jpg,1,0,0,0
skye00521_jpg.rf.b0e6a3fcdfd752fe506370de10076b6c.jpg,1,0,0,0
ennemy200561_jpg.rf.77c13dfc2899365c2b6f9f3447fd3e44.jpg,1,0,0,0
raze01721_jpg.rf.b214932bae15654648f7367793a0edeb.jpg,0,1,0,0
skye00721_jpg.rf.5c531552c23468f98dfb520e49a1e47d.jpg,1,0,0,0
Breachenemy00091_jpg.rf.6288b9c465568968e7c26b6b77ac78a4.jpg,1,0,0,0
raze01711_jpg.rf.0364b4132acbba78f3ced2c6332a7c9d.jpg,0,1,0,0
sova00531_jpg.rf.b99cb537ddca1d4c99079c17c14d0005.jpg,1,0,0,0
teammmate3301031_jpg.rf.4973c7b40364fbaad88803ab4505e91b.jpg,0,1,0,0
plantedspike02371_jpg.rf.5ea0461c63199c956547a2ab5e58873a.jpg,0,0,1,0
scena01111_jpg.rf.95a62f970446bb2fde6c6f714e83e406.jpg,0,0,0,1
skye02651_jpg.rf.f0b88a757295970555e6c4203d8f9a1f.jpg,0,1,0,0
kayo01471_jpg.rf.f006c1ace403cd95929938742efe0148.jpg,0,1,0,0
Breachteammate00141_jpg.rf.6b983d6245bc25b343faf6781bee1d4d.jpg,0,1,0,0
fade01891_jpg.rf.466ae6f487b938139e9575d27117d9bb.jpg,0,1,0,0
Jett00791_jpg.rf.f5bb37410029f89221643ca58d13c1f4.jpg,1,0,0,0
yoru02631_jpg.rf.436dc26adf6172f3614d7f3c144e708a.jpg,0,1,0,0
astrateammate00021_jpg.rf.f580d4b1557699c233d24aab3fa1e128.jpg,0,1,0,0
yoru00421_jpg.rf.66df95b50d5a5ff76988d5d92eeee08a.jpg,1,0,0,0
teammmate3302511_jpg.rf.f177463ab76fc42a37ee3a5dd4aef707.jpg,0,1,0,0
brimenemy00291_jpg.rf.5395496d7ac03060d161276a6e46bf71.jpg,1,0,0,0
yoru00431_jpg.rf.7876427cec470d5868fe2709d201af95.jpg,1,0,0,0
teammmate3302551_jpg.rf.7953c3a87cc88a180f58fed35e054d57.jpg,0,1,0,0
chamberteammate00991_jpg.rf.92a7745ac7a7b3aa0ac395be1f410139.jpg,0,1,0,0
brimteammate00811_jpg.rf.9f828fa5e9569c3e97cc47e8d20cf307.jpg,0,1,0,0
Breachenemy00031_jpg.rf.1c07f69cd4ff1b83dc10d0dec20bd4e9.jpg,1,0,0,0
sova02121_jpg.rf.47b79bcc05200e6645cc12fab5eaea5d.jpg,0,1,0,0
astraenemy00501_jpg.rf.30721dd49c92b07e7426be7654407149.jpg,1,0,0,0
teammate100541_jpg.rf.a798fe87baaf99b4dbcbe22890821340.jpg,0,1,0,0
teammmate2200121_jpg.rf.8bf224a879da248590dca76cd4b3f699.jpg,0,1,0,0
dm10556_jpg.rf.9f9544095eae7c4e6648923eb4bb775c.jpg,1,0,0,0
teammmate2201211_jpg.rf.80a4c4c08f334449b373c4e1d21f2884.jpg,0,1,0,0
killjoy02331_jpg.rf.9fe644e00be1d24fc13bc1a661ca0170.jpg,0,1,0,0
sage00641_jpg.rf.ab17e8ce2e0d0d52a3be19e281eef4c5.jpg,1,0,0,0
teammmate2200911_jpg.rf.f4ccba9e158f000ba7b411aa90e771cb.jpg,0,1,0,0
enemy301281_jpg.rf.76ee0f486ea742b9d8d15fcb61a9ff43.jpg,1,0,0,0
sage00121_jpg.rf.ffd7f4b81628351658fbfcf679768281.jpg,1,0,0,0
Jett02381_jpg.rf.01d9db03719dcc649a7b68d50ab23d63.jpg,0,1,0,0
teammmate3300881_jpg.rf.46e187d5576a329d8ddd94c800998391.jpg,0,1,0,0
Jett00811_jpg.rf.2a854e235d532447fcd71a5be8b6331f.jpg,1,0,0,0
brimteammate01031_jpg.rf.ee50ddfb7a56186b3162b0b2cb7a945e.jpg,0,1,0,0
astraenemy01201_jpg.rf.b365307d38f3562ac528432b69ce5f6d.jpg,1,0,0,0
teammmate3302201_jpg.rf.939433b6c3e1a238a5ceeec198729db4.jpg,0,1,0,0
cypher01731_jpg.rf.015b8a8eb0b12669a378a09d1ec382fd.jpg,0,1,0,0
astrateammate00091_jpg.rf.bb2b4128b69a83694e72f27877147f5a.jpg,0,1,0,0
Jett01391_jpg.rf.b30fa4728ea87535bed961186a6fe9fe.jpg,0,1,0,0
enemy200001_jpg.rf.25930a81fc0c477df97a63c4a3c5ce45.jpg,1,0,0,0
teammmate2201961_jpg.rf.b554821a6eed90bd7d6363d842f23e6c.jpg,0,1,0,0
teammmate3300211_jpg.rf.cf0f50cb934b83925d483983c24bb575.jpg,0,1,0,0
chamberteammate00271_jpg.rf.eb100e5f9ec103f2aacc28c1e4fde68f.jpg,0,1,0,0
kayo01571_jpg.rf.e4e4605cb448ae8e9babb0c8bfbb5793.jpg,0,1,0,0
neon02321_jpg.rf.e45f2304c97cb5e413c167de4536cb9a.jpg,0,1,0,0
yoru01951_jpg.rf.59cc80ee048eeb07b5fd21c7f5df3a61.jpg,0,1,0,0
dm00881_jpg.rf.efef7ddfc05784d2e4bb60d71f95683d.jpg,1,0,0,0
ennemy200661_jpg.rf.db62ef52db2e8316d9d610394a41f144.jpg,1,0,0,0
droppedspike00691_jpg.rf.470e8c130b794787f8f10f7491f765b9.jpg,0,0,0,1
astraenemy00581_jpg.rf.956108b4f08c96982d2c124215c15738.jpg,1,0,0,0
viper02641_jpg.rf.5bfa8bd3165bb06b778d3b237d5e2234.jpg,0,1,0,0
fade02111_jpg.rf.4b03b3813853576297d08d78663e95fc.jpg,0,1,0,0
orb01281_jpg.rf.0348f852f44a9b9507e2b83b31642ca8.jpg,0,0,1,0
Breachteammate00451_jpg.rf.6739bca29143060460b6539dd2dc16e9.jpg,0,1,0,0
orb00361_jpg.rf.1f7344f4b6a903b01dbe09561c496fb6.jpg,0,0,1,0
Jett00711_jpg.rf.38b4859f4ff80cf71cae04c7988f0a32.jpg,1,0,0,0
pheonix01611_jpg.rf.26549a85e1031e59baee317b9b7b5ed9.jpg,0,1,0,0
defuser101861_jpg.rf.4c3e0288cbe7f5e1401fdb19b8a17789.jpg,1,0,0,0
pheonix01871_jpg.rf.61def5f40acfe8650bde0ed8c5dff92a.jpg,0,1,0,0
enemy01411_jpg.rf.7b2b82245ac4110c483eaa06eb9bbb24.jpg,1,0,0,0
reyna00051_jpg.rf.20b865dc6cd0019955b74975c5f740b8.jpg,1,0,0,0
kayo01931_jpg.rf.4e28ee2888d0beaa218e323d2d43c113.jpg,0,1,0,0
raze00781_jpg.rf.c22254dd008524237d49abea973c9d41.jpg,1,0,0,0
Breachteammate00131_jpg.rf.58588a78760d966b22cf80ba97d30169.jpg,0,1,0,0
Jett00741_jpg.rf.108fb56b4fc7ca495c9f90c9d7b3b61e.jpg,1,0,0,0
yoru00141_jpg.rf.a56229a2ea7ecec70b5fd4724c766b2d.jpg,1,0,0,0
chamberteammate00301_jpg.rf.ff85b4fdc5315805f42dc58252014b82.jpg,0,1,0,0
brimteammate00991_jpg.rf.9fab4fabedfeaf508744d0c68cb9caff.jpg,0,1,0,0
skye01191_jpg.rf.d337bcd3c994cbb607d7fc8ea8ae34ea.jpg,1,0,0,0
teammate101911_jpg.rf.4432f49fedd17ea4e778af547ce3f27b.jpg,0,1,0,0
neon00661_jpg.rf.092685269fbd39e01e6f6885a17ddccd.jpg,1,0,0,0
enemy301291_jpg.rf.25cdf50ca46524b66b45d6ffdb5638c6.jpg,1,0,0,0
dm13481_jpg.rf.c8795687cb7e8220db41d54ce5c34c3a.jpg,1,0,0,0
brimteammate00911_jpg.rf.5c1aa94bb1968abe3632a4a16142fefe.jpg,0,1,0,0
chamberteammate01071_jpg.rf.229f2998b73be15cfae244bb57b73127.jpg,0,1,0,0
Breachenemy00011_jpg.rf.7f20a5211bd23f1e848e191f8261a07b.jpg,1,0,0,0
defuser101761_jpg.rf.de3b9ac3544dd795bab5adfe6376be94.jpg,1,0,0,0
droppedspikerino00171_jpg.rf.4fbeb8dc8f74cdac573e3b766a03db10.jpg,0,0,0,1
dm04866_jpg.rf.a037e4c8794da1dace2821329a78d128.jpg,1,0,0,0
yoru01291_jpg.rf.e377e412068e8764bac30958641e0fbc.jpg,1,0,0,0
teammate100591_jpg.rf.be1f7e08ced8cb8b197b3307dbc33272.jpg,0,1,0,0
defuser101371_jpg.rf.bf93b795fbdb49d77d37051fee47dc16.jpg,1,0,1,0
teammate101101_jpg.rf.b15ab78893b01c73a5ddb3260fb1b5f2.jpg,0,1,0,0
defuser100781_jpg.rf.d3827fe205a0cc255c5c4f97f3011832.jpg,1,0,1,0
enemy301121_jpg.rf.b93d39a68ba09f533bdaf3b887601e2a.jpg,1,0,0,0
teammmate2200881_jpg.rf.ac6f980a856c8a2ee064d53c7bbb413f.jpg,0,1,0,0
scena00641_jpg.rf.d2198c9b2b441a28dac1de909f812b7c.jpg,0,0,0,1
teammmate3300571_jpg.rf.73e975cf6d1305624023ecaa03cab1a4.jpg,0,1,0,0
viper01381_jpg.rf.50d1465099944de261196e1b83acd1be.jpg,1,0,0,0
teammmate3302211_jpg.rf.88dd4fac5a220c20de57bfc6616a8081.jpg,0,1,0,0
yoru00171_jpg.rf.46acd34ede52f637f7518f91985ef34c.jpg,1,0,0,0
viper01341_jpg.rf.40a5556787307df1a3a9afc08c813aea.jpg,1,0,0,0
sova00271_jpg.rf.98b7155cbcb699aab430a21c2920e375.jpg,1,0,0,0
dm03761_jpg.rf.5b13e79ae6380d97abcfbb0bc0a87997.jpg,1,0,0,0
teammate100031_jpg.rf.e7375802a98685734222f21b46c2f2a8.jpg,0,1,0,0
dm17686_jpg.rf.1cd507957c2a90f66fbb95a0391ff776.jpg,1,0,0,0
teammate01231_jpg.rf.20d48cd1170134ea167b7723433f7cc2.jpg,0,1,0,1
sage00311_jpg.rf.7cc1361ee9d41a5515a3f2dd710aba6d.jpg,1,0,0,0
enemy200041_jpg.rf.89aad9068184215e0e869884c79b23e8.jpg,1,0,0,0
ennemy00661_jpg.rf.83d62691ce8dad9fc9731bf539eb7490.jpg,1,0,0,0
fade00851_jpg.rf.d9f96125e3dcb2a83e5fc57d706fa698.jpg,1,0,0,0
viper02611_jpg.rf.45738a3834db8967a83b09e20e2dccca.jpg,0,1,0,0
yoru00081_jpg.rf.9666e6b31fa35506ba64aebb08dc242e.jpg,1,0,0,0
defuser100521_jpg.rf.cb9c1494ce2518357d797fa329d9d687.jpg,1,0,1,0
dm08506_jpg.rf.a9000e3534ae5d8a9001ea66a9b9b2fc.jpg,1,0,0,0
dm01636_jpg.rf.40867dca842e172c8ccad531a1752924.jpg,1,0,0,0
teammmate2201891_jpg.rf.e9680e1b272b697d52beea396e5b95e5.jpg,0,1,0,0
plantedspike00361_jpg.rf.bb0417d08f58af7ea71f95af81582b8b.jpg,0,0,1,0
orb00651_jpg.rf.136b21ec4d604d692534ad26b6dee4b9.jpg,0,0,1,0
droppedspikerino01351_jpg.rf.600785dea466258123781c1593cbbab1.jpg,0,0,0,1
defuser101721_jpg.rf.93b96057f5964f3b3f091ca31add0412.jpg,1,0,1,0
omen01511_jpg.rf.cc380784a9ce072c0e95d79fa4431425.jpg,1,0,0,0
teammate01191_jpg.rf.4d1d795384c53d87d474c3553051c311.jpg,0,1,0,1
teammmate00251_jpg.rf.665c271acc836d0c48a049cf585835f0.jpg,0,1,0,0
dm01351_jpg.rf.2394fa56c8befc3510c1d1df7873f3e0.jpg,1,0,0,0
sova02371_jpg.rf.3425cc23b0a0511cbb12b67633b4ec12.jpg,0,1,0,0
orb02311_jpg.rf.6f79a23e936a33e1cbadf438485d5634.jpg,0,0,1,0
killjoy01971_jpg.rf.6a0a049c96f9b1d5973f181ea7c5b0a4.jpg,0,1,0,0
brimenemy00061_jpg.rf.05e13b6a699ff91b962c7fa1db290923.jpg,1,0,0,0
ennemy201291_jpg.rf.d22463251fa5599e39d9f6c20be5b5d0.jpg,1,0,0,0
ennemy201951_jpg.rf.6f7308d55778a567e0d0c8e6b1784fca.jpg,1,0,0,0
fade01561_jpg.rf.2a5a7f2cd8a7b4062f4b03386f3bb97b.jpg,0,1,0,0
teammmate3300941_jpg.rf.51be0b4c50a2c6c26658259e9dcee42c.jpg,0,1,0,0
chamberenemy00881_jpg.rf.5350c577236aa790e3ffa75b142f085c.jpg,1,0,0,0
astraenemy00861_jpg.rf.38e8bfd9fa1a33c690f0bae07c72a317.jpg,1,0,0,0
yoru00561_jpg.rf.7c4bb78674d6463dc6aa4bafe4251040.jpg,1,0,0,0
yoru00101_jpg.rf.d61dff48969a0b7654a3a3426901508e.jpg,1,0,0,0
Breachenemy00021_jpg.rf.f791e2a86f72c5a8c582b45f75384cda.jpg,1,0,0,0
cypher00161_jpg.rf.21c066ba5b5a934ff14e8c7db14fb4ad.jpg,1,0,0,0
yoru01311_jpg.rf.6a9ee0911077783e89e8f240bd1ac3fc.jpg,1,0,0,0
yoru00461_jpg.rf.6fb0f9691544e2aacae61030cdc2e962.jpg,1,0,0,0
yoru01321_jpg.rf.9adcfd6bc4e5feaea3a7e11cbb06b531.jpg,1,0,0,0
neon00211_jpg.rf.5d21c0d86adacca7fe461a83401ec15e.jpg,1,0,0,0
dm06566_jpg.rf.043f4a32c0da2b6d309cb9c7e82982f6.jpg,1,0,0,0
omen02151_jpg.rf.8dd517eef37b8fe28a1e2619aec4ade4.jpg,0,1,0,0
pheonix02451_jpg.rf.d567486bd9aca2a96f4be13adf0f4496.jpg,0,1,0,0
teammmate00481_jpg.rf.93d35f7ffc83aa65e488fa0f8ce60284.jpg,0,1,0,0
sova02361_jpg.rf.325915ee67c919112965e333deced696.jpg,0,1,0,0
ennemy200731_jpg.rf.5a9e3b884b566db0c6f7a1deb56a0c0b.jpg,1,0,0,0
scena01251_jpg.rf.a1188420e19a2330e9c2434201f0b88f.jpg,0,0,0,1
killjoy01441_jpg.rf.44697b6c716757ff9640da10a8cc15ad.jpg,1,0,0,0
astraenemy00641_jpg.rf.b46ce64ea8aff380c97719573dac3a0f.jpg,1,0,0,0
cypher01751_jpg.rf.6acac7457a1c54fe1ec6eafab6a483f9.jpg,0,1,0,0
Jett00821_jpg.rf.0e3b4acae05bca1306b78aa27e64d6a8.jpg,1,0,0,0
Breachteammate00801_jpg.rf.8d196da1025b44185657cb7a90e95ee5.jpg,0,1,0,0
cypher00241_jpg.rf.5fac9b0cc15efed7b4395e3bcda4e422.jpg,1,0,0,0
chamberteammate00371_jpg.rf.1276ce2350019f407b197ee8144b1dbf.jpg,0,1,0,0
enemy300421_jpg.rf.5734ef183ab0bb249a0a1a026917e19d.jpg,1,0,0,0
pheonix01241_jpg.rf.476581ee7f4c898e4fe8bc5a778db892.jpg,1,0,0,0
sova02041_jpg.rf.2b26eea01b5ab83a52b380305e60b039.jpg,0,1,0,0
teammate01351_jpg.rf.e93934006408f72ad4c97d05a78c51de.jpg,0,1,0,1
neon00421_jpg.rf.02bd13207d489956ace5a1c9b2bf8e06.jpg,1,0,0,0
plantedspike00711_jpg.rf.20906bfa71ddfbb5ef1a916f6649216d.jpg,0,0,1,0
orb02371_jpg.rf.9e7bb5eb4315f9b5aaa01b61422f37f9.jpg,0,0,1,0
teammate01221_jpg.rf.175fcb91e02e14b093edd0bf1b523d54.jpg,0,1,0,1
dm17631_jpg.rf.119bd9f57646c9bdd70d553e10497641.jpg,1,0,0,0
sova01771_jpg.rf.0e4272645a90b70c1de4470e89753441.jpg,0,1,0,0
enemy200131_jpg.rf.3eff6dc57772acfef1f62a6bbc940e1a.jpg,1,0,0,0
raze00521_jpg.rf.369b91a47498f21b0fe28387fed19b33.jpg,1,0,0,0
cypher00431_jpg.rf.a2068ff7389a5adf7116449bd9e226c6.jpg,1,0,0,0
skye02831_jpg.rf.9bd7bea04b597e74afe2fa1ff9298637.jpg,0,1,0,0
fade00481_jpg.rf.e45366ac49a088ed166aa44eff1198d3.jpg,1,0,0,0
yoru00991_jpg.rf.14c468cd0970f077d8f92499a0c237f1.jpg,1,0,0,0
yoru00111_jpg.rf.98c71c40c26cf2de05aa3ec9769daceb.jpg,1,0,0,0
brimenemy00341_jpg.rf.d0373ea5380ee39fabeb4c5493b2c5f8.jpg,1,0,0,0
yoru01931_jpg.rf.158b8e33eb7d3afb37ae0275aa656ac4.jpg,0,1,0,0
teammmate2201651_jpg.rf.9bb382f825b698c383b8900adb10db4d.jpg,0,1,0,0
killjoy01201_jpg.rf.450f9c0db9f12cf2cd90d2e0915ff00e.jpg,1,0,0,0
astraenemy00531_jpg.rf.c2a8f3b3011bff07bb5aa26d69949842.jpg,1,0,0,0
defuser100511_jpg.rf.3389eeb3362a5ea742ef22d8fa5846d1.jpg,1,0,1,0
teammate300951_jpg.rf.55d7384214b07fd27d55f69afea72a97.jpg,0,1,0,0
sova01791_jpg.rf.e88cd32c6192b9fcbe57690668a21e36.jpg,0,1,0,0
teammmate00211_jpg.rf.9e351e7c4a5342d2206eb956b2587a98.jpg,0,1,0,0
scena01411_jpg.rf.9e56012e832fe63a8aeaf9458a052cef.jpg,0,0,0,1
skye02691_jpg.rf.6e97a73f57f506ea9b2fad9fd70fcd67.jpg,0,1,0,0
cypher00271_jpg.rf.2fcb2f8fd319782283e0e2437077c659.jpg,1,0,0,0
cypher00701_jpg.rf.324a7a96cf3d1e34ee5237b5fa1b1044.jpg,1,0,0,0
killjoy02391_jpg.rf.356a5abef2ddcb74cd974aa67577fd55.jpg,0,1,0,0
Breachteammate00431_jpg.rf.889471b1a6ea724dd8cca94f9ef7a17e.jpg,0,1,0,0
sage00591_jpg.rf.1a8f60f58f48dafc1a004675fc2355a7.jpg,1,0,0,0
droppedspike00701_jpg.rf.94a275def1ebb8e1b87c119b1f8a5175.jpg,0,0,0,1
plantedspike02321_jpg.rf.2cf238df43a25273cbdbe6c92151f080.jpg,0,0,1,0
dm13496_jpg.rf.77e5a38541da458e64e94772ef460e7f.jpg,1,0,0,0
fade00891_jpg.rf.6f92aac89d3c4f493b123b68818b8a22.jpg,1,0,0,0
teammmate2203461_jpg.rf.84590d4dfd5176caee5362c64c62594f.jpg,0,1,0,0
brimenemy00751_jpg.rf.e2c3454a654f847c5477dcb86d2d06db.jpg,1,0,0,0
yoru02621_jpg.rf.b528e63cec3955182a03c2902810e483.jpg,0,1,0,0
astrateammate00051_jpg.rf.46117eac7f6e6ca4dbea450dd523af25.jpg,0,1,0,0
teammate100451_jpg.rf.87a9ac34774c02b10f05c4043f0b0874.jpg,0,1,0,0
dm02681_jpg.rf.b9e9906de9d356123bc8730c6e0a0329.jpg,1,0,0,0
teammmate2203161_jpg.rf.cfe441b0806480f8cb6460f798841574.jpg,0,1,0,0
pheonix01881_jpg.rf.5861224e764bb8749522d6c106b352a8.jpg,0,1,0,0
scena00061_jpg.rf.7f9c5e8aa80044949069c7f4a87a542f.jpg,0,0,0,1
cypher00221_jpg.rf.4f2dba49bac4be1049adef9a77e45383.jpg,1,0,0,0
skye01431_jpg.rf.b3a65078869921f84cec1cd233a1ce29.jpg,1,0,0,0
plantedspike00131_jpg.rf.e36572bc69bd1e3c0162e838753ebd52.jpg,0,0,1,0
defuser101901_jpg.rf.cb917a1f658f9feee5b2a0eabcab27e2.jpg,1,0,0,0
brimenemy00711_jpg.rf.81b796e4c0e73ee1c3d8a9c8e7dee2e1.jpg,1,0,0,0
astrateammate00111_jpg.rf.0d2b06cca7779d67eca3e69d22c8cffd.jpg,0,1,0,0
neon00371_jpg.rf.ad0b2e9294dc251328834cce428e8620.jpg,1,0,0,0
fade01461_jpg.rf.ab331023660e3750743ced8ca3c28b89.jpg,0,1,0,0
sage02461_jpg.rf.03f3eca9f661b6a28794b86e15154ff1.jpg,0,1,0,0
Jett01201_jpg.rf.d159e44588a96a6d92ea9303e4f9033e.jpg,1,0,0,0
teammate300331_jpg.rf.f378a7c5b8baa148055b70740348592d.jpg,0,1,0,0
reyna00941_jpg.rf.5d7f706d2328df46d4e0fee29b34b601.jpg,1,0,0,0
yoru00611_jpg.rf.906ea1ec591962a8d371fcbecc914e35.jpg,1,0,0,0
teammate01501_jpg.rf.e0a88ff306167617b01f50dbf1c89ae5.jpg,0,1,0,1
viper02651_jpg.rf.807386503bd67b1f7733bb1fc60eab47.jpg,0,1,0,0
brimteammate00201_jpg.rf.934b64fb007087eb3bfefaa28cf0397a.jpg,0,1,0,0
enemy300061_jpg.rf.5fba1868c70edb058810525795bf0154.jpg,1,0,0,0
skye01671_jpg.rf.7aedc05698afa9741b8c4e4a9cad086e.jpg,0,1,0,0
fade01971_jpg.rf.d2ed0ee2836a31a1b9911243bce36141.jpg,0,1,0,0
teammmate3300191_jpg.rf.27f6c2c384d30ea837510b42ce199e2a.jpg,0,1,0,0
teammate100511_jpg.rf.2a85429e651fca64b049cea86eb09cd1.jpg,0,1,0,0
skye02411_jpg.rf.b9b43bae5b28f7bf8685015137ed7e0e.jpg,0,1,0,0
omen00871_jpg.rf.432f57faa82e3f374bbec53d65d8e788.jpg,1,0,0,0
neon01901_jpg.rf.114bd67365761d351af16aa30cf4c0d8.jpg,0,1,0,0
teammmate2200841_jpg.rf.0c236849aa343640e4c46ee7df66222a.jpg,0,1,0,0
brimteammate00091_jpg.rf.c33e1026d073bd1ef1accb13947c0c41.jpg,0,1,0,0
astraenemy00571_jpg.rf.2f2366f9c2f4e98ffb790b82bb17d424.jpg,1,0,0,0
astrateammate00451_jpg.rf.1305f03fcc02da0656155903440af4ea.jpg,0,1,0,0
Breachteammate00471_jpg.rf.a2ffd175418f0da0481c759a6868d22d.jpg,0,1,0,0
teammmate00711_jpg.rf.33a220812a9f8afcea1938579ccad324.jpg,0,1,0,0
Jett01801_jpg.rf.179ef63bab454e2f75fabff8b5b5b95d.jpg,0,1,0,0
fade01961_jpg.rf.b89d4dd2a48771d715ec31e7b838a13f.jpg,0,1,0,0
teammmate2200951_jpg.rf.eed2937a2b357a13136b57d2d494bfe7.jpg,0,1,0,0
dm06971_jpg.rf.938b10c41d6307f92a3b30175529f8fd.jpg,1,0,0,0
sova02551_jpg.rf.39cb4abf500c6e0f9adf83416b9677d9.jpg,0,1,0,0
kayo01311_jpg.rf.437ed9b4dc31795a0a30cec4619d1f54.jpg,0,1,0,0
astraenemy01011_jpg.rf.7b3db15d60f13bd06798e032b575f55e.jpg,1,0,0,0
chamberteammate00351_jpg.rf.d420d85b3d0299654b922f5cb4528f97.jpg,0,1,0,0
neon00671_jpg.rf.78a5c130587ad0b35768200fc2c3efe5.jpg,1,0,0,0
teammate100351_jpg.rf.fefae83e421f4312cf0a34d591d11127.jpg,0,1,0,0
sage02401_jpg.rf.90a0d968a0de05d56ecc88a7b6b20a67.jpg,0,1,0,0
teammmate2200401_jpg.rf.fdbeb0521fbd9919455f6687948cc1d6.jpg,0,1,0,0
yoru00441_jpg.rf.c23d12babfe01c79fd0159b1f5b7c738.jpg,1,0,0,0
teammmate2200991_jpg.rf.71d69d6f4abd8aa819add0dc3a415983.jpg,0,1,0,0
sage00031_jpg.rf.d4db620cf0bbae202a8d458b5d4ccefe.jpg,1,0,0,0
astraenemy00331_jpg.rf.9235ae332b7119ddb13e2f4f84364649.jpg,1,0,0,0
dm08516_jpg.rf.dd8cf2d4458d4c0d09913355d55f3493.jpg,1,0,0,0
ennemy202151_jpg.rf.8ca1e308dab4705f796c6ed7203f1654.jpg,1,0,0,0
defuser00211_jpg.rf.bcf16b09472f012d698cce69a9d2ad19.jpg,1,0,1,0
fade00091_jpg.rf.e9acbe9262ead422238ddf77ce9894a2.jpg,1,0,0,0
Breachteammate00071_jpg.rf.5b6f1d19c5aaabdb6712782cfd41541f.jpg,0,1,0,0
ennemy01081_jpg.rf.64c5e73080c5d58c71459e15bd888459.jpg,1,0,0,0
Jett00931_jpg.rf.6c85f07e303dfd17f74d7b2b435ad4a6.jpg,1,0,0,0
brimteammate00311_jpg.rf.2ae15c2367b50af0d2f62226cc872e32.jpg,0,1,0,0
teammmate3302231_jpg.rf.b5b32ca07a8f439036d9e23758d56378.jpg,0,1,0,0
teammmate3302311_jpg.rf.cf36d07f944e63ceb385829d5e3ff8eb.jpg,0,1,0,0
pheonix00401_jpg.rf.9a0c618feb3b86618284627cbad228e2.jpg,1,0,0,0
teammate300941_jpg.rf.ae6a8e83629d512923b45ef11d89d860.jpg,0,1,0,0
teammmate2201001_jpg.rf.f116664221db159d0f0ee681f37e4e72.jpg,0,1,0,0
defuser101801_jpg.rf.98738b55bd4e43fa91a1f9af0ae9e770.jpg,1,0,0,0
defuser100751_jpg.rf.e6d9128d8951ad5f2c9b76b6495a5b53.jpg,1,0,1,0
droppedspikerino00611_jpg.rf.be5c40be0708801efcc294fbcd2bc453.jpg,0,0,0,1
sage00581_jpg.rf.00ecf416fc276a2a1831a846ad1e2a6c.jpg,1,0,0,0
teammate00641_jpg.rf.5dc3bbd424f2a44b2bac011566153c71.jpg,0,1,0,1
pheonix01321_jpg.rf.419b902fd4854761b7f3f56d945efae0.jpg,1,0,0,0
cypher01721_jpg.rf.6ebb5cab018f33a3aee825e12ea9b328.jpg,0,1,0,0
teammmate2203141_jpg.rf.91d2b04aff1304586540e12b786c0cda.jpg,0,1,0,0
teammmate2200441_jpg.rf.ae2c3e7ac91547649e1e8af173fa76a6.jpg,0,1,0,0
teammate101471_jpg.rf.dd50168122a1f80cc23d6def16003e17.jpg,0,1,0,0
orb01111_jpg.rf.0bb9c691a4d119b40e750d6d9c2fc451.jpg,0,0,1,0
ennemy200231_jpg.rf.9731f43fe90330747d5b57b5566ded10.jpg,1,0,0,0
teammmate3301061_jpg.rf.79d25f6737a6099abf3655529a68dc45.jpg,0,1,0,0
fade02251_jpg.rf.c41140e0803aa9f7fa571a4d65209587.jpg,0,1,0,0
scena00221_jpg.rf.e39bc01dd5e1ab6174d260c3bd780f4a.jpg,0,0,0,1
brimteammate01011_jpg.rf.96b8f2df5dc56b3f93797102edb6103f.jpg,0,1,0,0
yoru01111_jpg.rf.dd709b262da224a4f4d156ffc4f58eab.jpg,1,0,0,0
yoru00571_jpg.rf.c2a4efa7e3fe8cf0cc2d65e2a02ac45b.jpg,1,0,0,0
orb00891_jpg.rf.0c0e0d0e333b8d13824a892931ef1858.jpg,0,0,1,0
teammmate00311_jpg.rf.bff7e6c5e3167867f12cd6d8bf120886.jpg,0,1,0,0
dm03796_jpg.rf.c244dcc00d85c55db5f5a795228c2d53.jpg,1,0,0,0
kayo00231_jpg.rf.a26ff0f52eec908c3e9c9fdb86879ddd.jpg,1,0,0,0
kayo01491_jpg.rf.c354ec5e73417802ca6aaca1d7b9568f.jpg,0,1,0,0
ennemy201871_jpg.rf.695a8294ff571aefa3f1fb0106bb8ab7.jpg,1,0,0,0
astrateammate00531_jpg.rf.1a6a16a1baa105262bdc96993b3c536d.jpg,0,1,0,0
killjoy02401_jpg.rf.e0955388ee45293030e57acead08e4fa.jpg,0,1,0,0
enemy00331_jpg.rf.2943a5bc89dacef634a281e8ba88300c.jpg,1,0,0,0
kayo01901_jpg.rf.738860e427bcf7a6069625b687184bee.jpg,0,1,0,0
teammmate2200091_jpg.rf.15058c419947c216b9e6706fad391ac1.jpg,0,1,0,0
cypher00831_jpg.rf.a3af0d6137465d93ab8aa42d6dda9032.jpg,1,0,0,0
teammmate2200971_jpg.rf.f96e6492062012b38311d694fb97bbb4.jpg,0,1,0,0
teammmate2203281_jpg.rf.d21c14b48f180fe762a21daefbb1d3ce.jpg,0,1,0,0
enemy200201_jpg.rf.9004783b1fcda5430f13c08b4bf8a27a.jpg,1,0,0,0
teammmate2203511_jpg.rf.2bfb5183757f39d94fdd4c0b271e073b.jpg,0,1,0,0
sova01061_jpg.rf.3c45157c738f747bdafe65f6049e1953.jpg,1,0,0,0
teammate101061_jpg.rf.40c0e62462d991ab70cc7aada5041fd2.jpg,0,1,0,0
kayo01401_jpg.rf.f42925f964062828222de3804f5539a8.jpg,0,1,0,0
yoru02001_jpg.rf.bd25b99c42db3dd24380275c918c3509.jpg,0,1,0,0
dm08881_jpg.rf.11e8a121cdef4b9a65e203bcdf4587c2.jpg,1,0,0,0
defuser00151_jpg.rf.3b4b32f461176f3066cd6b3a81f3458c.jpg,0,0,1,0
yoru00231_jpg.rf.cd21f2e543d10b031b04a079f7fc3b2f.jpg,1,0,0,0
pheonix00431_jpg.rf.564da7797bc49eb6f769033a50b2e419.jpg,1,0,0,0
dm02061_jpg.rf.066eff2fb52d4585e2f0579700506060.jpg,1,0,0,0
plantedspike00431_jpg.rf.9c1a10e5531f441aef14aa18ff45ea53.jpg,0,0,1,0
teammate01751_jpg.rf.edfa249ae210de850379279247cea596.jpg,0,1,0,1
ennemy200261_jpg.rf.b71b6156d5de21cb1a3046f9c228f30e.jpg,1,0,0,0
raze01151_jpg.rf.e71be7cfcececf0ddf71d587681f855f.jpg,1,0,0,0
cypher00881_jpg.rf.01207039ae39ba2c99342f5e52006160.jpg,1,0,0,0
cypher00401_jpg.rf.35f55bb75c6e20a1bbfa345f71e92088.jpg,1,0,0,0
cypher00301_jpg.rf.89b09aa3c98efa3c3dce077b531930f0.jpg,1,0,0,0
astraenemy00671_jpg.rf.447b294621a94db861d59697aacb70f4.jpg,1,0,0,0
dm01286_jpg.rf.545113065068a23f1b62ce2bf7161602.jpg,1,0,0,0
neon00161_jpg.rf.f86361d2fce4e99da08fea1282850e4f.jpg,1,0,0,0
skye01141_jpg.rf.500c290bee52c3febd26a370f399f073.jpg,1,0,0,0
raze01051_jpg.rf.b0bf9f325123b1cf5b4771dd739ed346.jpg,1,0,0,0
kayo01971_jpg.rf.415d5bf82cb861e5aa35e12ed7914668.jpg,0,1,0,0
brimenemy00051_jpg.rf.64432da7e00a28e00ae9307f9001705f.jpg,1,0,0,0
raze00721_jpg.rf.e3204a89b8fa4876f656a953e2d54045.jpg,1,0,0,0
cypher01101_jpg.rf.37826e7fe6e0baf1d8a9a8e59de234c3.jpg,1,0,0,0
astrateammate00061_jpg.rf.959b4ea0ade01227fa027064d45182e2.jpg,0,1,0,0
plantedspike00551_jpg.rf.a689d7612dca8a1724e57e449fb09bce.jpg,0,0,1,0
dm16176_jpg.rf.ab188ea6a725509a09999fdb1d740057.jpg,1,0,0,0
teammmate2203151_jpg.rf.ccbc9dec453f9604f9ba4a5e7ba9f04d.jpg,0,1,0,0
dm06891_jpg.rf.e7452fcd841f4342c23a498bc372bda9.jpg,1,0,0,0
teammate101351_jpg.rf.85ccb331d15cadd14aa90195ad2ff56c.jpg,0,1,0,0
plantedspike01661_jpg.rf.703c6f99f668df3f2c0f9b52f6be0b7a.jpg,0,0,1,0
teammate100021_jpg.rf.230e59969c17833e27ac484d76e5cfe8.jpg,0,1,0,0
dm14176_jpg.rf.f5ade7a2df5ee21f760465612aa2be10.jpg,1,0,0,0
droppedspike00751_jpg.rf.06df80674c4a3522aba39fb73a77300e.jpg,0,0,0,1
cypher01641_jpg.rf.b3dffe5695857a805b1f20fc1169d9ba.jpg,0,1,0,0
yoru02551_jpg.rf.ce3f6450576f3de009ac8a4f7586bc42.jpg,0,1,0,0
viper02581_jpg.rf.c0b5929d0175f3f93c1e5a55b394095b.jpg,0,1,0,0
kayo00001_jpg.rf.2e271599c846c531b0e05c4afdc454cc.jpg,1,0,0,0
cypher00621_jpg.rf.10a265a12a0f9529e2917b97bd1bc246.jpg,1,0,0,0
yoru02251_jpg.rf.b064c0ffc8391c632de04e1110eede70.jpg,0,1,0,0
teammate101301_jpg.rf.89a3c7e32e05aa0d6995476cafe353f5.jpg,0,1,0,0
ennemy00151_jpg.rf.540ad50cb9dc6b5d4d2fe5980eda4b4d.jpg,1,0,0,0
dm10086_jpg.rf.2d71752f3ee984851e8edf87e6bcf9df.jpg,1,0,0,0
cypher00811_jpg.rf.877eed4f573f0bb6ce764db1a5ba09ae.jpg,1,0,0,0
fade01951_jpg.rf.1b8ac1b40615b089f5342b77c31772cc.jpg,0,1,0,0
teammate00011_jpg.rf.848a605f18a63be0c28b79f3ced89f1a.jpg,0,1,0,1
orb01351_jpg.rf.76f2a2a4567d25d23e78bf7a978f656d.jpg,0,0,1,0
sova02051_jpg.rf.a175a7eb9c473607256e3887d918740d.jpg,0,1,0,0
dm01256_jpg.rf.a34cf4703a6f4e9070477ec24f95a448.jpg,1,0,0,0
teammate200431_jpg.rf.fbd0c8a185259a9636aa5ebae5b42841.jpg,0,1,0,0
ennemy00931_jpg.rf.acaafa204960cc55f3da3797dce4c4c7.jpg,1,0,0,0
cypher01681_jpg.rf.d24a9cf2b4dad5b7f7fd440d7d41c60d.jpg,0,1,0,0
cypher01141_jpg.rf.ac09085ebdbc1b1da0e1fa4488ead021.jpg,1,0,0,0
viper01401_jpg.rf.0ea4137247d76d034e23e318b57f919f.jpg,1,0,0,0
dm10066_jpg.rf.e487b1d5a5f4ff3ab362b1bd27ddfb55.jpg,1,0,0,0
teammmate2201021_jpg.rf.2fba97792f33b46532023e97a0f809d6.jpg,0,1,0,0
teammmate01831_jpg.rf.19e06b3608db09ea8cc62ec5092b4fc2.jpg,0,1,0,0
droppedspikerino01321_jpg.rf.aa51291057e2eedd2af25720d6ed03f9.jpg,0,0,0,1
teammmate3301021_jpg.rf.f64d10333c4232b055fb40777d8b039f.jpg,0,1,0,0
fade00941_jpg.rf.85a067e90149ac0878d4d8405d7b1bb0.jpg,1,0,0,0
teammmate2202021_jpg.rf.276cb90352c576f348007acca4996c83.jpg,0,1,0,0
chamberenemy00041_jpg.rf.74ebcb734d9008903cb37f8c03d04dfa.jpg,1,0,0,0
omen01021_jpg.rf.71ab9689c2a14373511b45b6459a4458.jpg,1,0,0,0
enemy300491_jpg.rf.96af0e0235a8502bf47d08cefc790065.jpg,1,0,0,0
dm08686_jpg.rf.b10e1149992673a65873c10ed43e7273.jpg,1,0,0,0
dm02691_jpg.rf.dc417c2c1fb8808650cdcf90886c79a4.jpg,1,0,0,0
enemy200821_jpg.rf.ee4c4951b99cf9ba71993360852b4f1c.jpg,1,0,0,0
kayo01591_jpg.rf.f85ec9d311de3877e6ea1e1fb0c8036d.jpg,0,1,0,0
kayo01511_jpg.rf.21f5517588d30ede806aff8c31a25301.jpg,0,1,0,0
viper02111_jpg.rf.261ad327743cd1249175d399541a0795.jpg,0,1,0,0
yoru01981_jpg.rf.57765d13c7e896158da03c832417757a.jpg,0,1,0,0
sova02841_jpg.rf.f3a292f3ba0f67166088e40d3aab1e29.jpg,0,1,0,0
chamberenemy00051_jpg.rf.16ceb0f89d2bd2c0df7b6abd04430ac9.jpg,1,0,0,0
enemy01651_jpg.rf.1693526ddd86b883505f15cad3098047.jpg,1,0,0,0
teammmate2202411_jpg.rf.877be733479eeac272b0e919f5aab897.jpg,0,1,0,0
enemy200071_jpg.rf.9ee66fa4f31e657bd8f065384dc49112.jpg,1,0,0,0
raze00511_jpg.rf.54fb92a95ed68bade2bc4f87e3eb09ef.jpg,1,0,0,0
Jett00921_jpg.rf.27ad6bcc45ccd3a0b46619b7ca1e5223.jpg,1,0,0,0
teammate01491_jpg.rf.07b98c80a9057ee1ab0b5f65299bb23b.jpg,0,1,0,1
teammmate3300251_jpg.rf.fc84c51b61e020c6e9bba21c684aa0a6.jpg,0,1,0,0
cypher00251_jpg.rf.d3aad577c13a3ebaa9b5666d7267df61.jpg,1,0,0,0
teammate101271_jpg.rf.5547a815620c26bd86dc83446a331245.jpg,0,1,0,0
teammmate2203241_jpg.rf.77f91a94128a1da502b9d68208ad4f0d.jpg,0,1,0,0
enemy00401_jpg.rf.81375fe78ab8a51ecbc01b20097788a0.jpg,1,0,0,0
teammmate01901_jpg.rf.770df196b529e193058b2a437c8cfd31.jpg,0,1,0,0
fade00551_jpg.rf.3e0477007a56009c179bb3260187ed84.jpg,1,0,0,0
skye02461_jpg.rf.ac61db6f6288cc8d708d8ae5ec0f81b7.jpg,0,1,0,0
teammmate00701_jpg.rf.857729e5ec0fe3ea8cccb432b20bcd92.jpg,0,1,0,0
dm06976_jpg.rf.a90df5cb0ba266a7888f046625d711d3.jpg,1,0,0,0
teammmate2201991_jpg.rf.e928d76a8a7a77437c2cea6e74d7e1a6.jpg,0,1,0,0
chamberenemy00011_jpg.rf.b65a1611fe61830dea55669da11590d6.jpg,1,0,0,0
teammate100561_jpg.rf.df5f29f4a2038d5e2ed88e13219764e0.jpg,0,1,0,0
omen01491_jpg.rf.0cc2e069316cd43bc89b04cd034f8034.jpg,1,0,0,0
brimteammate00191_jpg.rf.d43a3037293f6f16da29eb2c6d38bcac.jpg,0,1,0,0
astrateammate00071_jpg.rf.8dc04c2770768bc2f5b74f6bd7dc8691.jpg,0,1,0,0
teammmate2201411_jpg.rf.45311462315e0cf88e43b68ea052734c.jpg,0,1,0,0
enemy01731_jpg.rf.12d0090b6bda290e9520f802b5cd55fe.jpg,1,0,0,0
dm12186_jpg.rf.9b4bb38e2eed0d9366fabc2972872db5.jpg,1,0,0,0
teammmate01981_jpg.rf.867636d439aa4a856d1f174e9882e808.jpg,0,1,0,0
cypher00011_jpg.rf.e77746f5a09ee781aab213e3338713b1.jpg,1,0,0,0
sova02071_jpg.rf.b10d65b25e02460b1843584b3f20233a.jpg,0,1,0,0
skye01611_jpg.rf.af115cad0b88f44bb824b47ed2eaa2c1.jpg,0,1,0,0
teammate101201_jpg.rf.51de163e3163d788ac0092b0bf6e228a.jpg,0,1,0,0
teammmate00291_jpg.rf.2192e0501b9bfe8a26d81434e4da96eb.jpg,0,1,0,0
droppedspikerino00651_jpg.rf.adcd07f2d510d73c7602e41c3f9a0455.jpg,0,0,0,1
skye02471_jpg.rf.fe1ab3b0135e4cd16c8e831492ec6fc1.jpg,0,1,0,0
raze00831_jpg.rf.fb47f917020c00073446e8d60c92848a.jpg,1,0,0,0
viper01411_jpg.rf.f663727f594e439784c050b4e2574fca.jpg,1,0,0,0
teammmate2203221_jpg.rf.71366c1e8146863ed525aef764c58a24.jpg,0,1,0,0
orb01191_jpg.rf.705daa9df0f371bcd0179561c8b69b7d.jpg,0,0,1,0
sova02161_jpg.rf.1dc612ad55e66f080274dce92f880f87.jpg,0,1,0,0
teammmate2203121_jpg.rf.477fec0c319f5681cfa0903434002c17.jpg,0,1,0,0
sova02091_jpg.rf.2f3f56ae2e322b79ed416a55feba9346.jpg,0,1,0,0
droppedspikerino00561_jpg.rf.c70c272794426735317e375bf8ccc994.jpg,0,0,0,1
dm08016_jpg.rf.13c5fc3e3c7762257fee78773066a988.jpg,1,0,0,0
dm14171_jpg.rf.eaa1a24773e6c9a0c808fbcbe635e845.jpg,1,0,0,0
fade00391_jpg.rf.351d8774c43b78073d4f35412fb4cf22.jpg,1,0,0,0
teammmate3300691_jpg.rf.24594d38eb68f4b94ec49e36d4db9aad.jpg,0,1,0,0
raze00801_jpg.rf.936badafa5a58cc381deff2d0923dc41.jpg,1,0,0,0
yoru01211_jpg.rf.6232bcb9348abd252e541964e5317a3e.jpg,1,0,0,0
teammate100521_jpg.rf.1ba53dfb5af96f9c64cdb5a3e30b6acf.jpg,0,1,0,0
killjoy01401_jpg.rf.877460a067e8cb241d8eb16fdb5623e7.jpg,1,0,0,0
teammate101441_jpg.rf.2c3f89c944cf13b523e05fa3a5a61866.jpg,0,1,0,0
dm06626_jpg.rf.ace696b7b0167d1d8f230dfd5f2ef5c2.jpg,1,0,0,0
droppedspikerino01411_jpg.rf.fcdc51210cc8ea974352c4943b574782.jpg,0,0,0,1
teammmate2201791_jpg.rf.eb67120ecc0fa4f4d67ebad750718216.jpg,0,1,0,0
fade02511_jpg.rf.c011f0ff2e4e8b4fe3f012a171829f15.jpg,0,1,0,0
yoru00181_jpg.rf.58695268f2387edcf29f396b542d935b.jpg,1,0,0,0
brimteammate00641_jpg.rf.f9415540077983a8ffbe79948d740d1f.jpg,0,1,0,0
dm06921_jpg.rf.9742cfd7c18c03ee159528db3bff45fd.jpg,1,0,0,0
teammmate00161_jpg.rf.532aa2dc4b8c90ddc599decf442f5ddb.jpg,0,1,0,0
raze00011_jpg.rf.07f3cdefec2dec3d6cb454a6d33c9140.jpg,1,0,0,0
sova00961_jpg.rf.6976f3f7a6c1699c5a8bb3db902c6afe.jpg,1,0,0,0
dm00891_jpg.rf.70076b22f8727c6581e38093ffa4355a.jpg,1,0,0,0
orb02481_jpg.rf.5c8bad2d65c9aef6dc7e20d7da72e494.jpg,0,0,1,0
plantedspike02331_jpg.rf.0f8ec6bdcc625feb67e716b18426ddc8.jpg,0,0,1,0
teammmate3300981_jpg.rf.413477f7f48a6164839f31b18abb73ad.jpg,0,1,0,0
viper01321_jpg.rf.a4cf7793bb97f99861e86e7f04043327.jpg,1,0,0,0
Jett00841_jpg.rf.f271f0f6f0b8e3eb3c67a11159d74922.jpg,1,0,0,0
sage00651_jpg.rf.c0e4c5891330828b659371846603b3d1.jpg,1,0,0,0
teammmate2202461_jpg.rf.ad8b59a78b39ccfb1c930ffead16ac9d.jpg,0,1,0,0
teammate01821_jpg.rf.0848ce54546bc66e9efebe0028858277.jpg,0,1,0,1
skye00591_jpg.rf.dc45fca81866299fb15dc781bc432dce.jpg,1,0,0,0
Jett01621_jpg.rf.3fc5dcccf8cc834fe674b012d5e3cd15.jpg,0,1,0,0
chamberenemy00901_jpg.rf.833a2d13bdaf55bf10bcaae4a6aff81a.jpg,1,0,0,0
teammmate2200161_jpg.rf.4933e593a10a679357cb8a65ec1291cc.jpg,0,1,0,0
Jett00051_jpg.rf.500f0fab808bad702ce74f3981f82972.jpg,1,0,0,0
viper02861_jpg.rf.7a5ba51bec7ce9c07f549be385de7d8f.jpg,0,1,0,0
sage00231_jpg.rf.b58be7cfd546c93d3109b16f7658fcc8.jpg,1,0,0,0
omen02231_jpg.rf.5b9a289809709ea990fb1c9da90a3a01.jpg,0,1,0,0
teammmate2203491_jpg.rf.9034a75e6793f74572bf7c6040cc6e35.jpg,0,1,0,0
teammmate3302221_jpg.rf.c7ae9ec2c53380632ce8ec5748c882b1.jpg,0,1,0,0
plantedspike00461_jpg.rf.9fb747252b5296b9168b2144afa80910.jpg,0,0,1,0
reyna00181_jpg.rf.5dbc582d132cb8b3a57589759819d834.jpg,1,0,0,0
enemy01511_jpg.rf.f69e700c5592c01f55f00eaea57bcfed.jpg,1,0,0,0
dm04861_jpg.rf.2438b3ec5edd6fd349b1e3b52e6901b3.jpg,1,0,0,0
fade02321_jpg.rf.91c05127a5c7038c69afe00d80123a90.jpg,0,1,0,0
dm18071_jpg.rf.af4a068d405778bbcc519b737327c70e.jpg,1,0,0,0
dm08666_jpg.rf.cce7cee1f7f34d3825c916fa4cd32f96.jpg,1,0,0,0
sova00991_jpg.rf.ffff98a9cbc5ba4b017321c9cada7614.jpg,1,0,0,0
teammate200071_jpg.rf.7929b0bfb33bb2d90cfcb6e782a9d00c.jpg,0,1,0,0
brimteammate00151_jpg.rf.9dc601826d7f49d4be79f67c3dedb989.jpg,0,1,0,0
Breachenemy00001_jpg.rf.a900438dd3f07af012a4c8f180e560dd.jpg,1,0,0,0
teammate01361_jpg.rf.2c8e3fc115f596ec8faeb433cd59245b.jpg,0,1,0,1
dm14186_jpg.rf.1cde7e88088327b9c7a0988cdddd58f4.jpg,1,0,0,0
killjoy01341_jpg.rf.a14d0f336248fead796f9b51ee04ae46.jpg,1,0,0,0
teammmate2200151_jpg.rf.c706c8c6a353320b1a4f76d4b4d87ee5.jpg,0,1,0,0
dm08641_jpg.rf.3555a777c5494b2a2294bbe91b900182.jpg,1,0,0,0
omen00761_jpg.rf.5914a2de9902921f81e576834a51a061.jpg,1,0,0,0
enemy02011_jpg.rf.4690ce952573ab45d6385b102f6825ed.jpg,1,0,0,0
dm18336_jpg.rf.f610111edfcca2f6330fcb1f69fdda7c.jpg,1,0,0,0
enemy02501_jpg.rf.1033f4303b20481384a2f22327197f52.jpg,1,0,0,0
droppedspike00681_jpg.rf.57113ee93ed3a963e732ddcf8b01837e.jpg,0,0,0,1
fade01911_jpg.rf.9e63b459d971b94bc5883ab80f42dc09.jpg,0,1,0,0
yoru00541_jpg.rf.ed2cfeea9f331cf3e497a5aacf7db539.jpg,1,0,0,0
Breachteammate00781_jpg.rf.b1d017004dcf16d9cf6b966e66eee248.jpg,0,1,0,0
defuser101601_jpg.rf.7f74fbd16a8d41890755ccc297088df9.jpg,1,0,1,0
omen02141_jpg.rf.efd7e1d288468205e92fe2975cd86e9a.jpg,0,1,0,0
teammmate2200461_jpg.rf.053c0b3e4b83320873e3d8129aada7be.jpg,0,1,0,0
astrateammate00691_jpg.rf.e34c0626ef4012a365b93df91b285244.jpg,0,1,0,0
cypher00291_jpg.rf.7bbb2c44499a661103e77688d169d912.jpg,1,0,0,0
sova02801_jpg.rf.a8950d8f08018de4ea046cfb39f7e260.jpg,0,1,0,0
teammate01511_jpg.rf.b04629c7708cdc026a447c5e2e53b7cb.jpg,0,1,0,0
dm08001_jpg.rf.323f42bc3d406f607823722e7215ef61.jpg,1,0,0,0
dm11261_jpg.rf.d4900f50971af6cb7bf7f52d3a0a86d6.jpg,1,0,0,0
defuser101771_jpg.rf.94517187b02049ecedb3741aefd90c3c.jpg,1,0,0,0
dm05076_jpg.rf.a3a152fc15d9b3f7a7d67d5dc541dc58.jpg,1,0,0,0
teammmate2201151_jpg.rf.70529773dc80265e472e1f485cb74afc.jpg,0,1,0,0
droppedspikerino00771_jpg.rf.9556892442e2b90a33ecba262c393e0d.jpg,0,0,0,1
teammmate01931_jpg.rf.e3857e0f46363ba7fc4d5bfc4cb5a163.jpg,0,1,0,0
enemy02551_jpg.rf.18856764517f68384e4e968f5cad74aa.jpg,1,0,0,0
chamberteammate00771_jpg.rf.5e3e03e4bbf94eaecc256b4041de31d2.jpg,0,1,0,0
teammmate3300611_jpg.rf.8a3289d36bf6ff33fee50cc2cabf405c.jpg,0,1,0,0
Jett00771_jpg.rf.8a55e53781654f67d1c0c76e50faff5c.jpg,1,0,0,0
teammmate3300701_jpg.rf.8c14dd6b17d3761481d253d335bc540d.jpg,0,1,0,0
teammmate3300651_jpg.rf.ea415fba80c69ecb757bc91e3859cdcb.jpg,0,1,0,0
fade02361_jpg.rf.adbe63faf8dc9ae80cb332f9c8f47f0b.jpg,0,1,0,0
yoru01021_jpg.rf.951e52800843bb4f4505c403768246b6.jpg,1,0,0,0
chamberteammate00321_jpg.rf.907a92b124fca5a275c00b2441326e31.jpg,0,1,0,0
chamberenemy00001_jpg.rf.0c7050c48428f0f860d92b04f1049fa9.jpg,1,0,0,0
Breachteammate00761_jpg.rf.cdebcbfd131a6818b3b2ec50a8852e86.jpg,0,1,0,0
teammmate3300161_jpg.rf.07c6062bfc49fab915df9b1601d460b7.jpg,0,1,0,0
defuser00511_jpg.rf.286a945c73b57825c4d8b435274c96b0.jpg,1,0,1,0
teammmate00881_jpg.rf.69d1652f95ea2a1641a952bfca0f8d81.jpg,0,1,0,0
teammate100481_jpg.rf.8c74854f10fc2c0ee1dbe237b4a235ff.jpg,0,1,0,0
orb00541_jpg.rf.b516778e10fb7230826e251696061ea7.jpg,0,0,1,0
teammmate2200131_jpg.rf.007cd688872ff89a44f2b072eff6d543.jpg,0,1,0,0
teammate200101_jpg.rf.d22c268057a47f011fdddaffda966de9.jpg,0,1,0,0
orb01461_jpg.rf.e66e4e387458d17efd88eb1d3c64aa88.jpg,0,0,1,0
teammmate2202421_jpg.rf.28f324fc032a97dbe0990e8a9ad1f07b.jpg,0,1,0,0
enemy01751_jpg.rf.54fc40ceef4a40c323c24c7409d2cbeb.jpg,1,0,0,0
killjoy01921_jpg.rf.b0431156394e273cff120ffee7b02fb3.jpg,0,1,0,0
ennemy202001_jpg.rf.44ca086c2e26548077eb4bfdb79da04a.jpg,1,0,0,0
astraenemy00821_jpg.rf.3afeb3baec1f8251ae60269b18143645.jpg,1,0,0,0
plantedspike02151_jpg.rf.58ecb061d827e733e2f22e1a17bb8de4.jpg,0,0,1,0
teammmate00611_jpg.rf.b0d68405cdee853310ba4eea016b6a00.jpg,0,1,0,0
droppedspikerino00591_jpg.rf.964755d7d670f18a572176c7c9a1529b.jpg,0,0,0,1
neon00071_jpg.rf.d5a6b8874543a642dc5dcb0ddc257a14.jpg,1,0,0,0
Breachteammate00151_jpg.rf.22716068bb679c6640c82658c0505481.jpg,0,1,0,0
teammmate3300911_jpg.rf.54be740d687d00fb5f3268e7e2dbd26d.jpg,0,1,0,0
brimenemy00791_jpg.rf.65d87f8daebe70678d2002c8b8f309be.jpg,1,0,0,0
dm08636_jpg.rf.a0d249847e850e0d6492683f2f3274a7.jpg,1,0,0,0
plantedspike00601_jpg.rf.02f72891624819e02b98c729a5d3e831.jpg,0,0,1,0
cypher01761_jpg.rf.969935d02f829532b4ab192ff876c5ee.jpg,0,1,0,0
sova00471_jpg.rf.47d74f62725b1611ed3222c7bd8d5922.jpg,1,0,0,0
omen00841_jpg.rf.db284bcecc5bc0ffc1f37b9cc5b6afaa.jpg,1,0,0,0
enemy00391_jpg.rf.0485fee749ee733a6d2699b3c8102290.jpg,1,0,0,0
astraenemy00911_jpg.rf.78c995fb98ddbf331e9dd5451d9bcc6e.jpg,1,0,0,0
yoru00241_jpg.rf.3e350617f381feac061a18d66d172fde.jpg,1,0,0,0
teammate01401_jpg.rf.a699fd7e23fe3dffca55a08d9e7b49fa.jpg,0,1,0,1
dm08521_jpg.rf.61e2ed4b2518df67887461aca18676f0.jpg,1,0,0,0
teammate300881_jpg.rf.b098731d8e177ac4fde4bba3e37eb6c6.jpg,0,1,0,0
teammmate01361_jpg.rf.98f3ee7ebd0ff035cf14d861448ea095.jpg,0,1,0,0
dm03791_jpg.rf.64906e789026809bbda3f9325bafc536.jpg,1,0,0,0
yoru01301_jpg.rf.d9b96d83e7acde2db1aaa20ae0e884ef.jpg,1,0,0,0
fade00301_jpg.rf.02a127805a99311d754c04c47f8c1d00.jpg,1,0,0,0
teammmate00321_jpg.rf.c78334727a32c177fec016d5d83cf691.jpg,0,1,0,0
dm08671_jpg.rf.6e26d83bd791cc97e2dbae66a9e65057.jpg,1,0,0,0
ennemy00221_jpg.rf.9ae1a22633f32dcd84ef96bfe7e8387b.jpg,1,0,0,0
dm06246_jpg.rf.a0b9bda8f75464bf53891eaed3cd9f25.jpg,1,0,0,0
fade00701_jpg.rf.e3d6daace2630a9d8003310b3db7ad8f.jpg,1,0,0,0
astrateammate00611_jpg.rf.b7bb10226e2add42053cedd94db06b76.jpg,0,1,0,0
sova00641_jpg.rf.ddd1eb86d65b6915159a82f9da8b7e39.jpg,1,0,0,0
dm13901_jpg.rf.0a47bb8c82c9b939c462638736604140.jpg,1,0,0,0
teammmate00261_jpg.rf.953ee0ee24d0329c7ace8fa927460389.jpg,0,1,0,0
sova00311_jpg.rf.5751c46e400b72568ce1a0b4c058d6a2.jpg,1,0,0,0
sage01211_jpg.rf.8f8bcd1785c2f446a091c2adb5e5d012.jpg,1,0,0,0
teammmate00731_jpg.rf.23ee1a4572c5b28e1f8f81a1fd2ca868.jpg,0,1,0,0
orb02541_jpg.rf.ef407f52f7414251b0adda4b375149d2.jpg,0,0,1,0
dm05071_jpg.rf.383c249fd30458b8bc010a795fa73df8.jpg,1,0,0,0
enemy00591_jpg.rf.fb06d42577d77380320737f3c77ae4fd.jpg,1,0,0,0
teammate101171_jpg.rf.63416beb440f591aef4bb3498d9df2ef.jpg,0,1,0,0
sage01571_jpg.rf.7005a5ed0097b4212c41f713a11a2833.jpg,0,1,0,0
teammmate3300791_jpg.rf.967893478c70384cc6442c94f0ffc810.jpg,0,1,0,0
fade02021_jpg.rf.b57956b816e71a95f115dbc9ad5694db.jpg,0,1,0,0
teammate101331_jpg.rf.81f9a970c0d6ea23512c87feef9c3a17.jpg,0,1,0,0
defuser101841_jpg.rf.0695afbe74d57fe20aea902fa8536ac2.jpg,1,0,0,0
teammate100531_jpg.rf.4484723969dab7290ddc814867169d1b.jpg,0,1,0,0
teammmate2200191_jpg.rf.200e12cbc5904d48a34514072db2483b.jpg,0,1,0,0
enemy200801_jpg.rf.e655f7c49f440d08c579b36922baaac4.jpg,1,0,0,0
enemy00831_jpg.rf.57aed83b0d45b6ae4086c7facf5206ed.jpg,1,0,0,0
ennemy201331_jpg.rf.74122e29c47917c3e6f57961a66d66ea.jpg,1,0,0,0
defuser00141_jpg.rf.85bbf534d73a0efcd228300035505515.jpg,0,0,1,0
Jett01271_jpg.rf.7a7cafb3257f36fd67f2299da7c56168.jpg,1,0,0,0
plantedspike00531_jpg.rf.b9ec0c66a0995412170f2ad56382dedd.jpg,0,0,1,0
dm14681_jpg.rf.6ad5960350824e7265b63b6aecb626c5.jpg,1,0,0,0
dm02541_jpg.rf.2d78fe88fed9597c013be470204bdc6a.jpg,1,0,0,0
dm06651_jpg.rf.8f32bb2a0b600888a18ecc144ea97c09.jpg,1,0,0,0
droppedspikerino01371_jpg.rf.904581b0de2e20336f039f8819ae46f4.jpg,0,0,0,1
scena01181_jpg.rf.1b67a4fb2806a4302df48b76a3d47066.jpg,0,0,0,1
chamberenemy00541_jpg.rf.0dd0a5e474770ac66ca74e365ffc6fe6.jpg,1,0,0,0
teammmate2203181_jpg.rf.b79d97de7104d52a2cffc13d459d3361.jpg,0,1,0,0
sova02061_jpg.rf.28c5af29804256c13c0464224491f7f6.jpg,0,1,0,0
teammate101421_jpg.rf.1c1c2fe703ad5d1c615221b75b87233f.jpg,0,1,0,0
enemy00371_jpg.rf.a2d30ca10d45ba7dfe035bb5dd467dab.jpg,1,0,0,0
yoru02751_jpg.rf.aaa6f92f70b4dc731479546b6bb38955.jpg,0,1,0,0
dm04971_jpg.rf.a22596cd44c944977f328724c3155258.jpg,1,0,0,0
brimenemy00011_jpg.rf.80355a420cce32d1d419290cafb20bc4.jpg,1,0,0,0
Breachteammate00221_jpg.rf.5684460af2d488c4af66ec54a849e1c1.jpg,0,1,0,0
orb02501_jpg.rf.0c1d5f2aa22857217fe14001cd325ade.jpg,0,0,1,0
scena00261_jpg.rf.d101319854857e9d53733ff2042a0dc9.jpg,0,0,0,1
enemy301101_jpg.rf.b39d9e68760db1af0508818f1456d95a.jpg,1,0,0,0
viper02001_jpg.rf.3ef44521bbdcc80f066223abe8deabc8.jpg,0,1,0,0
teammate00341_jpg.rf.a5f4907eb2fe7ab4ad9c95619c6d1985.jpg,0,1,0,1
raze00701_jpg.rf.af61cdf23b973babe304b4552ab6ca75.jpg,1,0,0,0
astrateammate00681_jpg.rf.75f9bb57e6c3fba3b7f4d79dbd112108.jpg,0,1,0,0
yoru00601_jpg.rf.f597ccdf3191c721c364e1fd62c66dd8.jpg,1,0,0,0
dm06546_jpg.rf.97026eaa128a68d54e0d3db398bbccd9.jpg,1,0,0,0
chamberteammate00291_jpg.rf.a3eb922b39059a27404f5d268b3b92b7.jpg,0,1,0,0
dm06276_jpg.rf.b2b939fad4d7c45d22d0118a4b2127c4.jpg,1,0,0,0
sova00291_jpg.rf.ef8c0cf1d19e8eef134e211d4afeabf6.jpg,1,0,0,0
kayo01481_jpg.rf.77d029841864e807821eafae8c47a3f5.jpg,0,1,0,0
teammmate2203441_jpg.rf.04d7c7021b04a9004dc3453621be7f14.jpg,0,1,0,0
teammmate3302171_jpg.rf.8a4dede39e553a1aaf5f530e9f5bf77d.jpg,0,1,0,0
killjoy01951_jpg.rf.50e18a1a61f3b6516538268c8dc71cef.jpg,0,1,0,0
fade02351_jpg.rf.084b184d6309f3f56c360ff5aa3639cf.jpg,0,1,0,0
kayo00211_jpg.rf.7d490ae578e7253a2969a83e7918a180.jpg,1,0,0,0
cypher02011_jpg.rf.2e6c2430637909653650a47f0e7da727.jpg,0,1,0,0
teammmate3300001_jpg.rf.89fe8e321aa926c0bf24adf30652a1ac.jpg,0,1,0,0
yoru01271_jpg.rf.6489b1a4a2cffa97986ac5397a5026bc.jpg,1,0,0,0
yoru00961_jpg.rf.22d5a9ff1af07271bfa6ad5b04a8c2be.jpg,1,0,0,0
reyna00161_jpg.rf.c578e0aaeb4dc223d9b10797c37ffa8d.jpg,1,0,0,0
defuser00541_jpg.rf.705ab91ce84f416e037faf60bb156e2c.jpg,1,0,1,0
droppedspike00661_jpg.rf.2212156615f63cc9237f46acd2dd09aa.jpg,0,0,0,1
kayo02111_jpg.rf.e41c9d9ff7318454bf25d4de5a0a8422.jpg,0,1,0,0
astrateammate00771_jpg.rf.009c0365a025e6dae381b7eaf9395ccd.jpg,0,1,0,0
omen01891_jpg.rf.03666e8be5cbc2b261327444e8f8e1c0.jpg,0,1,0,0
sage00191_jpg.rf.cdbaf9278153ad5dd4a3f088b54ad548.jpg,1,0,0,0
viper01711_jpg.rf.752f3b84e93c29deed42107e94c6810c.jpg,0,1,0,0
viper01441_jpg.rf.ca412a04d916ebe5bea288fb8f335bad.jpg,1,0,0,0
viper02281_jpg.rf.dc54628fa1121c4fa712343c0cff668e.jpg,0,1,0,0
plantedspike01911_jpg.rf.3c4c145e45b0858f692a94561a25b08b.jpg,0,0,1,0
teammmate00861_jpg.rf.75cbea8388a7997b6f47b0d70f9de836.jpg,0,1,0,0
sova02651_jpg.rf.9f98cd4aa1ca5aa97f914119dbb9c3d3.jpg,0,1,0,0
skye01681_jpg.rf.2b17048bd3c8f45dddf9c9a90beeb19d.jpg,0,1,0,0
skye01881_jpg.rf.e9fe57492f9d8c38b9b9584beee9fd48.jpg,0,1,0,0
dm16141_jpg.rf.181f7ba1d2b92e72f7af179340f3c305.jpg,1,0,0,0
plantedspike02361_jpg.rf.ba69bf0b3d9493e11e987b382a01c62a.jpg,0,0,1,0
sage02221_jpg.rf.696fa4ed59ba67907c5820798a43982b.jpg,0,1,0,0
ennemy00741_jpg.rf.feb4e9dfc88c40bde8d9aea27be34130.jpg,1,0,0,0
chamberenemy00341_jpg.rf.103c687b5b3e0fb9fefa1cda8f2c9384.jpg,1,0,0,0
yoru02701_jpg.rf.62a04af771a9992c8d1d4650e1ce556d.jpg,0,1,0,0
teammmate3302251_jpg.rf.6a25dd6a3f39d5fc6bdf710a9c30c655.jpg,0,1,0,0
dm04966_jpg.rf.ca63f9860dd497d4daa302692f21e403.jpg,1,0,0,0
teammate00681_jpg.rf.9c2cf21914a96dac973a99b36c4e6a2d.jpg,0,1,0,1
Jett01641_jpg.rf.3adf97b27aab4ff007c83c33ee285a3d.jpg,0,1,0,0
teammmate2203191_jpg.rf.fe71673834683390537982381bb5cba1.jpg,0,1,0,0
sova01611_jpg.rf.4bc935ec39dbbae9c38652224a27effe.jpg,0,1,0,0
fade02751_jpg.rf.5a823a1c1978740702105431c65c754e.jpg,0,1,0,0
chamberteammate00891_jpg.rf.49011be635bd446671cbde6d87490b39.jpg,0,1,0,0
chamberenemy00931_jpg.rf.88d7c6e71c78723ad9cc1507bcf4f0d0.jpg,1,0,0,0
yoru02081_jpg.rf.78c2f1f0a5302506cbe157f2117c5465.jpg,0,1,0,0
enemy02561_jpg.rf.15c29afd5b4872e26d19d0f93b00585d.jpg,1,0,0,0
plantedspike02401_jpg.rf.9a9683cc459cad7d793f5dd32904a22a.jpg,0,0,1,0
sova02751_jpg.rf.605f92e61da142590956dd645cc6a608.jpg,0,1,0,0
astrateammate00581_jpg.rf.88f8dcdfb89a8c1be87c8810b71f51fa.jpg,0,1,0,0
Jett00801_jpg.rf.8ac9b881261e8ba78a01647af334c268.jpg,1,0,0,0
sova01851_jpg.rf.7895aedf35b9666a469bdc2357a87f2f.jpg,0,1,0,0
ennemy202131_jpg.rf.daa4ba91ab87d35b92ecdb3b6cadde56.jpg,1,0,0,0
yoru00521_jpg.rf.ebd1805a8cef05151200ed22b2cfa019.jpg,1,0,0,0
teammmate3300221_jpg.rf.d8a45a544badd8e6ed9fa1c585b77c38.jpg,0,1,0,0
sova02101_jpg.rf.d62091ffb933230d0fcfa43e28c10d45.jpg,0,1,0,0
astraenemy00771_jpg.rf.0a7c73c861b269f844367b3b5c8a17e2.jpg,1,0,0,0
neon02471_jpg.rf.9d7593b1ef64f95e2c81bb8c8bce1f1d.jpg,0,1,0,0
viper02561_jpg.rf.29bc4659b41a699e7e80a9e09214e3e4.jpg,0,1,0,0
teammate101931_jpg.rf.a3a2d27ff9c06e3b2f55041ebd64759b.jpg,0,1,0,0
brimteammate00281_jpg.rf.d49e7b2acf534d6c6cb088b0b023b384.jpg,0,1,0,0
Breachteammate00111_jpg.rf.5147e05eab0a70452fe39c0eff05739a.jpg,0,1,0,0
cypher00231_jpg.rf.d76fbfb5c32eb56dae3ee3dc099bd339.jpg,1,0,0,0
chamberenemy00031_jpg.rf.e9752899752b3fe1434e2d7be561fe35.jpg,1,0,0,0
dm02041_jpg.rf.45f043309792782069e41bbb67d6f188.jpg,1,0,0,0
fade01061_jpg.rf.2984b230c9c8719c5a2b596796b36353.jpg,1,0,0,0
viper02661_jpg.rf.d3860d18bc25a829b632f497223928b2.jpg,0,1,0,0
dm08591_jpg.rf.47fcfc4ab191cba7ecaa0cd8e5d48f06.jpg,1,0,0,0
teammmate2200351_jpg.rf.a86a81b2f283cde2f47a72ef72508b0c.jpg,0,1,0,0
neon02051_jpg.rf.aeb78c1cba4808cd4298e921ccbafebb.jpg,0,1,0,0
teammate200191_jpg.rf.b75630c98ca5108d0a10e9ee26fb78da.jpg,0,1,0,0
skye02891_jpg.rf.6ad5b828f3903f47f84ea5e7792b7067.jpg,0,1,0,0
cypher01161_jpg.rf.084763193c50e7b0d3495b1f8e4b3a6e.jpg,1,0,0,0
astraenemy00041_jpg.rf.9fe6ae61118e583e8d1e68fae847368f.jpg,1,0,0,0
sage02271_jpg.rf.21dca1c210370611cf8975a364570846.jpg,0,1,0,0
viper02591_jpg.rf.43890bb40dd9ee45b2adab9b60f3e486.jpg,0,1,0,0
brimenemy00301_jpg.rf.59c65e672ff66035c0ace3ae294fdd2f.jpg,1,0,0,0
brimteammate00101_jpg.rf.8774a41c009843b4c78c3e61b788b6db.jpg,0,1,0,0
yoru02181_jpg.rf.d780dbb7bd7b3cf08e697dfcc12a28fb.jpg,0,1,0,0
fade02391_jpg.rf.76a24178938baf433534043c62e9ecf8.jpg,0,1,0,0
yoru01001_jpg.rf.223e502eff76156baad0d9312d0b91c6.jpg,1,0,0,0
teammate01411_jpg.rf.3d6c13bbb825b48e21f7321c484f1d54.jpg,0,1,0,1
defuser100191_jpg.rf.44a64b94f81d5980c7962f304f53cff1.jpg,1,0,0,0
dm08556_jpg.rf.520179f0d82b75e507728ff4210d5a7c.jpg,1,0,0,0
raze00751_jpg.rf.31b7438a3a2003ef6e36dd99dcc2ac75.jpg,1,0,0,0
scena00321_jpg.rf.5a2ed6248f7a03d9760f028d7948fd88.jpg,0,0,0,1
yoru00301_jpg.rf.93245e93baed34c0c0273b8367ebba06.jpg,1,0,0,0
Breachteammate00481_jpg.rf.9577194a4741dffe587b8fde57d5f9dd.jpg,0,1,0,0
teammmate3302321_jpg.rf.ee0333f6e983bce34787e28b73694ffb.jpg,0,1,0,0
yoru00291_jpg.rf.0e82bd810113e4123474fe8789b767b2.jpg,1,0,0,0
teammmate3300111_jpg.rf.8b7ed68d7438387011b7edb1c07127ca.jpg,0,1,0,0
teammmate00041_jpg.rf.517e9278343d446cabaa14a31aaa1a2c.jpg,0,1,0,0
teammmate00821_jpg.rf.77bdcce03cf818e8a7e710705efc58d1.jpg,0,1,0,0
teammmate2203341_jpg.rf.c9837ec03df7afa0958ffac9b06c44dc.jpg,0,1,0,0
ennemy201651_jpg.rf.357ebfa4f585514931ac7a493581ab26.jpg,1,0,0,0
yoru02221_jpg.rf.6df232d1a0afc6a3e98014b317b34f31.jpg,0,1,0,0
dm02716_jpg.rf.4978426ea78dbde2c518a8a9f09527ec.jpg,1,0,0,0
yoru01041_jpg.rf.ea29fdef580ee1f02df3660c9e5bf432.jpg,1,0,0,0
Breachteammate00791_jpg.rf.6108cdc78ea0ae4e4e76dac93a531bf8.jpg,0,1,0,0
dm06916_jpg.rf.73152a29888f6721387725cda6b30ed3.jpg,1,0,0,0
fade01631_jpg.rf.c29136c637e5a54e21b7a9c27d4036d3.jpg,0,1,0,0
plantedspike00181_jpg.rf.76400e08a96a92f0db1775200698949c.jpg,0,0,1,0
plantedspike01171_jpg.rf.b3a084dc89978f5c5822df03bb411e23.jpg,0,0,1,0
neon00441_jpg.rf.e5540967a28f73b006f9d0050fe920ec.jpg,1,0,0,0
Breachteammate00491_jpg.rf.36555983c2a3c6ca5b8d49f2e8b8ca57.jpg,0,1,0,0
neon01571_jpg.rf.0f80743b1497ca1c5cf9d57d3304e2ac.jpg,0,1,0,0
dm06901_jpg.rf.74ff95aa2133aeadc075ce7ae7512908.jpg,1,0,0,0
Breachteammate00241_jpg.rf.8f08b7f1846754050bda89dd3b169749.jpg,0,1,0,0
sova02761_jpg.rf.58588771d940a2c81c8fba7f7987b21f.jpg,0,1,0,0
defuser100041_jpg.rf.594faf035ff05d08869306760311ac37.jpg,1,0,0,0
dm13606_jpg.rf.6d38967d196fd568292399a74158b549.jpg,1,0,0,0
teammmate3301351_jpg.rf.ed109a5201d9a89b756a3e10626eeeee.jpg,0,1,0,0
plantedspike01671_jpg.rf.6aa1cc32f64a648bf4d38bc697a6b03b.jpg,0,0,1,0
teammmate3301301_jpg.rf.b4f931cbf78f7a20d7d29cf0efb02c5c.jpg,0,1,0,0
skye02611_jpg.rf.7731ea5e564cd2c28813fdd0c99cd774.jpg,0,1,0,0
brimteammate00261_jpg.rf.0c58f13c4407b636002d2284a0654a5b.jpg,0,1,0,0
skye02621_jpg.rf.6e10c0eaf602839415c0ea093cd7a8db.jpg,0,1,0,0
omen00931_jpg.rf.411e62931cbb4bed0023fa60e0218092.jpg,1,0,0,0
skye01231_jpg.rf.a53723faf3cfe589cfdbaf3d5ebfb63d.jpg,1,0,0,0
fade00841_jpg.rf.1cc639605c42c1b1ca751a681f0efcd5.jpg,1,0,0,0
dm08711_jpg.rf.d64a4a89896febe0913268e0927e31d3.jpg,1,0,0,0
reyna00081_jpg.rf.89cecace53d013e0fc6e6f58e334f97f.jpg,1,0,0,0
skye02481_jpg.rf.529e26b4ee9101083da98f0082b79d6e.jpg,0,1,0,0
teammmate3302331_jpg.rf.39cc390af04d762aa73c340484bf33e2.jpg,0,1,0,0
teammmate2203331_jpg.rf.ea32e1a356a322b7837a90ec8e1ec680.jpg,0,1,0,0
teammate300921_jpg.rf.6228810c7df396d6d4aa677adbbfc265.jpg,0,1,0,0
enemy201051_jpg.rf.bc421f93c2ad96a95ea01f6680b9f48d.jpg,1,0,0,0
fade00741_jpg.rf.c5954dce38f6fd78ccadb661e0f85228.jpg,1,0,0,0
chamberteammate00901_jpg.rf.cc99be591b48e79a537638255d59a52d.jpg,0,1,0,0
fade02641_jpg.rf.0914415d7b940b596ebe0e621478244a.jpg,0,1,0,0
kayo01961_jpg.rf.d783550d724752cdbe2ad2028bdc06a4.jpg,0,1,0,0
Jett00941_jpg.rf.480ebc8a1f0576571f722b87da995905.jpg,1,0,0,0
astraenemy01071_jpg.rf.d45dcfb19455b0bf32c6345a4504be96.jpg,1,0,0,0
Breachteammate00771_jpg.rf.2bf9114873eb73601b3bc2a8a00a9a41.jpg,0,1,0,0
chamberenemy00451_jpg.rf.b99172409de736e074452b8dff5e9076.jpg,1,0,0,0
chamberenemy00081_jpg.rf.b578587485907ef6c18d3a5a3709c89f.jpg,1,0,0,0
droppedspikerino01201_jpg.rf.c8b42bfa9b440ea870cec1bb6ea7fe84.jpg,0,0,0,1
ennemy201721_jpg.rf.1583980763f3cd715942fd08b9787b72.jpg,1,0,0,0
teammmate3301481_jpg.rf.d05b0018961f52db85eaa7b32d3c141d.jpg,0,1,0,0
skye02141_jpg.rf.e88f548bcbe12b648fb52dad53eafb5d.jpg,0,1,0,0
teammmate3301081_jpg.rf.6e6fc243468e887789acd73ee2e3d99d.jpg,0,1,0,0
sage02071_jpg.rf.4ae5531f1af7cd85acbcf688cbde9a74.jpg,0,1,0,0
teammmate3301961_jpg.rf.5b506c383df7c875200406fd64bf037d.jpg,0,1,0,0
droppedspike00741_jpg.rf.a655cd2e83bd60382ca98ca24baa8c4c.jpg,0,0,0,1
reyna00201_jpg.rf.3706b11572efa333efae9a41f749aad8.jpg,1,0,0,0
sage00201_jpg.rf.ea5ec0c3c7741185f74570392945423f.jpg,1,0,0,0
kayo00781_jpg.rf.8408bc1e17705451c34ff614a580b206.jpg,1,0,0,0
droppedspikerino00201_jpg.rf.26344685982ea9fad62d6792dc4c74a7.jpg,0,0,0,1
fade02041_jpg.rf.0dc4116ffc0e2c044f7ac7ed16feabf1.jpg,0,1,0,0
viper02541_jpg.rf.1991b9f781da669cbe226c3a61b5936c.jpg,0,1,0,0
killjoy01981_jpg.rf.c1577ce61665939df2629033866ac278.jpg,0,1,0,0
raze00331_jpg.rf.aedbb55d846ec0967a3e252e5c3b26e5.jpg,1,0,0,0
killjoy01331_jpg.rf.69645247dde25c2b3ec0f20801905d95.jpg,1,0,0,0
yoru01011_jpg.rf.8f9505e26dfea46dbd86150e5ceb08cb.jpg,1,0,0,0
neon00431_jpg.rf.f51885e297e524378c36b1f93e99a3d6.jpg,1,0,0,0
orb01491_jpg.rf.a767afc536265ebd72173b05f95a968d.jpg,0,0,1,0
astraenemy00311_jpg.rf.fc211162c663ff7d53430d394ba24edf.jpg,1,0,0,0
enemy01401_jpg.rf.23b6741316827c3d607f0d1ac88fac8b.jpg,1,0,0,0
kayo01621_jpg.rf.939ee0cf5ace8ebba36bcf0dc58c3064.jpg,0,1,0,0
cypher00281_jpg.rf.711aee365c73d91205aabaf470bdb963.jpg,1,0,0,0
neon01591_jpg.rf.7a099914dadc7152c4df6cf32e28a88e.jpg,0,1,0,0
ennemy201831_jpg.rf.17f4d5c397e0c0dfecaf3a77e0573f05.jpg,1,0,0,0
teammmate2203301_jpg.rf.9633ce4bc6a3dbb2ba5a523439a42373.jpg,0,1,0,0
teammmate2203351_jpg.rf.acec36e2e6363481b7f28af61066ce38.jpg,0,1,0,0
enemy100621_jpg.rf.e7f3be9d3f11ae45e6cb146520eb326e.jpg,1,0,0,0
kayo02041_jpg.rf.34783ee1dcf6133644263ba54af3e416.jpg,0,1,0,0
cypher01991_jpg.rf.21703d4d6bdd545374b25479f097f063.jpg,0,1,0,0
yoru01081_jpg.rf.9c8f083903f59296be16a76923e410a3.jpg,1,0,0,0
killjoy00241_jpg.rf.3776eb92fa3c6a881fa399f0df0d86d8.jpg,1,0,0,0
neon01621_jpg.rf.d5c70fcc0a564495f0c5a27eaf61c1c0.jpg,0,1,0,0
dm08601_jpg.rf.f0622f49398e665c79617ed18e8cf104.jpg,1,0,0,0
cypher01211_jpg.rf.bb2ce5b79accf35f257c1ac7e9a34296.jpg,1,0,0,0
teammmate3300311_jpg.rf.18f8a98bf9de06d1fbb7f21bfe5ec255.jpg,0,1,0,0
enemy100491_jpg.rf.97dce9b3f74d3c631fb71c3a860ef3be.jpg,1,0,0,0
plantedspike02161_jpg.rf.99fa2d1d8bb586c29001e9182188e3b8.jpg,0,0,1,0
skye01301_jpg.rf.dac36dfdf546a4bea52fe8e3227fdd4e.jpg,1,0,0,0
skye02601_jpg.rf.7a8d6714f2949e4d2fdc8bf7ee1dbe20.jpg,0,1,0,0
viper02051_jpg.rf.ee3df43d859e53c374b6b0f5f64d884e.jpg,0,1,0,0
yoru02271_jpg.rf.25b58f929d93a3e6ddeb08c211eda2cd.jpg,0,1,0,0
chamberteammate00361_jpg.rf.85978a018b192949218e10e3378a34ec.jpg,0,1,0,0
teammmate00281_jpg.rf.4a5ed21124cec550ef0d25faa6d59941.jpg,0,1,0,0
ennemy200761_jpg.rf.ee633ac4edff8c88af25b5c97fe46182.jpg,1,0,0,0
fade00571_jpg.rf.406e733a9f93335486fc10395fe4ddd8.jpg,1,0,0,0
Jett00401_jpg.rf.3a54333c2f9208c1a580b3c014d81061.jpg,1,0,0,0
teammmate3302391_jpg.rf.00ab6c301bcb0cca331e283c2428a372.jpg,0,1,0,0
viper01431_jpg.rf.f347aedcd03b6a1e803127c0c767ab60.jpg,1,0,0,0
orb01131_jpg.rf.82098044b2e96f00e63e73266dbc458e.jpg,0,0,1,0
enemy00291_jpg.rf.cc832ad037233c1c64e9d149aa51b637.jpg,1,0,0,0
raze02001_jpg.rf.45a5bce2e492814023b4543ea0f010ab.jpg,0,1,0,0
dm13491_jpg.rf.b6a965e77ee253dba6e6986c3a91656b.jpg,1,0,0,0
yoru01061_jpg.rf.0eaa0f48164178584820cd48441ab16f.jpg,1,0,0,0
dm02726_jpg.rf.b56d6234ecae3cbe6a7b318cf8bfb215.jpg,1,0,0,0
defuser101591_jpg.rf.0a9560a05c512187bcd0c38d309d460e.jpg,1,0,1,0
enemy301091_jpg.rf.47205aac836beddf83c533b364131dac.jpg,1,0,0,0
ennemy01491_jpg.rf.888ddea1cbfb4112dc94ee7cbea7dbc7.jpg,1,0,0,0
ennemy01571_jpg.rf.9711c5d0ef5505b8cbebcafefc175152.jpg,1,0,0,0
viper02471_jpg.rf.43fa85856e50031973230a484c963f50.jpg,0,1,0,0
neon00461_jpg.rf.dcaa2918f878fdb2013fea5b65df9057.jpg,1,0,0,0
Breachteammate00871_jpg.rf.6245353a196f722554399136438b3e98.jpg,0,1,0,0
cypher00861_jpg.rf.e4896805027ed582e6048dde20efde3a.jpg,1,0,0,0
brimteammate00371_jpg.rf.1408ae4b8a8e834c25568ca115526b54.jpg,0,1,0,0
teammate100361_jpg.rf.be9496404193f4ee15678a763200f5ac.jpg,0,1,0,0
teammmate01041_jpg.rf.952cba64abfa3d9084cf786f873ad89e.jpg,0,1,0,0
raze00531_jpg.rf.91a251d6339aa0fb369a4ad506cc2375.jpg,1,0,0,0
brimenemy00311_jpg.rf.d5aa5e7ff856ef0c9f50d4ce03f2becd.jpg,1,0,0,0
defuser100501_jpg.rf.803b62c0f70e4b47411219a89f8fc1db.jpg,1,0,1,0
fade01031_jpg.rf.156625979c426d68c1a02ab4de9b090e.jpg,1,0,0,0
pheonix01621_jpg.rf.cef94609f23067b1951a00fa5468d548.jpg,0,1,0,0
dm16361_jpg.rf.0b8683bba839ae8d67a5f9247815d4ff.jpg,1,0,0,0
scena01161_jpg.rf.4be6c43a04a635dbb9831df600ab4a46.jpg,0,0,0,1
chamberenemy00061_jpg.rf.363fe13966791ee06ea1f49d8d202bc6.jpg,1,0,0,0
teammmate2201101_jpg.rf.fbb9da74fab7df98df74439449945f68.jpg,0,1,0,0
skye00611_jpg.rf.c648d2af436948882a43898667e83a11.jpg,1,0,0,0
kayo00051_jpg.rf.13b86cbc560acb93e7085e271cced292.jpg,1,0,0,0
raze00771_jpg.rf.b9fcd640037c47bb61c4dda7106e3e90.jpg,1,0,0,0
teammate01041_jpg.rf.140ef662361b7049412d3e3cf8671415.jpg,0,1,0,1
teammmate3301471_jpg.rf.3b95d55639bef76efb3a0cdc1ed19a63.jpg,0,1,0,0
cypher00891_jpg.rf.fc50b221762736d88e71b4ed0cf40177.jpg,1,0,0,0
brimteammate00341_jpg.rf.eaf4efbf4172957ad693007012fe06ee.jpg,0,1,0,0
sage00211_jpg.rf.70f8690d7dd51b617f66e98ae8399494.jpg,1,0,0,0
Jett01011_jpg.rf.3f782b4a1921f956c683a9cd285a878f.jpg,1,0,0,0
omen00021_jpg.rf.c72dac6144e52e92b91dccd8f583c646.jpg,1,0,0,0
orb02001_jpg.rf.346495c93ee0a4016d5ad6bcfb99331a.jpg,0,0,1,0
orb01381_jpg.rf.57e8728e7d5582e6b3552b43eb0668fc.jpg,0,0,1,0
enemy300231_jpg.rf.052dea93d6239e4e0a6b455df5aa843f.jpg,1,0,0,0
cypher00491_jpg.rf.087b9f02c8cfb3e826175774d226c737.jpg,1,0,0,0
Breachteammate00931_jpg.rf.a978c68f0d0cc13f39d875c86f765ea0.jpg,0,1,0,0
yoru02191_jpg.rf.b3dd1ddc9addcb3888416bc5b028e0db.jpg,0,1,0,0
Jett00391_jpg.rf.effb4900e1e3e08898a008fb0e5eef0a.jpg,1,0,0,0
killjoy02001_jpg.rf.d76b12b36329d46e8a81476106a3795d.jpg,0,1,0,0
teammmate2200921_jpg.rf.6b6c5746f952a6e2522e5bbe38a2c90e.jpg,0,1,0,0
kayo01231_jpg.rf.26af9358693a8cf5e7234b84ecce6122.jpg,0,1,0,0
brimenemy00391_jpg.rf.bf0ffba8935e46e5c83f3963a2a86faa.jpg,1,0,0,0
viper01361_jpg.rf.14bd491dcf834bb67f2b11cf736a1cca.jpg,1,0,0,0
scena01201_jpg.rf.f4bb50c4c7a31a02d1107cd26e03e9a1.jpg,0,0,0,1
teammmate3301311_jpg.rf.666db4aa36a85548f71fc5d445a34865.jpg,0,1,0,0
droppedspikerino00781_jpg.rf.88086ad0ff08c946c0c60564362da2ee.jpg,0,0,0,1
fade02431_jpg.rf.14d368d35cb5c62261842f1bde6e2779.jpg,0,1,0,0
kayo01791_jpg.rf.284b2078f25a10ff1194b12ac85ee0f6.jpg,0,1,0,0
yoru00661_jpg.rf.527259d44728e93b782fb58d12c9b21d.jpg,1,0,0,0
cypher02321_jpg.rf.391f8149012db1ea54d5de401442118e.jpg,0,1,0,0
viper02201_jpg.rf.1f72b904e4c9833c14e71990cbafec99.jpg,0,1,0,0
sage00251_jpg.rf.f2218d35f341c451d18c2d6a12bf666e.jpg,1,0,0,0
chamberenemy00571_jpg.rf.82202669077b4897a3a820a60adec7a6.jpg,1,0,0,0
brimenemy00381_jpg.rf.7a0b21471d7073a68f320c02ad31a502.jpg,1,0,0,0
teammmate2200821_jpg.rf.cce42759e2436a8851f639a68cf21adf.jpg,0,1,0,0
teammmate3301371_jpg.rf.a25975b3233bea639c238f6f0ee3551f.jpg,0,1,0,0
enemy301351_jpg.rf.f61dcbeb9bcef0ea6a0f5b7f91f0cf70.jpg,1,0,0,0
droppedspike00521_jpg.rf.4ff96629e6c5b1a70ac47c3352d60c95.jpg,0,0,0,1
fade01021_jpg.rf.c5a7dbf0cf2c14c2c09d6d86fac5e860.jpg,1,0,0,0
teammmate3302431_jpg.rf.0763c35b41d2414464fd8f9aea6183c6.jpg,0,1,0,0
brimenemy00411_jpg.rf.5599d8e178cd09f503a21d2cadbd2f9d.jpg,1,0,0,0
yoru00051_jpg.rf.6f8f38b03b704ac80093aac06bead89b.jpg,1,0,0,0
skye00431_jpg.rf.73049a3c7d38a533d5a5c02fa882e28b.jpg,1,0,0,0
yoru00631_jpg.rf.a659b80411a0af8010a3f0ff68c98a79.jpg,1,0,0,0
yoru02671_jpg.rf.ba849497698617b5d8ff32770045d1cb.jpg,0,1,0,0
astraenemy00931_jpg.rf.0d7c394ddf9cdf2d3c75608b5c4635ca.jpg,1,0,0,0
teammmate3302001_jpg.rf.4f5ae4b603c50941d952d0d43f17469b.jpg,0,1,0,0
raze01441_jpg.rf.215aeb145413466232bcf9bda18719d5.jpg,0,1,0,0
teammmate2200781_jpg.rf.8ea17f515b266de5b041550a66e7fcaf.jpg,0,1,0,0
kayo00021_jpg.rf.5493f5546251c5184d9a4eaf4acc3b8a.jpg,1,0,0,0
teammmate3302461_jpg.rf.31255f8e31abc6a472c0d47ce4062845.jpg,0,1,0,0
chamberenemy00921_jpg.rf.bba939cf9ea01c955118578a0e7849a3.jpg,1,0,0,0
viper02011_jpg.rf.76a12964393e786ea015a129e4f73085.jpg,0,1,0,0
skye02861_jpg.rf.2123f568116947a9cebb4a91dfd240a5.jpg,0,1,0,0
viper02271_jpg.rf.cf551762f155b0c42863309d3a1907fd.jpg,0,1,0,0
kayo01641_jpg.rf.72a1ecc9037b9f481894b3162b9f3f6e.jpg,0,1,0,0
skye01411_jpg.rf.b921b1a7ba38e852b3699a8fbc26ca7a.jpg,1,0,0,0
Breachteammate00161_jpg.rf.dee10769fc60b5e503bd2c6ef9397c04.jpg,0,1,0,0
chamberteammate00941_jpg.rf.44cc59b25fe8b55e86652504253640b1.jpg,0,1,0,0
teammmate2203481_jpg.rf.aae60c2d1f7198f6f389655f4a57745a.jpg,0,1,0,0
teammmate3301111_jpg.rf.9949b3fe71806ed53119e9d2ca0e101e.jpg,0,1,0,0
chamberenemy00581_jpg.rf.122bd5f0e6d29f6b7cbb8bccf9863e67.jpg,1,0,0,0
brimenemy00421_jpg.rf.487d3af89845946caefac5a5d27cf634.jpg,1,0,0,0
brimteammate00411_jpg.rf.0455fcf9efb903d12c962e671af8d92b.jpg,0,1,0,0
brimteammate00721_jpg.rf.6c2653a2f570803c46ad2759c5fc26bc.jpg,0,1,0,0
astraenemy01031_jpg.rf.e47f4a2d5962625662e709ba3d7f6403.jpg,1,0,0,0
viper02871_jpg.rf.6ee62742341e5e6a4acbe591e5b6de08.jpg,0,1,0,0
scena00281_jpg.rf.467d962f96486bb053138dd0747cdbfb.jpg,0,0,0,1
cypher00041_jpg.rf.c47674b5f885908ed56c2b341efc2b31.jpg,1,0,0,0
chamberteammate00911_jpg.rf.a4302d8827deedd0bde06cf7de33ded0.jpg,0,1,0,0
yoru02201_jpg.rf.1130f01ecfa318a2c8710339d0aaefaf.jpg,0,1,0,0
teammmate3300031_jpg.rf.d993e10cf27db6fdbebb0154214babb6.jpg,0,1,0,0
brimteammate00321_jpg.rf.c75aefb7bffc8fde1e7925281d8753f3.jpg,0,1,0,0
fade01531_jpg.rf.3285e94c839ec2823ca392c1409fc891.jpg,0,1,0,0
chamberenemy00161_jpg.rf.c7db7be5a0fe67acff7963c511402764.jpg,1,0,0,0
scena00681_jpg.rf.ebe74180910435274b1b75bba96398f7.jpg,0,0,0,1
droppedspikerino00241_jpg.rf.1b9481c9d1ca2d0f606545f28c43de02.jpg,0,0,0,1
ennemy200651_jpg.rf.653905666fc4f02a0966cda456b70850.jpg,1,0,0,0
droppedspikerino01231_jpg.rf.f5579ba047c1c1c7f76460fab3f58c45.jpg,0,0,0,1
reyna00441_jpg.rf.1b107ab79fdf483a63eeff4ba704af8d.jpg,1,0,0,0
kayo00031_jpg.rf.aa5a8ab0b8aff686c79ca0bfb2344b87.jpg,1,0,0,0
astraenemy00301_jpg.rf.9a4c08f0e4a4bafc839762025c290c6d.jpg,1,0,0,0
killjoy00171_jpg.rf.d90ad11bebe9752c88eb9e266bbacf52.jpg,1,0,0,0
cypher02001_jpg.rf.fc6de70760da34b0c072ada9d4d39470.jpg,0,1,0,0
brimteammate00671_jpg.rf.2aee52d87b8a78b3eedea501c5511992.jpg,0,1,0,0
chamberenemy00521_jpg.rf.6643b978f6b432c1f6d381ee14d729e1.jpg,1,0,0,0
teammmate3302411_jpg.rf.2f618cb253bc35a78555cb66bfcd0cb5.jpg,0,1,0,0
chamberteammate00931_jpg.rf.cf80961c05f6334d02c765821d796deb.jpg,0,1,0,0
fade01661_jpg.rf.d04ac8a271675a24fb476474f10b9030.jpg,0,1,0,0
ennemy01581_jpg.rf.fe94f112d58eec712b722d8e5241188d.jpg,1,0,0,0
yoru02281_jpg.rf.758538e28f33f25382e7580a615b6c36.jpg,0,1,0,0
teammmate3300281_jpg.rf.b7250e3ed5dcf7344cdf8b677aa8250b.jpg,0,1,0,0
yoru02091_jpg.rf.c02aab635d10401ed708cfe2c60d3a75.jpg,0,1,0,0
droppedspikerino00971_jpg.rf.437b16673646f67ae78c8badfde3c713.jpg,0,0,0,1
skye02121_jpg.rf.0b90ad416361c1778298d90169422858.jpg,0,1,0,0
sova01731_jpg.rf.53977c3542a55ee7af19408366753b33.jpg,0,1,0,0
kayo01761_jpg.rf.593518f1070d2ba9af3adb116bdb7ddd.jpg,0,1,0,0
chamberteammate00411_jpg.rf.28e8ef8f13c8c70ff5e3a26b6da0d807.jpg,0,1,0,0
kayo01891_jpg.rf.013ff53be815e65212cb39a8facba48c.jpg,0,1,0,0
skye00581_jpg.rf.144e2e9a8381187c3986567e31b1f2dc.jpg,1,0,0,0
teammate00731_jpg.rf.c39ddd6ba0a934f96f0811cce2ac258f.jpg,0,1,0,1
Jett00031_jpg.rf.6d04a9966b33c0f21766bc41d076aecf.jpg,1,0,0,0
Breachteammate00941_jpg.rf.3100f41d262de835cf9b8da64cecb692.jpg,0,1,0,0
scena01261_jpg.rf.15582deb7f93232ac38005d6f30cd8d6.jpg,0,0,0,1
skye02591_jpg.rf.15acf6946318ea6b769640ed0ac38589.jpg,0,1,0,0
brimenemy00431_jpg.rf.a7b9390e9ac6e3d2f61642f8023be489.jpg,1,0,0,0
sage01821_jpg.rf.203a1c0ad6450609d15eb5dd3ca4998f.jpg,0,1,0,0
reyna00231_jpg.rf.7069d7864df02f9c2d33259977999429.jpg,1,0,0,0
yoru00281_jpg.rf.9343420bc158829608ffe260f3c8f4c3.jpg,1,0,0,0
teammmate3302371_jpg.rf.203153c847c2d3b51b622b663429c238.jpg,0,1,0,0
skye01561_jpg.rf.24928ca785ed7eaef484609cf8833c35.jpg,0,1,0,0
teammmate3301981_jpg.rf.645e72faab002295ae5e85cef930b99d.jpg,0,1,0,0
teammate00701_jpg.rf.44c5987a7c73353ef40472e9fc0294bf.jpg,0,1,0,1
reyna02461_jpg.rf.0f2f0473ed646f01c70befa51764c324.jpg,0,1,0,0
viper02881_jpg.rf.eaec6d70cc040759aac7830e5f342f67.jpg,0,1,0,0
sage02531_jpg.rf.b9a092b5ef2532fdcced3c4f1f447ec0.jpg,0,1,0,0
teammmate3300291_jpg.rf.1958e92cabfd4ef8294cab53565a02e6.jpg,0,1,0,0
raze01981_jpg.rf.51491b685d3e2a759a39b51be720117b.jpg,0,1,0,0
raze02661_jpg.rf.44b84ed8cf4d7d3f814b38a0f2201769.jpg,0,1,0,0
teammmate3302011_jpg.rf.33e39bf5a089d8886a5601145c7b5f73.jpg,0,1,0,0
viper01351_jpg.rf.c9e1822a94118b44e602738ef25bdce8.jpg,1,0,0,0
sage01871_jpg.rf.f6036dec242ba12c9cc08e065faa33ac.jpg,0,1,0,0
chamberteammate00421_jpg.rf.d70de4f8b4dd2eaa5cdc945688d67b5b.jpg,0,1,0,0
raze01971_jpg.rf.07574275bebf592af84020b14f8e8c40.jpg,0,1,0,0
teammmate3300341_jpg.rf.e2a5a294ee5afb7e54a924fb5601ccf2.jpg,0,1,0,0
reyna00131_jpg.rf.1a0edfa3d35732e1f1007dcd68b07da1.jpg,1,0,0,0
enemy301311_jpg.rf.19b9b3c81107551e384b614daa1309d1.jpg,1,0,0,0
brimenemy00451_jpg.rf.46cd51723951f7e6c7803567cb561046.jpg,1,0,0,0
enemy02531_jpg.rf.01f96ffbc8e5c94fe54b9081e164c711.jpg,1,0,0,0
skye01921_jpg.rf.a042a82fda303499e37405e5a686e44e.jpg,0,1,0,0
raze00381_jpg.rf.695b343e2782eecd43f0d5ec9e547d6b.jpg,1,0,0,0
reyna01661_jpg.rf.cdf0df78951cb99b028370935c2137fa.jpg,0,1,0,0
viper01391_jpg.rf.8ac1d788ef814c932b63786eb9ccee8e.jpg,1,0,0,0
yoru01991_jpg.rf.8bc1d585d84faa6ee567ca676fffa9cc.jpg,0,1,0,0
killjoy01991_jpg.rf.e82f0565b525553ef001e7a76f71647e.jpg,0,1,0,0
ennemy201711_jpg.rf.da3397e5c308bdc4fbc1de4259217a24.jpg,1,0,0,0
yoru01071_jpg.rf.4c0e1514ba940d5458449bd56220d78c.jpg,1,0,0,0
fade02091_jpg.rf.ef99d770cb21f79e24e3ebcc3b29c670.jpg,0,1,0,0
teammmate01141_jpg.rf.efffeab85bc57edae95b06d7d0e059d4.jpg,0,1,0,0
killjoy02031_jpg.rf.c86ea407dfd966ff9ece58572454293f.jpg,0,1,0,0
reyna00381_jpg.rf.1a6220fdba81cf89e7c06d56a34d95ea.jpg,1,0,0,0
scena00051_jpg.rf.34dd59ef120d74192f5cf71f5c4b07ef.jpg,0,0,0,1
cypher00261_jpg.rf.6af5b0f20ffee77e0efdd3f3b1c8c7df.jpg,1,0,0,0
teammmate3301501_jpg.rf.fdac1d49ff5f66c02c980cadb61fc00f.jpg,0,1,0,0
enemy100601_jpg.rf.8b975a189a947d9844ad433a0a5199c4.jpg,1,0,0,0
sage00221_jpg.rf.f96a63b271bf12dd21f859b3c1090d12.jpg,1,0,0,0
viper02851_jpg.rf.5f06828126a942fadbcf2611ac3b5295.jpg,0,1,0,0
raze00491_jpg.rf.ab451f60fcdb73f2e6027cd4ae518471.jpg,1,0,0,0
teammmate3301991_jpg.rf.320dad519d2a125d6712db5fb9dc75eb.jpg,0,1,0,0
skye01801_jpg.rf.ad31228185b49d6a41b126ef311fa82e.jpg,0,1,0,0
scena00581_jpg.rf.c8b2f12f66241fb956a723312f9fdbef.jpg,0,0,0,1
dm12761_jpg.rf.244df8288979048d1aa52f218a5b0dcf.jpg,1,0,0,0
viper01761_jpg.rf.e49c960a16cf99251b9d6f489eae980b.jpg,0,1,0,0
teammate100131_jpg.rf.e9b59752919597aeb2906c8a5c8a9b3b.jpg,0,1,0,0
astrateammate00241_jpg.rf.d5cc27f1fdba2021c0fa7bcd476f76aa.jpg,0,1,0,0
dm16396_jpg.rf.7812e9b06c13362b8cadfeeec1dc16ec.jpg,1,0,0,0
teammmate3302291_jpg.rf.00845edcf3bda2d3805bfd2de80b5e7b.jpg,0,1,0,0
enemy300301_jpg.rf.697b5d27f1373515353a0d2f31303fbe.jpg,1,0,0,0
brimenemy00031_jpg.rf.d65a037753f1a504043c061e787a4880.jpg,1,0,0,0
enemy300471_jpg.rf.a1951141c461abaf4bd5e3c66248b2bc.jpg,1,0,0,0
teammmate3300261_jpg.rf.41c40999db3cbe31598721977c3cb36d.jpg,0,1,0,0
fade02071_jpg.rf.12d4b95111bd13bf657c8c0d666f5b9a.jpg,0,1,0,0
skye02031_jpg.rf.8e4afe65e1edd6d8ee276fa0d0cc9c74.jpg,0,1,0,0
Breachteammate00811_jpg.rf.a213d1a8d26a0a1d2590272f9a0360c2.jpg,0,1,0,0
reyna02091_jpg.rf.b536a0c7f7a992c9438cd18d0eb464b8.jpg,0,1,0,0
raze01291_jpg.rf.a0ce4b4ac21b80e715cb90fbe9978f80.jpg,1,0,0,0
Breachteammate00821_jpg.rf.1643443464f9ea271cff9dff4aabfaa5.jpg,0,1,0,0
raze02041_jpg.rf.e59f58c8708d477c148aac9fd3342b48.jpg,0,1,0,0
skye02681_jpg.rf.ee8b60534502d65e8086bbcf07e1e53f.jpg,0,1,0,0
yoru02011_jpg.rf.a68e295ea654b1a80407b806f3f63e80.jpg,0,1,0,0
enemy200091_jpg.rf.3a4450633588ce572e4e9498aeb93e3d.jpg,1,0,0,0
fade02611_jpg.rf.5d18a7295b1e0ce3464080c4da5c199f.jpg,0,1,0,0
chamberteammate00441_jpg.rf.87a029db05e4b5b8f82124b2c5b2a772.jpg,0,1,0,0
viper01801_jpg.rf.d1397883107777c1254dfc2a5ef50987.jpg,0,1,0,0
yoru02211_jpg.rf.db115603f6ac8f08b80ba3fd4befe629.jpg,0,1,0,0
skye01391_jpg.rf.9d138e62d31089fb4a48dc2ae685dbcb.jpg,1,0,0,0
yoru02231_jpg.rf.a2f1efdc135f1abd74d0e0c26873123f.jpg,0,1,0,0
enemy301261_jpg.rf.05e1704b61705050aea99933e4c34e97.jpg,1,0,0,0
droppedspikerino00271_jpg.rf.8cbfb0c93bc456cb14240fbeaee10569.jpg,0,0,0,1
scena01451_jpg.rf.f2cc7b8f59e5b89d35533291737e70a3.jpg,0,0,0,1
scena01101_jpg.rf.7d215289c40839271fc93da0dd49b8ee.jpg,0,0,0,1
yoru02051_jpg.rf.3fc11f5fa41061b3a12411b697eae636.jpg,0,1,0,0
Breachteammate00911_jpg.rf.817ba58c25e990e91e479c12d251867f.jpg,0,1,0,0
cypher00451_jpg.rf.ba8265685c0540b8f04b6a3cef1dc762.jpg,1,0,0,0
teammmate3300361_jpg.rf.6c4bd3ccd338305acfa96e8355cf0ae2.jpg,0,1,0,0
scena00631_jpg.rf.ff348f9c9e000b06f60fc3ebad327b94.jpg,0,0,0,1
teammate00651_jpg.rf.0d5e23c939951b21ac533775e85d59a9.jpg,0,1,0,1
brimenemy00441_jpg.rf.5c19320eb139c72e66687aaab3b8b805.jpg,1,0,0,0
skye00551_jpg.rf.fe0f6553e63fb3d59a94c02dadb2f9cd.jpg,1,0,0,0
astraenemy00391_jpg.rf.0ae300595af9d9d5e8fc6be7362e7740.jpg,1,0,0,0
teammmate3300431_jpg.rf.9102a51366ffd94bc9c5958a1093f105.jpg,0,1,0,0
skye01761_jpg.rf.e055de6d44094576ae164a81ae86dcc2.jpg,0,1,0,0
ennemy201531_jpg.rf.dba878545b3de04202422fdcd3f5c98a.jpg,1,0,0,0
viper01721_jpg.rf.c16f6e95e8559f23484f879723142d0d.jpg,0,1,0,0
fade00621_jpg.rf.b1b031e54b13b8e593f297475b0cb3c5.jpg,1,0,0,0
chamberteammate00461_jpg.rf.d4408d3cbc1bf7893abdd5e73ca81e02.jpg,0,1,0,0
killjoy00261_jpg.rf.bb5b790305328a038315bb6ccf38e790.jpg,1,0,0,0
chamberenemy00621_jpg.rf.2c2376420f7cd312db8b8f5fd43e6cd0.jpg,1,0,0,0
Jett00211_jpg.rf.008a3fea74df470f76b8245cec4eeb3a.jpg,1,0,0,0
teammmate3301561_jpg.rf.b83c8e90208f012e4c46ff063f63861c.jpg,0,1,0,0
brimteammate00061_jpg.rf.efda038970e40b418bf1b10e3198efaf.jpg,0,1,0,0
teammmate3302591_jpg.rf.90ce6de47fa79f3eccf74765d3733187.jpg,0,1,0,0
kayo00911_jpg.rf.13e8e1c2d44546482d55347a0e092218.jpg,1,0,0,0
brimenemy00481_jpg.rf.4ea07cbeb3e8ece90115b79aaea4e523.jpg,1,0,0,0
scena00011_jpg.rf.c04ab35c4e6ab98ebe2dce74d22a2ab7.jpg,0,0,0,1
yoru02311_jpg.rf.26d549a4e849b594a3716bc449620722.jpg,0,1,0,0
yoru01051_jpg.rf.14236e8cc8d4dae028fbfaaf32455d87.jpg,1,0,0,0
kayo02021_jpg.rf.112e92eb92327f6c8950d10a689c3ccd.jpg,0,1,0,0
brimteammate00121_jpg.rf.5ac4bc305368e249da5e39ac79f860c1.jpg,0,1,0,0
viper01831_jpg.rf.75f08e3d8f48664a737417c969ac05c0.jpg,0,1,0,0
astrateammate00761_jpg.rf.9395f8c0babc27f5f9cad19262a1ffe6.jpg,0,1,0,0
chamberenemy00611_jpg.rf.b7394c58b23d0e71bbacdb887a333b52.jpg,1,0,0,0
raze00051_jpg.rf.5edb33ffaf00c3128b4794d18380bc77.jpg,1,0,0,0
brimenemy00541_jpg.rf.239e5135e5e206df5c5b1abe63730b16.jpg,1,0,0,0
cypher00061_jpg.rf.0b7b786f26e6bf5daa2c001ad836513d.jpg,1,0,0,0
yoru01031_jpg.rf.3f5069b66f8927a3c0d17110ac5edc07.jpg,1,0,0,0
Jett01821_jpg.rf.bcb271e5c7af47d2957fcd993b062ab8.jpg,0,1,0,0
teammmate3300321_jpg.rf.5963a7fe48914b4431233f1596abd512.jpg,0,1,0,0
kayo00041_jpg.rf.f5ab817e160c2f09c377d90c2ab063b6.jpg,1,0,0,0
chamberteammate00431_jpg.rf.f9a4b2ebca4e8c1216701fc9c48ad889.jpg,0,1,0,0
cypher00921_jpg.rf.3bfba7a8c406df3ff1d6f57a43cad454.jpg,1,0,0,0
chamberteammate00481_jpg.rf.af7e79c1810117bbb8012724246b815b.jpg,0,1,0,0
raze00611_jpg.rf.9938dd3ef8f1fe4f55c30378513a13b0.jpg,1,0,0,0
viper02381_jpg.rf.572525999d10a37be2dd04a30408f8fd.jpg,0,1,0,0
Jett01681_jpg.rf.9babebd9ec0032190f65a37abbdf7226.jpg,0,1,0,0
teammmate3302581_jpg.rf.42516b88fd7da1aa680d3e979413f7a7.jpg,0,1,0,0
fade00201_jpg.rf.13bf25fd27f87f17373ec5bfb98b8680.jpg,1,0,0,0
yoru01091_jpg.rf.bcf27f123516072a5b8c9180c65bf10f.jpg,1,0,0,0
cypher01691_jpg.rf.15ae6fe9c9448c6652c5405e8befb0cf.jpg,0,1,0,0
chamberenemy00661_jpg.rf.6495c45974737325a48d69b79276b27a.jpg,1,0,0,0
cypher00411_jpg.rf.2d585fe271edc31e32fc128143c28c8a.jpg,1,0,0,0
brimenemy00401_jpg.rf.6ce82d7e98b7194805c523a9d83fedd8.jpg,1,0,0,0
fade01481_jpg.rf.23027383a805e4953dc0b714b05b60c8.jpg,0,1,0,0
Breachteammate00921_jpg.rf.27800bce70152c633602086a2f39437a.jpg,0,1,0,0
cypher00951_jpg.rf.70e81992d1e3489ccc24d6c664594659.jpg,1,0,0,0
cypher00311_jpg.rf.f54c13069067516e78c7a87b47c0ca43.jpg,1,0,0,0
fade02411_jpg.rf.8c70065e5a1058e3c051bde663408d57.jpg,0,1,0,0
viper00171_jpg.rf.77dc49351406bcc85f98b0eb97cc1510.jpg,1,0,0,0
scena01141_jpg.rf.eaa263ba6327aea06790fb61a964c6e5.jpg,0,0,0,1
viper02221_jpg.rf.3f629828dab733e503aebb6664193bb4.jpg,0,1,0,0
scena00711_jpg.rf.f1a8a196c813d5ddff18e1d38583139c.jpg,0,0,0,1
teammmate3301531_jpg.rf.e8cba026dd7b515dc9a3b0e9e75fee70.jpg,0,1,0,0
teammmate3301041_jpg.rf.6c3b12749a7512f4d4811deb8196c33b.jpg,0,1,0,0
viper02841_jpg.rf.f35086a3f69cfbd9037dbe80bb8ece43.jpg,0,1,0,0
fade00751_jpg.rf.b483bae5d3e8c033dbf498083ee16d37.jpg,1,0,0,0
teammmate3301951_jpg.rf.93859fabfc7bf89463d990b50a17d32e.jpg,0,1,0,0
fade00681_jpg.rf.219374e6857272c124433a59308229d3.jpg,1,0,0,0
teammmate3302631_jpg.rf.1b415f7ebbd23c1537fe465f916eba50.jpg,0,1,0,0
raze00341_jpg.rf.2b35a6869df34fd0ce8584751c91831d.jpg,1,0,0,0
viper02901_jpg.rf.16d3346b673e523fb1810ee44859cf3b.jpg,0,1,0,0
kayo01741_jpg.rf.37640f7f36c77be84bb502a90d1f669a.jpg,0,1,0,0
yoru00741_jpg.rf.573e1f4a0c9f319abf93772c9b694c49.jpg,1,0,0,0
Jett00851_jpg.rf.86dfac5a4c6458745b7b263f864b8826.jpg,1,0,0,0
fade00371_jpg.rf.32a5df41052534484217ec505b11410a.jpg,1,0,0,0
viper01881_jpg.rf.2c8826f1803327d06f61c10d52b38289.jpg,0,1,0,0
teammmate3300351_jpg.rf.af8df3c2342faf4c131598cd26ac6c1f.jpg,0,1,0,0
sova00321_jpg.rf.bc32457a362b4e47447090cbb79f54c7.jpg,1,0,0,0
brimenemy00501_jpg.rf.df4e4acec6e4caf24b30aec143aff8ca.jpg,1,0,0,0
reyna00411_jpg.rf.47e0e1017fff96746d13d2274545dba8.jpg,1,0,0,0
viper02331_jpg.rf.25586743069c22abc3ec75ba521c791e.jpg,0,1,0,0
ennemy201541_jpg.rf.7f33d5d74bc6f1e7e2063e45eb311eff.jpg,1,0,0,0
viper02371_jpg.rf.94e6423795eb8cc0d71bb82dd4fb1c89.jpg,0,1,0,0
cypher02371_jpg.rf.a35655903db599e97651024932a4b1e2.jpg,0,1,0,0
teammmate3300411_jpg.rf.1261cf6f1398e5e11be823cfc625049f.jpg,0,1,0,0
cypher00051_jpg.rf.bebff5258ce96a296a1231f249ea6f3c.jpg,1,0,0,0
cypher00321_jpg.rf.7a5b1366b6799fb4cfe1ffd38c579dcc.jpg,1,0,0,0
raze00571_jpg.rf.dad0b03ab2b34f98b84b01cce67d9208.jpg,1,0,0,0
plantedspike02381_jpg.rf.f25c53a509331876fd4199d6feabec04.jpg,0,0,1,0
Breachteammate00541_jpg.rf.8e4de09366067b4325dae8d9b04bb14f.jpg,0,1,0,0
teammmate3302081_jpg.rf.b23d2846f56b88846d65d9ff4e4e6fea.jpg,0,1,0,0
fade02821_jpg.rf.ad5b7ec1436eb45e77e70cc5bdffa356.jpg,0,1,0,0
Breachteammate00901_jpg.rf.ecde5c19f9686d81c71d1bd3469e9d44.jpg,0,1,0,0
brimteammate00111_jpg.rf.2908cd773ff85c0e1fc09399c26e47fc.jpg,0,1,0,0
teammmate3302041_jpg.rf.b1895d70d6d2655bced01118fca3091d.jpg,0,1,0,0
astraenemy00401_jpg.rf.56cba649f986ceedf556fad87c1490a0.jpg,1,0,0,0
Breachteammate00961_jpg.rf.52c4f78768d2def5476d78babf054c08.jpg,0,1,0,0
astraenemy00541_jpg.rf.50edc8075362464b0a405b96c162c714.jpg,1,0,0,0
viper02391_jpg.rf.f72f2826482403cbd6e99cbf80ac0eb7.jpg,0,1,0,0
viper01891_jpg.rf.67ac3e023bb6da81895785ee07df6fc0.jpg,0,1,0,0
teammmate3300371_jpg.rf.b0471a995cf5d5bc4db7783de6eda1ca.jpg,0,1,0,0
astraenemy00321_jpg.rf.2f6ef5f5057c6fb5d3dfc9367d7de3f4.jpg,1,0,0,0
teammmate3301491_jpg.rf.daf2b258446e656627ef9fd568be202e.jpg,0,1,0,0
brimenemy00511_jpg.rf.c15c1f090464688f750b5cecf9f431b1.jpg,1,0,0,0
Jett01961_jpg.rf.e114c5497ac93369fb63b483fafa8934.jpg,0,1,0,0
Breachteammate00851_jpg.rf.816fefde8ceaf47db0688bcba565a671.jpg,0,1,0,0
kayo01501_jpg.rf.08158b190d32c6b489b395a3d4f70203.jpg,0,1,0,0
yoru02321_jpg.rf.469c334caa90d7ec1235e014186541c8.jpg,0,1,0,0
yoru00721_jpg.rf.a301c0118134707e68ff34b7e91b4316.jpg,1,0,0,0
viper02911_jpg.rf.6121ab4ab76fe2081dfa578cfd4f3691.jpg,0,1,0,0
Jett01811_jpg.rf.aa19bfa3257e78cd5b933ee1b73bb0ab.jpg,0,1,0,0
viper02321_jpg.rf.a713cb4be02eededea54bff8378c2ae8.jpg,0,1,0,0
Jett00631_jpg.rf.4eb9a85ec2b8ec4d7e5c3c50db114b70.jpg,1,0,0,0
viper02951_jpg.rf.56b98fb3b3748d9b11366dc147eb1601.jpg,0,1,0,0
fade00711_jpg.rf.5b8f0525d9725d49286466a99db17306.jpg,1,0,0,0
teammmate3302611_jpg.rf.a27aed05bf06dedf004844dd7af414cb.jpg,0,1,0,0
yoru02161_jpg.rf.d2b961c824e2b8f965fec14cc2d1165c.jpg,0,1,0,0
kayo00881_jpg.rf.e60036a00852de1bdf536eb5c7b21b3d.jpg,1,0,0,0
viper02191_jpg.rf.0ce467c32bca40905b56dc92debad4b6.jpg,0,1,0,0
astrateammate00781_jpg.rf.25d319ae30cf651591f5792c1ffbb9e3.jpg,0,1,0,0
yoru02301_jpg.rf.3304b239a4b865659143905af2c4f756.jpg,0,1,0,0
viper01731_jpg.rf.d28640a766747e5aa56ce2c2b0c89c99.jpg,0,1,0,0
cypher02361_jpg.rf.661e1814381bbca8945cc0e81c10bdce.jpg,0,1,0,0
dm13616_jpg.rf.33cab6f20a1350470e199c42f00072a2.jpg,1,0,0,0
brimenemy00601_jpg.rf.4c4d33b95a55d1d2808d6696007d94cf.jpg,1,0,0,0
yoru02141_jpg.rf.789c9d7f5efcd2770f278720fe1c3b12.jpg,0,1,0,0
raze00361_jpg.rf.ac8acc7928e910d9f467944c553a2cbd.jpg,1,0,0,0
astraenemy00421_jpg.rf.bf7fa0b3ef4a6c025f1995566b03eb09.jpg,1,0,0,0
killjoy00191_jpg.rf.d9c76d5d7aa275aa5b431aa54ea16560.jpg,1,0,0,0
fade00351_jpg.rf.a0047842c4f895dab19a359a23ffd612.jpg,1,0,0,0
fade00241_jpg.rf.cdd575dab00f556126b054524732a3d7.jpg,1,0,0,0
fade01721_jpg.rf.3c03d0f08a7cc4f70c1544e3f01012de.jpg,0,1,0,0
fade01151_jpg.rf.36c95c6c0819daf75d5e26d14144a963.jpg,1,0,0,0
chamberteammate00451_jpg.rf.8eee6e9ab07e6413c8093565231c3e7b.jpg,0,1,0,0
fade00361_jpg.rf.618a65c3533968d06d7531d249cd2160.jpg,1,0,0,0
yoru00751_jpg.rf.2bf1de7c4b3c5437bd658477e35441b2.jpg,1,0,0,0
yoru00831_jpg.rf.0cd6badc25feee088a939314504a3dd4.jpg,1,0,0,0
kayo01831_jpg.rf.9e3710aa1dfe1eff48a8ac04b4f93b8e.jpg,0,1,0,0
sage02051_jpg.rf.b79bf5b9e88747ef2ab192edb5dcb3cb.jpg,0,1,0,0
ennemy201681_jpg.rf.6b3f1bea1a64681238de941a64cf63d1.jpg,1,0,0,0
scena00701_jpg.rf.c4867bf0afc6fa45f1e2eacea9498b71.jpg,0,0,0,1
cypher00511_jpg.rf.c1ca71508f19aa17b71773490ff97bfc.jpg,1,0,0,0
fade02121_jpg.rf.13dd6eb2ff5ea26625635e45116e5f2d.jpg,0,1,0,0
brimenemy00611_jpg.rf.86f86e8dd329bd6fe868fc4ebc205b1b.jpg,1,0,0,0
raze00601_jpg.rf.2ecfa2588d491036e1d3feb60623edf6.jpg,1,0,0,0
fade02741_jpg.rf.024bbdb583c3d416c8e5c691a59c6b3b.jpg,0,1,0,0
reyna00061_jpg.rf.524c43420e2021ecddab26d74c842e67.jpg,1,0,0,0
cypher02341_jpg.rf.029485a1e1686610dd2b733b20db1a9d.jpg,0,1,0,0
astraenemy00411_jpg.rf.670c3763bb9615cf62fceacea6251441.jpg,1,0,0,0
ennemy201811_jpg.rf.013abad59267302ba6c9f9dc3a71689b.jpg,1,0,0,0
scena00691_jpg.rf.92362caa2260835a8f364650ddc06454.jpg,0,0,0,1
astraenemy00371_jpg.rf.3ff02114b7dd9a0de91c498fe13bcb26.jpg,1,0,0,0
Jett02001_jpg.rf.204125507c93e5984ac6d2501ba3420f.jpg,0,1,0,0
ennemy202061_jpg.rf.53fbbe8a7c11ac59bcb2ae9eec74b482.jpg,1,0,0,0
sova00371_jpg.rf.852a51b5f44f61f3ea31a1c441ace156.jpg,1,0,0,0
fade02081_jpg.rf.df9103bd8141d79183b5be15090a6a4e.jpg,0,1,0,0
kayo01981_jpg.rf.6a31b04c0ad92992f9b89404021ea276.jpg,0,1,0,0
fade00041_jpg.rf.e99103689bb824763e0dbb3a25a76460.jpg,1,0,0,0
astrateammate00801_jpg.rf.ab997ad9ecffb3e977680d2a452b3c2d.jpg,0,1,0,0
cypher00081_jpg.rf.828ba777c56d7ecac364defb647f82d9.jpg,1,0,0,0
skye02771_jpg.rf.6cc4f5687ddbf93f9ef4f8044aaf8c1b.jpg,0,1,0,0
cypher00981_jpg.rf.e45318d34abac6beb85a8fb7fc9e80e7.jpg,1,0,0,0
raze00631_jpg.rf.f73fd794badb0cc766b2fc091be73cd2.jpg,1,0,0,0
brimteammate00171_jpg.rf.11a2cf691f80ed60e5a83e4fe7c9d061.jpg,0,1,0,0
Jett01451_jpg.rf.f25706e51f8112ebb39e4191e92554a4.jpg,0,1,0,0
fade02131_jpg.rf.ae88d30370c0359838330972ea574717.jpg,0,1,0,0
reyna02081_jpg.rf.fa99ec2bd7f8a317a5481a5cdedbbf2f.jpg,0,1,0,0
ennemy201591_jpg.rf.e953b5018e4851efffa8149aec79ff00.jpg,1,0,0,0
ennemy201611_jpg.rf.cc307163c7a4cc670aa43bbe1b708554.jpg,1,0,0,0
defuser00241_jpg.rf.cd2585d35f390bd94199b8e6a7f154af.jpg,1,0,1,0
defuser00041_jpg.rf.b36e57ad27846f9d48aa70929ac2ec5e.jpg,0,0,1,0
cypher00501_jpg.rf.e8aa83e09fb912754717033f37b7036c.jpg,1,0,0,0
teammmate3301051_jpg.rf.7291431bb8f2a08605e7daa4f208ecb6.jpg,0,1,0,0
sage02511_jpg.rf.bdbec6f96913ace3c769c8c8029d1adc.jpg,0,1,0,0
sage02541_jpg.rf.cfc64c9e11ba6f2368ab97844fa57a35.jpg,0,1,0,0
ennemy201891_jpg.rf.eb0fc5dfe84c64925c3ce112b4149155.jpg,1,0,0,0
ennemy00801_jpg.rf.b514bb61cea27eb6cbb88b1c6240c0cd.jpg,1,0,0,0
scena01191_jpg.rf.2a4452f3a88674430cc2fe2edffd44ee.jpg,0,0,0,1
raze00041_jpg.rf.398896dd899e935548ba28ef56d455e6.jpg,1,0,0,0
skye02801_jpg.rf.a0abdce8ff848c1eba4c98ab73066ba0.jpg,0,1,0,0
ennemy00961_jpg.rf.70173b7e069a5f06ea96323db2d641b6.jpg,1,0,0,0
ennemy200081_jpg.rf.89cbb5c24fd24f24915035c4811108b4.jpg,1,0,0,0
astrateammate00731_jpg.rf.de23a071e13101ef377ef5f47b462bf1.jpg,0,1,0,0
fade01261_jpg.rf.b18381984d4bbd2958c642f11bdee83b.jpg,1,0,0,0
brimteammate00181_jpg.rf.377012e9dea04f8b8225d6cf5b5bb81f.jpg,0,1,0,0